cell,key,task,run_num,action,timestamp,resolved,reason,result_file,already_reevaluated_20260911,model_tag
d05__b10k__ss,django__django-12304__structured-summarize__r3,django__django-12304,3,evaluate_only,2026-08-24T02:15:18.722101,False,prediction_patch_mismatch_missing_internal_report,ICLR_results/swebench/main/qwen35b/d05__b10k__ss/experiment_results.json,False,qwen35-a3b
d05__b10k__ss-partial,django__django-13809__structured-summarize-partial__r3,django__django-13809,3,evaluate_only,2026-08-24T02:29:23.538575,True,prediction_patch_mismatch_missing_internal_report,ICLR_results/swebench/main/qwen35b/d05__b10k__ss-partial/experiment_results.json,False,qwen35-a3b
d05__b10k__su-full,scikit-learn__scikit-learn-14141__summarization__r3,scikit-learn__scikit-learn-14141,3,evaluate_only,2026-08-24T06:58:17.806555,True,prediction_patch_mismatch_missing_internal_report,ICLR_results/swebench/main/qwen35b/d05__b10k__su-full/experiment_results.json,False,qwen35-a3b
d05__b10k__su-full,scikit-learn__scikit-learn-14496__summarization__r2,scikit-learn__scikit-learn-14496,2,evaluate_only,2026-04-20T22:48:37.903185,False,legacy_evaluation_error_missing_log,ICLR_results/swebench/main/qwen35b/d05__b10k__su-full/experiment_results.json,True,qwen35-a3b
d05__b10k__su-full,sympy__sympy-15349__summarization__r3,sympy__sympy-15349,3,evaluate_only,2026-08-24T04:49:42.838924,True,prediction_patch_mismatch_missing_internal_report,ICLR_results/swebench/main/qwen35b/d05__b10k__su-full/experiment_results.json,False,qwen35-a3b
d05__b10k__su-partial,sympy__sympy-16450__summarization-partial__r3,sympy__sympy-16450,3,evaluate_only,2026-08-24T05:02:40.473134,True,prediction_patch_mismatch_missing_internal_report,ICLR_results/swebench/main/qwen35b/d05__b10k__su-partial/experiment_results.json,False,qwen35-a3b
d05__b10k__tr,django__django-12304__truncation__r3,django__django-12304,3,evaluate_only,2026-08-24T02:13:46.229575,True,prediction_patch_mismatch_missing_internal_report,ICLR_results/swebench/main/qwen35b/d05__b10k__tr/experiment_results.json,False,qwen35-a3b
d05__b10k__tr,django__django-13809__truncation__r3,django__django-13809,3,evaluate_only,2026-08-24T02:28:38.204417,False,prediction_patch_mismatch_missing_internal_report,ICLR_results/swebench/main/qwen35b/d05__b10k__tr/experiment_results.json,False,qwen35-a3b
d05__b10k__tr,scikit-learn__scikit-learn-13135__truncation__r3,scikit-learn__scikit-learn-13135,3,evaluate_only,2026-08-24T06:26:30.414841,True,prediction_patch_mismatch_missing_internal_report,ICLR_results/swebench/main/qwen35b/d05__b10k__tr/experiment_results.json,False,qwen35-a3b
d05__b10k__tr,scikit-learn__scikit-learn-14141__truncation__r3,scikit-learn__scikit-learn-14141,3,evaluate_only,2026-08-24T06:56:54.300440,True,prediction_patch_mismatch_missing_internal_report,ICLR_results/swebench/main/qwen35b/d05__b10k__tr/experiment_results.json,False,qwen35-a3b
d05__b10k__tr,scikit-learn__scikit-learn-14710__truncation__r1,scikit-learn__scikit-learn-14710,1,evaluate_only,2026-05-02T02:17:28.944184,False,legacy_evaluation_error_missing_log,ICLR_results/swebench/main/qwen35b/d05__b10k__tr/experiment_results.json,True,qwen35-a3b
d05__b10k__tr,scikit-learn__scikit-learn-15100__truncation__r1,scikit-learn__scikit-learn-15100,1,evaluate_only,2026-04-20T22:51:27.062343,False,legacy_evaluation_error_missing_log,ICLR_results/swebench/main/qwen35b/d05__b10k__tr/experiment_results.json,True,qwen35-a3b
d05__b10k__tr,sympy__sympy-13798__truncation__r3,sympy__sympy-13798,3,evaluate_only,2026-08-24T04:22:19.689658,False,prediction_patch_mismatch_missing_internal_report,ICLR_results/swebench/main/qwen35b/d05__b10k__tr/experiment_results.json,False,qwen35-a3b
d05__b10k__tr,sympy__sympy-16450__truncation__r3,sympy__sympy-16450,3,evaluate_only,2026-08-24T04:57:24.948337,True,prediction_patch_mismatch_missing_internal_report,ICLR_results/swebench/main/qwen35b/d05__b10k__tr/experiment_results.json,False,qwen35-a3b
d05__b10k__tr,sympy__sympy-17139__truncation__r3,sympy__sympy-17139,3,evaluate_only,2026-08-24T05:00:56.125407,False,prediction_patch_mismatch_missing_internal_report,ICLR_results/swebench/main/qwen35b/d05__b10k__tr/experiment_results.json,False,qwen35-a3b
d05__b15k__ss,scikit-learn__scikit-learn-14141__structured-summarize__r2,scikit-learn__scikit-learn-14141,2,evaluate_only,2026-04-30T23:42:18.990924,False,legacy_evaluation_error_missing_log,ICLR_results/swebench/main/qwen35b/d05__b15k__ss/experiment_results.json,True,qwen35-a3b
d05__b15k__ss,scikit-learn__scikit-learn-14496__structured-summarize__r2,scikit-learn__scikit-learn-14496,2,evaluate_only,2026-04-09T00:39:57.640995,False,legacy_evaluation_reports_missing,ICLR_results/swebench/main/qwen35b/d05__b15k__ss/experiment_results.json,False,qwen35-a3b
d05__b15k__ss,scikit-learn__scikit-learn-14710__structured-summarize__r1,scikit-learn__scikit-learn-14710,1,evaluate_only,2026-05-01T00:02:28.376029,False,legacy_evaluation_error_missing_log,ICLR_results/swebench/main/qwen35b/d05__b15k__ss/experiment_results.json,True,qwen35-a3b
d05__b15k__ss,scikit-learn__scikit-learn-14710__structured-summarize__r3,scikit-learn__scikit-learn-14710,3,evaluate_only,2026-08-23T22:55:50.907437,False,legacy_evaluation_error_missing_log,ICLR_results/swebench/main/qwen35b/d05__b15k__ss/experiment_results.json,True,qwen35-a3b
d05__b15k__ss,scikit-learn__scikit-learn-14983__structured-summarize__r1,scikit-learn__scikit-learn-14983,1,evaluate_only,2026-05-01T00:18:48.862073,False,legacy_evaluation_error_missing_log,ICLR_results/swebench/main/qwen35b/d05__b15k__ss/experiment_results.json,True,qwen35-a3b
d05__b15k__ss,scikit-learn__scikit-learn-15100__structured-summarize__r1,scikit-learn__scikit-learn-15100,1,evaluate_only,2026-04-09T01:05:48.922532,False,legacy_evaluation_reports_missing,ICLR_results/swebench/main/qwen35b/d05__b15k__ss/experiment_results.json,False,qwen35-a3b
d05__b15k__ss,scikit-learn__scikit-learn-15100__structured-summarize__r2,scikit-learn__scikit-learn-15100,2,evaluate_only,2026-04-09T01:06:20.568648,False,legacy_evaluation_reports_missing,ICLR_results/swebench/main/qwen35b/d05__b15k__ss/experiment_results.json,False,qwen35-a3b
d05__b15k__ss,sympy__sympy-15017__structured-summarize__r1,sympy__sympy-15017,1,evaluate_only,2026-04-08T22:08:25.588351,False,legacy_evaluation_reports_missing,ICLR_results/swebench/main/qwen35b/d05__b15k__ss/experiment_results.json,False,qwen35-a3b
d05__b15k__ss,sympy__sympy-15017__structured-summarize__r2,sympy__sympy-15017,2,evaluate_only,2026-04-08T22:15:42.821553,False,legacy_evaluation_reports_missing,ICLR_results/swebench/main/qwen35b/d05__b15k__ss/experiment_results.json,False,qwen35-a3b
d05__b15k__ss,sympy__sympy-17139__structured-summarize__r3,sympy__sympy-17139,3,evaluate_only,2026-08-23T20:58:37.438308,False,prediction_patch_mismatch_missing_internal_report,ICLR_results/swebench/main/qwen35b/d05__b15k__ss/experiment_results.json,False,qwen35-a3b
d05__b15k__ss,sympy__sympy-19637__structured-summarize__r1,sympy__sympy-19637,1,evaluate_only,2026-04-08T22:53:53.494830,False,legacy_evaluation_reports_missing,ICLR_results/swebench/main/qwen35b/d05__b15k__ss/experiment_results.json,False,qwen35-a3b
d05__b15k__ss,sympy__sympy-19637__structured-summarize__r2,sympy__sympy-19637,2,evaluate_only,2026-04-08T22:54:26.043615,False,legacy_evaluation_reports_missing,ICLR_results/swebench/main/qwen35b/d05__b15k__ss/experiment_results.json,False,qwen35-a3b
d05__b15k__ss,sympy__sympy-24443__structured-summarize__r2,sympy__sympy-24443,2,evaluate_only,2026-04-08T23:31:42.762030,False,legacy_evaluation_reports_missing,ICLR_results/swebench/main/qwen35b/d05__b15k__ss/experiment_results.json,False,qwen35-a3b
d05__b15k__ss-partial,scikit-learn__scikit-learn-14141__structured-summarize-partial__r1,scikit-learn__scikit-learn-14141,1,evaluate_only,2026-04-30T23:43:50.499410,False,legacy_evaluation_error_missing_log,ICLR_results/swebench/main/qwen35b/d05__b15k__ss-partial/experiment_results.json,True,qwen35-a3b
d05__b15k__ss-partial,scikit-learn__scikit-learn-14141__structured-summarize-partial__r2,scikit-learn__scikit-learn-14141,2,evaluate_only,2026-04-30T23:44:01.018204,False,legacy_evaluation_error_missing_log,ICLR_results/swebench/main/qwen35b/d05__b15k__ss-partial/experiment_results.json,True,qwen35-a3b
d05__b15k__ss-partial,scikit-learn__scikit-learn-14894__structured-summarize-partial__r2,scikit-learn__scikit-learn-14894,2,evaluate_only,2026-05-01T00:10:21.534100,False,legacy_evaluation_error_missing_log,ICLR_results/swebench/main/qwen35b/d05__b15k__ss-partial/experiment_results.json,True,qwen35-a3b
d05__b15k__ss-partial,scikit-learn__scikit-learn-14983__structured-summarize-partial__r1,scikit-learn__scikit-learn-14983,1,evaluate_only,2026-05-01T00:15:04.815886,False,legacy_evaluation_error_missing_log,ICLR_results/swebench/main/qwen35b/d05__b15k__ss-partial/experiment_results.json,True,qwen35-a3b
d05__b15k__ss-partial,sympy__sympy-15875__structured-summarize-partial__r1,sympy__sympy-15875,1,evaluate_only,2026-04-30T21:33:33.425196,False,legacy_evaluation_error_missing_log,ICLR_results/swebench/main/qwen35b/d05__b15k__ss-partial/experiment_results.json,True,qwen35-a3b
d05__b15k__su-full,django__django-12304__summarization__r3,django__django-12304,3,evaluate_only,2026-08-23T18:08:08.224519,True,prediction_patch_mismatch_missing_internal_report,ICLR_results/swebench/main/qwen35b/d05__b15k__su-full/experiment_results.json,False,qwen35-a3b
d05__b15k__su-full,django__django-13012__summarization__r1,django__django-13012,1,evaluate_only,2026-03-30T20:00:28.435558,False,legacy_evaluation_reports_missing,ICLR_results/swebench/main/qwen35b/d05__b15k__su-full/experiment_results.json,False,qwen35-a3b
d05__b15k__su-full,django__django-13809__summarization__r2,django__django-13809,2,evaluate_only,2026-04-30T17:36:58.950614,False,legacy_evaluation_error_missing_log,ICLR_results/swebench/main/qwen35b/d05__b15k__su-full/experiment_results.json,True,qwen35-a3b
d05__b15k__su-full,django__django-14915__summarization__r3,django__django-14915,3,evaluate_only,2026-08-25T20:12:36.646857,False,legacy_evaluation_error_missing_log,ICLR_results/swebench/main/qwen35b/d05__b15k__su-full/experiment_results.json,True,qwen35-a3b
d05__b15k__su-full,scikit-learn__scikit-learn-14141__summarization__r2,scikit-learn__scikit-learn-14141,2,evaluate_only,2026-04-30T23:41:14.567905,False,legacy_evaluation_error_missing_log,ICLR_results/swebench/main/qwen35b/d05__b15k__su-full/experiment_results.json,True,qwen35-a3b
d05__b15k__su-full,scikit-learn__scikit-learn-14496__summarization__r1,scikit-learn__scikit-learn-14496,1,evaluate_only,2026-03-31T05:42:59.570476,False,legacy_evaluation_reports_missing,ICLR_results/swebench/main/qwen35b/d05__b15k__su-full/experiment_results.json,False,qwen35-a3b
d05__b15k__su-full,scikit-learn__scikit-learn-14496__summarization__r2,scikit-learn__scikit-learn-14496,2,evaluate_only,2026-03-31T05:43:34.105713,False,legacy_evaluation_reports_missing,ICLR_results/swebench/main/qwen35b/d05__b15k__su-full/experiment_results.json,False,qwen35-a3b
d05__b15k__su-full,scikit-learn__scikit-learn-15100__summarization__r1,scikit-learn__scikit-learn-15100,1,evaluate_only,2026-03-31T06:19:33.176754,False,legacy_evaluation_reports_missing,ICLR_results/swebench/main/qwen35b/d05__b15k__su-full/experiment_results.json,False,qwen35-a3b
d05__b15k__su-full,scikit-learn__scikit-learn-15100__summarization__r2,scikit-learn__scikit-learn-15100,2,evaluate_only,2026-03-31T06:20:00.433051,False,legacy_evaluation_reports_missing,ICLR_results/swebench/main/qwen35b/d05__b15k__su-full/experiment_results.json,False,qwen35-a3b
d05__b15k__su-full,scikit-learn__scikit-learn-26194__summarization__r1,scikit-learn__scikit-learn-26194,1,evaluate_only,2026-05-01T01:03:43.758194,False,legacy_evaluation_error_missing_log,ICLR_results/swebench/main/qwen35b/d05__b15k__su-full/experiment_results.json,True,qwen35-a3b
d05__b15k__su-full,sympy__sympy-13372__summarization__r1,sympy__sympy-13372,1,evaluate_only,2026-03-31T00:12:18.437215,False,legacy_evaluation_error_missing_log,ICLR_results/swebench/main/qwen35b/d05__b15k__su-full/experiment_results.json,True,qwen35-a3b
d05__b15k__su-full,sympy__sympy-15017__summarization__r1,sympy__sympy-15017,1,evaluate_only,2026-03-31T01:21:15.568196,False,legacy_evaluation_reports_missing,ICLR_results/swebench/main/qwen35b/d05__b15k__su-full/experiment_results.json,False,qwen35-a3b
d05__b15k__su-full,sympy__sympy-15017__summarization__r2,sympy__sympy-15017,2,evaluate_only,2026-03-31T01:19:25.405637,False,legacy_evaluation_reports_missing,ICLR_results/swebench/main/qwen35b/d05__b15k__su-full/experiment_results.json,False,qwen35-a3b
d05__b15k__su-full,sympy__sympy-19637__summarization__r1,sympy__sympy-19637,1,evaluate_only,2026-03-31T02:29:47.106538,False,legacy_evaluation_reports_missing,ICLR_results/swebench/main/qwen35b/d05__b15k__su-full/experiment_results.json,False,qwen35-a3b
d05__b15k__su-full,sympy__sympy-19637__summarization__r2,sympy__sympy-19637,2,evaluate_only,2026-03-31T02:30:30.834734,False,legacy_evaluation_reports_missing,ICLR_results/swebench/main/qwen35b/d05__b15k__su-full/experiment_results.json,False,qwen35-a3b
d05__b15k__su-full,sympy__sympy-19954__summarization__r3,sympy__sympy-19954,3,evaluate_only,2026-08-23T21:21:56.371590,True,prediction_patch_mismatch_missing_internal_report,ICLR_results/swebench/main/qwen35b/d05__b15k__su-full/experiment_results.json,False,qwen35-a3b
d05__b15k__su-partial,django__django-15741__summarization-partial__r3,django__django-15741,3,evaluate_only,2026-08-23T19:22:21.124416,True,prediction_patch_mismatch_missing_internal_report,ICLR_results/swebench/main/qwen35b/d05__b15k__su-partial/experiment_results.json,False,qwen35-a3b
d05__b15k__su-partial,scikit-learn__scikit-learn-11578__summarization-partial__r2,scikit-learn__scikit-learn-11578,2,evaluate_only,2026-04-28T17:11:49.057197,False,legacy_evaluation_error_missing_log,ICLR_results/swebench/main/qwen35b/d05__b15k__su-partial/experiment_results.json,True,qwen35-a3b
d05__b15k__su-partial,scikit-learn__scikit-learn-12585__summarization-partial__r3,scikit-learn__scikit-learn-12585,3,evaluate_only,2026-08-23T22:04:32.939466,False,legacy_top_report_verdict_mismatch,ICLR_results/swebench/main/qwen35b/d05__b15k__su-partial/experiment_results.json,False,qwen35-a3b
d05__b15k__su-partial,scikit-learn__scikit-learn-12973__summarization-partial__r3,scikit-learn__scikit-learn-12973,3,evaluate_only,2026-08-23T22:11:39.834570,False,prediction_patch_mismatch_missing_internal_report,ICLR_results/swebench/main/qwen35b/d05__b15k__su-partial/experiment_results.json,False,qwen35-a3b
d05__b15k__su-partial,scikit-learn__scikit-learn-14141__summarization-partial__r1,scikit-learn__scikit-learn-14141,1,evaluate_only,2026-04-30T23:42:26.519246,False,legacy_evaluation_error_missing_log,ICLR_results/swebench/main/qwen35b/d05__b15k__su-partial/experiment_results.json,True,qwen35-a3b
d05__b15k__su-partial,scikit-learn__scikit-learn-14141__summarization-partial__r2,scikit-learn__scikit-learn-14141,2,evaluate_only,2026-04-30T23:42:09.507041,False,legacy_evaluation_error_missing_log,ICLR_results/swebench/main/qwen35b/d05__b15k__su-partial/experiment_results.json,True,qwen35-a3b
d05__b15k__su-partial,scikit-learn__scikit-learn-26194__summarization-partial__r1,scikit-learn__scikit-learn-26194,1,evaluate_only,2026-05-01T01:12:39.814774,False,legacy_evaluation_error_missing_log,ICLR_results/swebench/main/qwen35b/d05__b15k__su-partial/experiment_results.json,True,qwen35-a3b
d05__b15k__su-partial,sympy__sympy-18211__summarization-partial__r3,sympy__sympy-18211,3,evaluate_only,2026-08-23T21:19:36.311259,False,prediction_patch_mismatch_missing_internal_report,ICLR_results/swebench/main/qwen35b/d05__b15k__su-partial/experiment_results.json,False,qwen35-a3b
d05__b15k__tr,django__django-12276__truncation__r3,django__django-12276,3,evaluate_only,2026-08-23T17:58:26.945074,False,legacy_top_report_verdict_mismatch,ICLR_results/swebench/main/qwen35b/d05__b15k__tr/experiment_results.json,False,qwen35-a3b
d05__b15k__tr,django__django-12304__truncation__r3,django__django-12304,3,evaluate_only,2026-08-23T18:03:29.274629,True,prediction_patch_mismatch_missing_internal_report,ICLR_results/swebench/main/qwen35b/d05__b15k__tr/experiment_results.json,False,qwen35-a3b
d05__b15k__tr,django__django-13809__truncation__r3,django__django-13809,3,evaluate_only,2026-08-23T18:15:23.751695,False,legacy_top_report_verdict_mismatch,ICLR_results/swebench/main/qwen35b/d05__b15k__tr/experiment_results.json,False,qwen35-a3b
d05__b15k__tr,django__django-15741__truncation__r2,django__django-15741,2,evaluate_only,2026-04-30T19:12:30.591677,False,legacy_evaluation_error_missing_log,ICLR_results/swebench/main/qwen35b/d05__b15k__tr/experiment_results.json,True,qwen35-a3b
d05__b15k__tr,django__django-15741__truncation__r3,django__django-15741,3,evaluate_only,2026-08-23T19:23:43.333029,True,prediction_patch_mismatch_missing_internal_report,ICLR_results/swebench/main/qwen35b/d05__b15k__tr/experiment_results.json,False,qwen35-a3b
d05__b15k__tr,django__django-16667__truncation__r3,django__django-16667,3,evaluate_only,2026-08-23T19:36:48.795845,False,prediction_patch_mismatch_missing_internal_report,ICLR_results/swebench/main/qwen35b/d05__b15k__tr/experiment_results.json,False,qwen35-a3b
d05__b15k__tr,scikit-learn__scikit-learn-13142__truncation__r3,scikit-learn__scikit-learn-13142,3,evaluate_only,2026-08-23T22:29:42.177479,True,prediction_patch_mismatch_missing_internal_report,ICLR_results/swebench/main/qwen35b/d05__b15k__tr/experiment_results.json,False,qwen35-a3b
d05__b15k__tr,scikit-learn__scikit-learn-13439__truncation__r3,scikit-learn__scikit-learn-13439,3,evaluate_only,2026-08-23T22:29:14.504244,True,prediction_patch_mismatch_missing_internal_report,ICLR_results/swebench/main/qwen35b/d05__b15k__tr/experiment_results.json,False,qwen35-a3b
d05__b15k__tr,scikit-learn__scikit-learn-14141__truncation__r3,scikit-learn__scikit-learn-14141,3,evaluate_only,2026-08-23T22:41:50.233189,True,prediction_patch_mismatch_missing_internal_report,ICLR_results/swebench/main/qwen35b/d05__b15k__tr/experiment_results.json,False,qwen35-a3b
d05__b15k__tr,scikit-learn__scikit-learn-14496__truncation__r1,scikit-learn__scikit-learn-14496,1,evaluate_only,2026-03-31T05:41:36.065651,False,legacy_evaluation_reports_missing,ICLR_results/swebench/main/qwen35b/d05__b15k__tr/experiment_results.json,False,qwen35-a3b
d05__b15k__tr,scikit-learn__scikit-learn-14496__truncation__r2,scikit-learn__scikit-learn-14496,2,evaluate_only,2026-03-31T05:42:49.936717,False,legacy_evaluation_reports_missing,ICLR_results/swebench/main/qwen35b/d05__b15k__tr/experiment_results.json,False,qwen35-a3b
d05__b15k__tr,scikit-learn__scikit-learn-15100__truncation__r1,scikit-learn__scikit-learn-15100,1,evaluate_only,2026-03-31T06:17:29.676366,False,legacy_evaluation_reports_missing,ICLR_results/swebench/main/qwen35b/d05__b15k__tr/experiment_results.json,False,qwen35-a3b
d05__b15k__tr,scikit-learn__scikit-learn-15100__truncation__r2,scikit-learn__scikit-learn-15100,2,evaluate_only,2026-03-31T06:18:54.127498,False,legacy_evaluation_reports_missing,ICLR_results/swebench/main/qwen35b/d05__b15k__tr/experiment_results.json,False,qwen35-a3b
d05__b15k__tr,scikit-learn__scikit-learn-25102__truncation__r2,scikit-learn__scikit-learn-25102,2,evaluate_only,2026-05-01T00:25:12.201523,False,legacy_evaluation_error_missing_log,ICLR_results/swebench/main/qwen35b/d05__b15k__tr/experiment_results.json,True,qwen35-a3b
d05__b15k__tr,scikit-learn__scikit-learn-25232__truncation__r1,scikit-learn__scikit-learn-25232,1,evaluate_only,2026-05-01T00:28:18.116128,False,legacy_evaluation_error_missing_log,ICLR_results/swebench/main/qwen35b/d05__b15k__tr/experiment_results.json,True,qwen35-a3b
d05__b15k__tr,scikit-learn__scikit-learn-25973__truncation__r1,scikit-learn__scikit-learn-25973,1,evaluate_only,2026-05-01T01:03:27.049568,False,legacy_evaluation_error_missing_log,ICLR_results/swebench/main/qwen35b/d05__b15k__tr/experiment_results.json,True,qwen35-a3b
d05__b15k__tr,scikit-learn__scikit-learn-26194__truncation__r2,scikit-learn__scikit-learn-26194,2,evaluate_only,2026-05-01T01:06:24.518857,False,legacy_evaluation_error_missing_log,ICLR_results/swebench/main/qwen35b/d05__b15k__tr/experiment_results.json,True,qwen35-a3b
d05__b15k__tr,scikit-learn__scikit-learn-26323__truncation__r1,scikit-learn__scikit-learn-26323,1,evaluate_only,2026-03-31T07:46:01.948359,False,legacy_evaluation_reports_missing,ICLR_results/swebench/main/qwen35b/d05__b15k__tr/experiment_results.json,False,qwen35-a3b
d05__b15k__tr,scikit-learn__scikit-learn-26323__truncation__r2,scikit-learn__scikit-learn-26323,2,evaluate_only,2026-03-31T07:32:51.002405,False,legacy_evaluation_reports_missing,ICLR_results/swebench/main/qwen35b/d05__b15k__tr/experiment_results.json,False,qwen35-a3b
d05__b15k__tr,sympy__sympy-13031__truncation__r3,sympy__sympy-13031,3,evaluate_only,2026-08-25T20:56:13.515018,False,legacy_evaluation_error_missing_log,ICLR_results/swebench/main/qwen35b/d05__b15k__tr/experiment_results.json,True,qwen35-a3b
d05__b15k__tr,sympy__sympy-13372__truncation__r2,sympy__sympy-13372,2,evaluate_only,2026-03-31T00:11:07.174252,False,legacy_evaluation_error_missing_log,ICLR_results/swebench/main/qwen35b/d05__b15k__tr/experiment_results.json,True,qwen35-a3b
d05__b15k__tr,sympy__sympy-13372__truncation__r3,sympy__sympy-13372,3,evaluate_only,2026-08-23T20:01:40.732011,True,prediction_patch_mismatch_missing_internal_report,ICLR_results/swebench/main/qwen35b/d05__b15k__tr/experiment_results.json,False,qwen35-a3b
d05__b15k__tr,sympy__sympy-13798__truncation__r3,sympy__sympy-13798,3,evaluate_only,2026-08-23T20:20:41.990597,False,prediction_patch_mismatch_missing_internal_report,ICLR_results/swebench/main/qwen35b/d05__b15k__tr/experiment_results.json,False,qwen35-a3b
d05__b15k__tr,sympy__sympy-15017__truncation__r1,sympy__sympy-15017,1,evaluate_only,2026-03-31T01:18:54.558871,False,legacy_evaluation_reports_missing,ICLR_results/swebench/main/qwen35b/d05__b15k__tr/experiment_results.json,False,qwen35-a3b
d05__b15k__tr,sympy__sympy-15017__truncation__r2,sympy__sympy-15017,2,evaluate_only,2026-03-31T01:21:18.725868,False,legacy_evaluation_reports_missing,ICLR_results/swebench/main/qwen35b/d05__b15k__tr/experiment_results.json,False,qwen35-a3b
d05__b15k__tr,sympy__sympy-17139__truncation__r3,sympy__sympy-17139,3,evaluate_only,2026-08-23T20:58:21.772694,False,prediction_patch_mismatch_missing_internal_report,ICLR_results/swebench/main/qwen35b/d05__b15k__tr/experiment_results.json,False,qwen35-a3b
d05__b15k__tr,sympy__sympy-18211__truncation__r3,sympy__sympy-18211,3,evaluate_only,2026-08-23T21:19:13.536133,False,prediction_patch_mismatch_missing_internal_report,ICLR_results/swebench/main/qwen35b/d05__b15k__tr/experiment_results.json,False,qwen35-a3b
d05__b15k__tr,sympy__sympy-19637__truncation__r1,sympy__sympy-19637,1,evaluate_only,2026-03-31T02:28:10.879095,False,legacy_evaluation_reports_missing,ICLR_results/swebench/main/qwen35b/d05__b15k__tr/experiment_results.json,False,qwen35-a3b
d05__b15k__tr,sympy__sympy-19637__truncation__r2,sympy__sympy-19637,2,evaluate_only,2026-03-31T02:28:36.513086,False,legacy_evaluation_reports_missing,ICLR_results/swebench/main/qwen35b/d05__b15k__tr/experiment_results.json,False,qwen35-a3b
d05__b15k__tr,sympy__sympy-24443__truncation__r1,sympy__sympy-24443,1,evaluate_only,2026-03-31T03:34:33.817881,False,legacy_evaluation_reports_missing,ICLR_results/swebench/main/qwen35b/d05__b15k__tr/experiment_results.json,False,qwen35-a3b
d05__b15k__tr,sympy__sympy-24443__truncation__r2,sympy__sympy-24443,2,evaluate_only,2026-03-31T03:36:30.161028,False,legacy_evaluation_reports_missing,ICLR_results/swebench/main/qwen35b/d05__b15k__tr/experiment_results.json,False,qwen35-a3b
d05__b20k__ss,django__django-13809__structured-summarize__r2,django__django-13809,2,evaluate_only,2026-05-06T21:32:05.009584,False,legacy_evaluation_error_missing_log,ICLR_results/swebench/main/qwen35b/d05__b20k__ss/experiment_results.json,True,qwen35-a3b
d05__b20k__ss,scikit-learn__scikit-learn-14710__structured-summarize__r2,scikit-learn__scikit-learn-14710,2,evaluate_only,2026-05-02T22:43:48.762693,False,legacy_evaluation_error_missing_log,ICLR_results/swebench/main/qwen35b/d05__b20k__ss/experiment_results.json,True,qwen35-a3b
d05__b20k__ss,scikit-learn__scikit-learn-14983__structured-summarize__r3,scikit-learn__scikit-learn-14983,3,evaluate_only,2026-08-24T15:40:24.640128,False,prediction_patch_mismatch_missing_internal_report,ICLR_results/swebench/main/qwen35b/d05__b20k__ss/experiment_results.json,False,qwen35-a3b
d05__b20k__ss-partial,django__django-11095__structured-summarize-partial__r2,django__django-11095,2,evaluate_only,2026-05-02T19:25:45.301212,False,legacy_evaluation_error_missing_log,ICLR_results/swebench/main/qwen35b/d05__b20k__ss-partial/experiment_results.json,True,qwen35-a3b
d05__b20k__ss-partial,django__django-15741__structured-summarize-partial__r2,django__django-15741,2,evaluate_only,2026-05-06T22:45:08.541450,False,legacy_evaluation_error_missing_log,ICLR_results/swebench/main/qwen35b/d05__b20k__ss-partial/experiment_results.json,True,qwen35-a3b
d05__b20k__ss-partial,scikit-learn__scikit-learn-14710__structured-summarize-partial__r1,scikit-learn__scikit-learn-14710,1,evaluate_only,2026-05-02T22:46:46.979942,False,legacy_evaluation_error_missing_log,ICLR_results/swebench/main/qwen35b/d05__b20k__ss-partial/experiment_results.json,True,qwen35-a3b
d05__b20k__ss-partial,sympy__sympy-13372__structured-summarize-partial__r3,sympy__sympy-13372,3,evaluate_only,2026-08-24T12:22:31.169706,False,legacy_top_report_verdict_mismatch,ICLR_results/swebench/main/qwen35b/d05__b20k__ss-partial/experiment_results.json,False,qwen35-a3b
d05__b20k__ss-partial,sympy__sympy-15349__structured-summarize-partial__r3,sympy__sympy-15349,3,evaluate_only,2026-08-24T13:05:29.079306,False,legacy_top_report_verdict_mismatch,ICLR_results/swebench/main/qwen35b/d05__b20k__ss-partial/experiment_results.json,False,qwen35-a3b
d05__b20k__su-full,django__django-12143__summarization__r3,django__django-12143,3,evaluate_only,2026-08-24T10:07:57.961585,False,legacy_top_report_verdict_mismatch,ICLR_results/swebench/main/qwen35b/d05__b20k__su-full/experiment_results.json,False,qwen35-a3b
d05__b20k__su-full,django__django-12273__summarization__r2,django__django-12273,2,evaluate_only,2026-04-21T01:31:02.846623,False,legacy_evaluation_error_missing_log,ICLR_results/swebench/main/qwen35b/d05__b20k__su-full/experiment_results.json,True,qwen35-a3b
d05__b20k__su-full,scikit-learn__scikit-learn-13496__summarization__r2,scikit-learn__scikit-learn-13496,2,evaluate_only,2026-05-06T23:31:59.530939,False,legacy_evaluation_error_missing_log,ICLR_results/swebench/main/qwen35b/d05__b20k__su-full/experiment_results.json,True,qwen35-a3b
d05__b20k__su-full,scikit-learn__scikit-learn-13496__summarization__r3,scikit-learn__scikit-learn-13496,3,evaluate_only,2026-08-24T15:04:58.652659,True,prediction_patch_mismatch_missing_internal_report,ICLR_results/swebench/main/qwen35b/d05__b20k__su-full/experiment_results.json,False,qwen35-a3b
d05__b20k__su-full,scikit-learn__scikit-learn-14141__summarization__r3,scikit-learn__scikit-learn-14141,3,evaluate_only,2026-08-24T15:13:55.164710,True,prediction_patch_mismatch_missing_internal_report,ICLR_results/swebench/main/qwen35b/d05__b20k__su-full/experiment_results.json,False,qwen35-a3b
d05__b20k__su-full,scikit-learn__scikit-learn-14710__summarization__r2,scikit-learn__scikit-learn-14710,2,evaluate_only,2026-05-02T22:40:32.392758,False,legacy_evaluation_error_missing_log,ICLR_results/swebench/main/qwen35b/d05__b20k__su-full/experiment_results.json,True,qwen35-a3b
d05__b20k__su-full,scikit-learn__scikit-learn-25232__summarization__r3,scikit-learn__scikit-learn-25232,3,evaluate_only,2026-08-24T15:53:35.405658,True,prediction_patch_mismatch_missing_internal_report,ICLR_results/swebench/main/qwen35b/d05__b20k__su-full/experiment_results.json,False,qwen35-a3b
d05__b20k__su-full,sympy__sympy-13647__summarization__r3,sympy__sympy-13647,3,evaluate_only,2026-08-24T12:38:01.006873,True,prediction_patch_mismatch_missing_internal_report,ICLR_results/swebench/main/qwen35b/d05__b20k__su-full/experiment_results.json,False,qwen35-a3b
d05__b20k__su-full,sympy__sympy-18211__summarization__r3,sympy__sympy-18211,3,evaluate_only,2026-08-24T13:40:25.949145,True,prediction_patch_mismatch_missing_internal_report,ICLR_results/swebench/main/qwen35b/d05__b20k__su-full/experiment_results.json,False,qwen35-a3b
d05__b20k__su-full,sympy__sympy-19954__summarization__r3,sympy__sympy-19954,3,evaluate_only,2026-08-24T13:46:33.100692,True,prediction_patch_mismatch_missing_internal_report,ICLR_results/swebench/main/qwen35b/d05__b20k__su-full/experiment_results.json,False,qwen35-a3b
d05__b20k__su-partial,django__django-11095__summarization-partial__r2,django__django-11095,2,evaluate_only,2026-05-06T20:52:38.066407,False,legacy_evaluation_error_missing_log,ICLR_results/swebench/main/qwen35b/d05__b20k__su-partial/experiment_results.json,True,qwen35-a3b
d05__b20k__su-partial,scikit-learn__scikit-learn-13496__summarization-partial__r3,scikit-learn__scikit-learn-13496,3,evaluate_only,2026-08-24T15:08:16.986296,True,prediction_patch_mismatch_missing_internal_report,ICLR_results/swebench/main/qwen35b/d05__b20k__su-partial/experiment_results.json,False,qwen35-a3b
d05__b20k__su-partial,scikit-learn__scikit-learn-14053__summarization-partial__r3,scikit-learn__scikit-learn-14053,3,evaluate_only,2026-08-24T15:15:04.623147,True,prediction_patch_mismatch_missing_internal_report,ICLR_results/swebench/main/qwen35b/d05__b20k__su-partial/experiment_results.json,False,qwen35-a3b
d05__b20k__su-partial,scikit-learn__scikit-learn-14710__summarization-partial__r2,scikit-learn__scikit-learn-14710,2,evaluate_only,2026-05-02T22:41:42.562358,False,legacy_evaluation_error_missing_log,ICLR_results/swebench/main/qwen35b/d05__b20k__su-partial/experiment_results.json,True,qwen35-a3b
d05__b20k__su-partial,scikit-learn__scikit-learn-14710__summarization-partial__r3,scikit-learn__scikit-learn-14710,3,evaluate_only,2026-08-24T15:41:06.552403,False,legacy_evaluation_error_missing_log,ICLR_results/swebench/main/qwen35b/d05__b20k__su-partial/experiment_results.json,True,qwen35-a3b
d05__b20k__su-partial,scikit-learn__scikit-learn-14983__summarization-partial__r3,scikit-learn__scikit-learn-14983,3,evaluate_only,2026-08-24T15:47:30.914460,False,prediction_patch_mismatch_missing_internal_report,ICLR_results/swebench/main/qwen35b/d05__b20k__su-partial/experiment_results.json,False,qwen35-a3b
d05__b20k__su-partial,sympy__sympy-13372__summarization-partial__r3,sympy__sympy-13372,3,evaluate_only,2026-08-24T12:19:24.721888,False,legacy_top_report_verdict_mismatch,ICLR_results/swebench/main/qwen35b/d05__b20k__su-partial/experiment_results.json,False,qwen35-a3b
d05__b20k__su-partial,sympy__sympy-17139__summarization-partial__r3,sympy__sympy-17139,3,evaluate_only,2026-08-24T13:15:45.300919,False,prediction_patch_mismatch_missing_internal_report,ICLR_results/swebench/main/qwen35b/d05__b20k__su-partial/experiment_results.json,False,qwen35-a3b
d05__b20k__tr,django__django-12276__truncation__r1,django__django-12276,1,evaluate_only,2026-05-06T20:55:06.495439,False,legacy_evaluation_error_missing_log,ICLR_results/swebench/main/qwen35b/d05__b20k__tr/experiment_results.json,True,qwen35-a3b
d05__b20k__tr,django__django-12304__truncation__r3,django__django-12304,3,evaluate_only,2026-08-24T10:23:09.909613,True,prediction_patch_mismatch_missing_internal_report,ICLR_results/swebench/main/qwen35b/d05__b20k__tr/experiment_results.json,False,qwen35-a3b
d05__b20k__tr,django__django-13810__truncation__r1,django__django-13810,1,evaluate_only,2026-05-06T21:30:30.702985,False,legacy_evaluation_error_missing_log,ICLR_results/swebench/main/qwen35b/d05__b20k__tr/experiment_results.json,True,qwen35-a3b
d05__b20k__tr,scikit-learn__scikit-learn-10297__truncation__r1,scikit-learn__scikit-learn-10297,1,evaluate_only,2026-04-21T02:21:56.197970,False,legacy_evaluation_error_missing_log,ICLR_results/swebench/main/qwen35b/d05__b20k__tr/experiment_results.json,True,qwen35-a3b
d05__b20k__tr,scikit-learn__scikit-learn-12973__truncation__r3,scikit-learn__scikit-learn-12973,3,evaluate_only,2026-08-24T14:40:36.842520,False,prediction_patch_mismatch_missing_internal_report,ICLR_results/swebench/main/qwen35b/d05__b20k__tr/experiment_results.json,False,qwen35-a3b
d05__b20k__tr,scikit-learn__scikit-learn-13135__truncation__r3,scikit-learn__scikit-learn-13135,3,evaluate_only,2026-08-24T14:55:17.470201,True,prediction_patch_mismatch_missing_internal_report,ICLR_results/swebench/main/qwen35b/d05__b20k__tr/experiment_results.json,False,qwen35-a3b
d05__b20k__tr,scikit-learn__scikit-learn-13142__truncation__r3,scikit-learn__scikit-learn-13142,3,evaluate_only,2026-08-24T15:00:38.232930,True,prediction_patch_mismatch_missing_internal_report,ICLR_results/swebench/main/qwen35b/d05__b20k__tr/experiment_results.json,False,qwen35-a3b
d05__b20k__tr,scikit-learn__scikit-learn-14141__truncation__r3,scikit-learn__scikit-learn-14141,3,evaluate_only,2026-08-24T15:12:54.134237,True,prediction_patch_mismatch_missing_internal_report,ICLR_results/swebench/main/qwen35b/d05__b20k__tr/experiment_results.json,False,qwen35-a3b
d05__b20k__tr,scikit-learn__scikit-learn-14710__truncation__r1,scikit-learn__scikit-learn-14710,1,evaluate_only,2026-05-02T22:43:27.660244,False,legacy_evaluation_error_missing_log,ICLR_results/swebench/main/qwen35b/d05__b20k__tr/experiment_results.json,True,qwen35-a3b
d05__b20k__tr,scikit-learn__scikit-learn-14710__truncation__r2,scikit-learn__scikit-learn-14710,2,evaluate_only,2026-05-02T22:37:58.994128,False,legacy_evaluation_error_missing_log,ICLR_results/swebench/main/qwen35b/d05__b20k__tr/experiment_results.json,True,qwen35-a3b
d05__b20k__tr,scikit-learn__scikit-learn-14710__truncation__r3,scikit-learn__scikit-learn-14710,3,evaluate_only,2026-08-24T15:31:48.795336,False,legacy_evaluation_error_missing_log,ICLR_results/swebench/main/qwen35b/d05__b20k__tr/experiment_results.json,True,qwen35-a3b
d05__b20k__tr,scikit-learn__scikit-learn-14894__truncation__r3,scikit-learn__scikit-learn-14894,3,evaluate_only,2026-08-24T15:33:19.739839,True,prediction_patch_mismatch_missing_internal_report,ICLR_results/swebench/main/qwen35b/d05__b20k__tr/experiment_results.json,False,qwen35-a3b
d05__b20k__tr,scikit-learn__scikit-learn-26323__truncation__r2,scikit-learn__scikit-learn-26323,2,evaluate_only,2026-04-21T03:05:47.364849,False,legacy_evaluation_error_missing_log,ICLR_results/swebench/main/qwen35b/d05__b20k__tr/experiment_results.json,True,qwen35-a3b
d05__b20k__tr,sympy__sympy-24661__truncation__r3,sympy__sympy-24661,3,evaluate_only,2026-08-24T14:18:43.155941,True,prediction_patch_mismatch_missing_internal_report,ICLR_results/swebench/main/qwen35b/d05__b20k__tr/experiment_results.json,False,qwen35-a3b
di__b10k__otrc-su-partial,scikit-learn__scikit-learn-14710__otrc-su-partial__r1,scikit-learn__scikit-learn-14710,1,evaluate_only,2026-05-05T02:02:51.343203,False,legacy_evaluation_error_missing_log,ICLR_results/swebench/main/qwen35b/di__b10k__otrc-su-partial/experiment_results.json,True,qwen35-a3b
di__b10k__otrc-su-partial,scikit-learn__scikit-learn-14710__otrc-su-partial__r2,scikit-learn__scikit-learn-14710,2,evaluate_only,2026-05-05T02:05:04.019582,False,legacy_evaluation_error_missing_log,ICLR_results/swebench/main/qwen35b/di__b10k__otrc-su-partial/experiment_results.json,True,qwen35-a3b
di__b10k__otrc-tr,scikit-learn__scikit-learn-14710__otrc-tr__r2,scikit-learn__scikit-learn-14710,2,evaluate_only,2026-05-05T02:03:21.006414,False,legacy_evaluation_error_missing_log,ICLR_results/swebench/main/qwen35b/di__b10k__otrc-tr/experiment_results.json,True,qwen35-a3b
di__b10k__otrc-tr,scikit-learn__scikit-learn-14710__otrc-tr__r3,scikit-learn__scikit-learn-14710,3,evaluate_only,2026-08-27T08:51:51.385219,False,legacy_evaluation_error_missing_log,ICLR_results/swebench/main/qwen35b/di__b10k__otrc-tr/experiment_results.json,True,qwen35-a3b
di__b10k__otrc-tr,scikit-learn__scikit-learn-14894__otrc-tr__r1,scikit-learn__scikit-learn-14894,1,evaluate_only,2026-05-05T02:05:28.973372,False,legacy_evaluation_error_missing_log,ICLR_results/swebench/main/qwen35b/di__b10k__otrc-tr/experiment_results.json,True,qwen35-a3b
di__b10k__trc,django__django-11292__tool-result-clear__r2,django__django-11292,2,evaluate_only,2026-04-20T20:37:04.161685,False,legacy_evaluation_error_missing_log,ICLR_results/swebench/main/qwen35b/di__b10k__trc/experiment_results.json,True,qwen35-a3b
di__b10k__trc,scikit-learn__scikit-learn-14710__tool-result-clear__r1,scikit-learn__scikit-learn-14710,1,evaluate_only,2026-05-03T20:12:59.204542,False,legacy_evaluation_error_missing_log,ICLR_results/swebench/main/qwen35b/di__b10k__trc/experiment_results.json,True,qwen35-a3b
di__b10k__trc,scikit-learn__scikit-learn-14710__tool-result-clear__r2,scikit-learn__scikit-learn-14710,2,evaluate_only,2026-05-03T20:19:59.491901,False,legacy_evaluation_error_missing_log,ICLR_results/swebench/main/qwen35b/di__b10k__trc/experiment_results.json,True,qwen35-a3b
di__b10k__trc,scikit-learn__scikit-learn-14710__tool-result-clear__r3,scikit-learn__scikit-learn-14710,3,evaluate_only,2026-08-27T04:29:25.211144,False,legacy_evaluation_error_missing_log,ICLR_results/swebench/main/qwen35b/di__b10k__trc/experiment_results.json,True,qwen35-a3b
di__b10k__trc,scikit-learn__scikit-learn-14894__tool-result-clear__r3,scikit-learn__scikit-learn-14894,3,evaluate_only,2026-08-27T04:35:02.742912,False,legacy_evaluation_error_missing_log,ICLR_results/swebench/main/qwen35b/di__b10k__trc/experiment_results.json,True,qwen35-a3b
di__b10k__trc,scikit-learn__scikit-learn-25102__tool-result-clear__r3,scikit-learn__scikit-learn-25102,3,evaluate_only,2026-08-27T04:49:55.010152,False,legacy_evaluation_error_missing_log,ICLR_results/swebench/main/qwen35b/di__b10k__trc/experiment_results.json,True,qwen35-a3b
di__b10k__trc,scikit-learn__scikit-learn-25232__tool-result-clear__r1,scikit-learn__scikit-learn-25232,1,evaluate_only,2026-05-03T20:36:28.896484,False,legacy_evaluation_error_missing_log,ICLR_results/swebench/main/qwen35b/di__b10k__trc/experiment_results.json,True,qwen35-a3b
di__b10k__trc,scikit-learn__scikit-learn-25232__tool-result-clear__r2,scikit-learn__scikit-learn-25232,2,evaluate_only,2026-05-03T20:40:01.472316,False,legacy_evaluation_error_missing_log,ICLR_results/swebench/main/qwen35b/di__b10k__trc/experiment_results.json,True,qwen35-a3b
di__b10k__trc,scikit-learn__scikit-learn-25232__tool-result-clear__r3,scikit-learn__scikit-learn-25232,3,evaluate_only,2026-08-27T04:36:31.247682,False,legacy_evaluation_error_missing_log,ICLR_results/swebench/main/qwen35b/di__b10k__trc/experiment_results.json,True,qwen35-a3b
di__b10k__trc,sympy__sympy-19637__tool-result-clear__r2,sympy__sympy-19637,2,evaluate_only,2026-04-21T00:02:31.039220,False,legacy_evaluation_error_missing_log,ICLR_results/swebench/main/qwen35b/di__b10k__trc/experiment_results.json,True,qwen35-a3b
di__b10k__trc,sympy__sympy-24661__tool-result-clear__r2,sympy__sympy-24661,2,evaluate_only,2026-05-03T19:28:27.315952,False,legacy_evaluation_error_missing_log,ICLR_results/swebench/main/qwen35b/di__b10k__trc/experiment_results.json,True,qwen35-a3b
di__b10k__trc-ss,django__django-17087__trc-ss__r3,django__django-17087,3,evaluate_only,2026-08-27T23:19:22.317949,False,legacy_evaluation_error_missing_log,ICLR_results/swebench/main/qwen35b/di__b10k__trc-ss/experiment_results.json,True,qwen35-a3b
di__b10k__trc-ss,scikit-learn__scikit-learn-14710__trc-ss__r1,scikit-learn__scikit-learn-14710,1,evaluate_only,2026-05-03T20:22:31.680994,False,legacy_evaluation_error_missing_log,ICLR_results/swebench/main/qwen35b/di__b10k__trc-ss/experiment_results.json,True,qwen35-a3b
di__b10k__trc-ss,scikit-learn__scikit-learn-14710__trc-ss__r3,scikit-learn__scikit-learn-14710,3,evaluate_only,2026-08-27T04:32:30.533901,False,legacy_evaluation_error_missing_log,ICLR_results/swebench/main/qwen35b/di__b10k__trc-ss/experiment_results.json,True,qwen35-a3b
di__b10k__trc-su,django__django-11292__trc-su__r3,django__django-11292,3,evaluate_only,2026-08-27T23:15:44.702897,False,legacy_evaluation_error_missing_log,ICLR_results/swebench/main/qwen35b/di__b10k__trc-su/experiment_results.json,True,qwen35-a3b
di__b10k__trc-su,scikit-learn__scikit-learn-14710__trc-su__r2,scikit-learn__scikit-learn-14710,2,evaluate_only,2026-05-03T20:17:22.061652,False,legacy_evaluation_error_missing_log,ICLR_results/swebench/main/qwen35b/di__b10k__trc-su/experiment_results.json,True,qwen35-a3b
di__b10k__trc-su,scikit-learn__scikit-learn-26194__trc-su__r1,scikit-learn__scikit-learn-26194,1,evaluate_only,2026-05-03T20:59:41.532488,False,legacy_evaluation_error_missing_log,ICLR_results/swebench/main/qwen35b/di__b10k__trc-su/experiment_results.json,True,qwen35-a3b
di__b15k__otrc-ss-partial,django__django-14580__otrc-ss-partial__r1,django__django-14580,1,evaluate_only,2026-04-29T02:46:41.679262,False,legacy_evaluation_error_missing_log,ICLR_results/swebench/main/qwen35b/di__b15k__otrc-ss-partial/experiment_results.json,True,qwen35-a3b
di__b15k__otrc-ss-partial,scikit-learn__scikit-learn-14053__otrc-ss-partial__r2,scikit-learn__scikit-learn-14053,2,evaluate_only,2026-05-04T14:45:30.476535,False,legacy_evaluation_error_missing_log,ICLR_results/swebench/main/qwen35b/di__b15k__otrc-ss-partial/experiment_results.json,True,qwen35-a3b
di__b15k__otrc-ss-partial,scikit-learn__scikit-learn-14141__otrc-ss-partial__r1,scikit-learn__scikit-learn-14141,1,evaluate_only,2026-05-04T14:43:48.823025,False,legacy_evaluation_error_missing_log,ICLR_results/swebench/main/qwen35b/di__b15k__otrc-ss-partial/experiment_results.json,True,qwen35-a3b
di__b15k__otrc-ss-partial,scikit-learn__scikit-learn-14710__otrc-ss-partial__r1,scikit-learn__scikit-learn-14710,1,evaluate_only,2026-05-04T15:01:39.092637,False,legacy_evaluation_error_missing_log,ICLR_results/swebench/main/qwen35b/di__b15k__otrc-ss-partial/experiment_results.json,True,qwen35-a3b
di__b15k__otrc-ss-partial,scikit-learn__scikit-learn-14710__otrc-ss-partial__r2,scikit-learn__scikit-learn-14710,2,evaluate_only,2026-05-04T15:00:46.620771,False,legacy_evaluation_error_missing_log,ICLR_results/swebench/main/qwen35b/di__b15k__otrc-ss-partial/experiment_results.json,True,qwen35-a3b
di__b15k__otrc-ss-partial,sympy__sympy-16450__otrc-ss-partial__r3,sympy__sympy-16450,3,evaluate_only,2026-08-26T22:58:43.286010,False,legacy_evaluation_error_missing_log,ICLR_results/swebench/main/qwen35b/di__b15k__otrc-ss-partial/experiment_results.json,True,qwen35-a3b
di__b15k__otrc-su-partial,scikit-learn__scikit-learn-13496__otrc-su-partial__r1,scikit-learn__scikit-learn-13496,1,evaluate_only,2026-05-04T14:39:25.516361,False,legacy_evaluation_error_missing_log,ICLR_results/swebench/main/qwen35b/di__b15k__otrc-su-partial/experiment_results.json,True,qwen35-a3b
di__b15k__otrc-su-partial,scikit-learn__scikit-learn-14141__otrc-su-partial__r2,scikit-learn__scikit-learn-14141,2,evaluate_only,2026-05-04T14:42:20.990646,False,legacy_evaluation_error_missing_log,ICLR_results/swebench/main/qwen35b/di__b15k__otrc-su-partial/experiment_results.json,True,qwen35-a3b
di__b15k__otrc-tr,scikit-learn__scikit-learn-14710__otrc-tr__r1,scikit-learn__scikit-learn-14710,1,evaluate_only,2026-05-04T14:57:26.335338,False,legacy_evaluation_error_missing_log,ICLR_results/swebench/main/qwen35b/di__b15k__otrc-tr/experiment_results.json,True,qwen35-a3b
di__b15k__otrc-tr,scikit-learn__scikit-learn-14710__otrc-tr__r2,scikit-learn__scikit-learn-14710,2,evaluate_only,2026-05-04T14:52:55.995543,False,legacy_evaluation_error_missing_log,ICLR_results/swebench/main/qwen35b/di__b15k__otrc-tr/experiment_results.json,True,qwen35-a3b
di__b15k__trc,django__django-12663__tool-result-clear__r3,django__django-12663,3,evaluate_only,2026-08-26T16:24:50.456358,False,legacy_evaluation_error_missing_log,ICLR_results/swebench/main/qwen35b/di__b15k__trc/experiment_results.json,True,qwen35-a3b
di__b15k__trc,django__django-13012__tool-result-clear__r1,django__django-13012,1,evaluate_only,2026-04-08T18:55:39.346122,False,legacy_evaluation_reports_missing,ICLR_results/swebench/main/qwen35b/di__b15k__trc/experiment_results.json,False,qwen35-a3b
di__b15k__trc,django__django-13012__tool-result-clear__r2,django__django-13012,2,evaluate_only,2026-04-08T18:57:06.653984,False,legacy_evaluation_reports_missing,ICLR_results/swebench/main/qwen35b/di__b15k__trc/experiment_results.json,False,qwen35-a3b
di__b15k__trc,django__django-13810__tool-result-clear__r1,django__django-13810,1,evaluate_only,2026-05-03T06:28:55.187822,False,legacy_evaluation_error_missing_log,ICLR_results/swebench/main/qwen35b/di__b15k__trc/experiment_results.json,True,qwen35-a3b
di__b15k__trc,scikit-learn__scikit-learn-12682__tool-result-clear__r2,scikit-learn__scikit-learn-12682,2,evaluate_only,2026-04-08T23:56:38.832826,False,legacy_evaluation_error_missing_log,ICLR_results/swebench/main/qwen35b/di__b15k__trc/experiment_results.json,True,qwen35-a3b
di__b15k__trc,scikit-learn__scikit-learn-13328__tool-result-clear__r1,scikit-learn__scikit-learn-13328,1,evaluate_only,2026-04-09T00:15:59.965837,False,legacy_evaluation_reports_missing,ICLR_results/swebench/main/qwen35b/di__b15k__trc/experiment_results.json,False,qwen35-a3b
di__b15k__trc,scikit-learn__scikit-learn-13328__tool-result-clear__r2,scikit-learn__scikit-learn-13328,2,evaluate_only,2026-04-09T00:15:18.893542,False,legacy_evaluation_reports_missing,ICLR_results/swebench/main/qwen35b/di__b15k__trc/experiment_results.json,False,qwen35-a3b
di__b15k__trc,scikit-learn__scikit-learn-14496__tool-result-clear__r1,scikit-learn__scikit-learn-14496,1,evaluate_only,2026-04-09T00:43:28.784790,False,legacy_evaluation_reports_missing,ICLR_results/swebench/main/qwen35b/di__b15k__trc/experiment_results.json,False,qwen35-a3b
di__b15k__trc,scikit-learn__scikit-learn-14496__tool-result-clear__r2,scikit-learn__scikit-learn-14496,2,evaluate_only,2026-04-09T00:42:58.640596,False,legacy_evaluation_reports_missing,ICLR_results/swebench/main/qwen35b/di__b15k__trc/experiment_results.json,False,qwen35-a3b
di__b15k__trc,scikit-learn__scikit-learn-14710__tool-result-clear__r1,scikit-learn__scikit-learn-14710,1,evaluate_only,2026-05-03T09:57:40.973539,False,legacy_evaluation_error_missing_log,ICLR_results/swebench/main/qwen35b/di__b15k__trc/experiment_results.json,True,qwen35-a3b
di__b15k__trc,scikit-learn__scikit-learn-14710__tool-result-clear__r2,scikit-learn__scikit-learn-14710,2,evaluate_only,2026-05-03T09:54:20.200473,False,legacy_evaluation_error_missing_log,ICLR_results/swebench/main/qwen35b/di__b15k__trc/experiment_results.json,True,qwen35-a3b
di__b15k__trc,scikit-learn__scikit-learn-15100__tool-result-clear__r1,scikit-learn__scikit-learn-15100,1,evaluate_only,2026-04-09T01:06:22.210872,False,legacy_evaluation_reports_missing,ICLR_results/swebench/main/qwen35b/di__b15k__trc/experiment_results.json,False,qwen35-a3b
di__b15k__trc,scikit-learn__scikit-learn-15100__tool-result-clear__r2,scikit-learn__scikit-learn-15100,2,evaluate_only,2026-04-09T01:08:08.549526,False,legacy_evaluation_reports_missing,ICLR_results/swebench/main/qwen35b/di__b15k__trc/experiment_results.json,False,qwen35-a3b
di__b15k__trc,scikit-learn__scikit-learn-25232__tool-result-clear__r1,scikit-learn__scikit-learn-25232,1,evaluate_only,2026-05-03T10:24:35.520411,False,legacy_evaluation_error_missing_log,ICLR_results/swebench/main/qwen35b/di__b15k__trc/experiment_results.json,True,qwen35-a3b
di__b15k__trc,scikit-learn__scikit-learn-25232__tool-result-clear__r2,scikit-learn__scikit-learn-25232,2,evaluate_only,2026-05-03T10:17:32.719441,False,legacy_evaluation_error_missing_log,ICLR_results/swebench/main/qwen35b/di__b15k__trc/experiment_results.json,True,qwen35-a3b
di__b15k__trc,scikit-learn__scikit-learn-26323__tool-result-clear__r1,scikit-learn__scikit-learn-26323,1,evaluate_only,2026-04-09T01:48:42.713378,False,legacy_evaluation_reports_missing,ICLR_results/swebench/main/qwen35b/di__b15k__trc/experiment_results.json,False,qwen35-a3b
di__b15k__trc,scikit-learn__scikit-learn-26323__tool-result-clear__r2,scikit-learn__scikit-learn-26323,2,evaluate_only,2026-04-09T01:49:42.727749,False,legacy_evaluation_reports_missing,ICLR_results/swebench/main/qwen35b/di__b15k__trc/experiment_results.json,False,qwen35-a3b
di__b15k__trc,sympy__sympy-15017__tool-result-clear__r1,sympy__sympy-15017,1,evaluate_only,2026-04-08T22:09:17.607167,False,legacy_evaluation_reports_missing,ICLR_results/swebench/main/qwen35b/di__b15k__trc/experiment_results.json,False,qwen35-a3b
di__b15k__trc,sympy__sympy-15017__tool-result-clear__r2,sympy__sympy-15017,2,evaluate_only,2026-04-08T22:11:19.437877,False,legacy_evaluation_reports_missing,ICLR_results/swebench/main/qwen35b/di__b15k__trc/experiment_results.json,False,qwen35-a3b
di__b15k__trc,sympy__sympy-19637__tool-result-clear__r1,sympy__sympy-19637,1,evaluate_only,2026-04-08T22:54:51.437039,False,legacy_evaluation_reports_missing,ICLR_results/swebench/main/qwen35b/di__b15k__trc/experiment_results.json,False,qwen35-a3b
di__b15k__trc,sympy__sympy-19637__tool-result-clear__r2,sympy__sympy-19637,2,evaluate_only,2026-04-08T22:55:15.590471,False,legacy_evaluation_reports_missing,ICLR_results/swebench/main/qwen35b/di__b15k__trc/experiment_results.json,False,qwen35-a3b
di__b15k__trc,sympy__sympy-24443__tool-result-clear__r1,sympy__sympy-24443,1,evaluate_only,2026-04-08T23:31:48.350247,False,legacy_evaluation_reports_missing,ICLR_results/swebench/main/qwen35b/di__b15k__trc/experiment_results.json,False,qwen35-a3b
di__b15k__trc,sympy__sympy-24443__tool-result-clear__r2,sympy__sympy-24443,2,evaluate_only,2026-04-08T23:35:41.380677,False,legacy_evaluation_reports_missing,ICLR_results/swebench/main/qwen35b/di__b15k__trc/experiment_results.json,False,qwen35-a3b
di__b15k__trc-ss,scikit-learn__scikit-learn-14710__trc-ss__r1,scikit-learn__scikit-learn-14710,1,evaluate_only,2026-05-03T10:00:37.609680,False,legacy_evaluation_error_missing_log,ICLR_results/swebench/main/qwen35b/di__b15k__trc-ss/experiment_results.json,True,qwen35-a3b
di__b15k__trc-ss,scikit-learn__scikit-learn-14710__trc-ss__r2,scikit-learn__scikit-learn-14710,2,evaluate_only,2026-05-03T10:04:45.750370,False,legacy_evaluation_error_missing_log,ICLR_results/swebench/main/qwen35b/di__b15k__trc-ss/experiment_results.json,True,qwen35-a3b
di__b15k__trc-ss,scikit-learn__scikit-learn-25232__trc-ss__r1,scikit-learn__scikit-learn-25232,1,evaluate_only,2026-05-03T10:26:16.583048,False,legacy_evaluation_error_missing_log,ICLR_results/swebench/main/qwen35b/di__b15k__trc-ss/experiment_results.json,True,qwen35-a3b
di__b15k__trc-ss,scikit-learn__scikit-learn-25232__trc-ss__r2,scikit-learn__scikit-learn-25232,2,evaluate_only,2026-05-03T10:21:27.987441,False,legacy_evaluation_error_missing_log,ICLR_results/swebench/main/qwen35b/di__b15k__trc-ss/experiment_results.json,True,qwen35-a3b
di__b15k__trc-su,django__django-15278__trc-su__r1,django__django-15278,1,evaluate_only,2026-05-03T06:53:07.430870,False,legacy_evaluation_error_missing_log,ICLR_results/swebench/main/qwen35b/di__b15k__trc-su/experiment_results.json,True,qwen35-a3b
di__b15k__trc-su,scikit-learn__scikit-learn-14710__trc-su__r2,scikit-learn__scikit-learn-14710,2,evaluate_only,2026-05-03T09:58:46.297470,False,legacy_evaluation_error_missing_log,ICLR_results/swebench/main/qwen35b/di__b15k__trc-su/experiment_results.json,True,qwen35-a3b
di__b15k__trc-su,scikit-learn__scikit-learn-25232__trc-su__r1,scikit-learn__scikit-learn-25232,1,evaluate_only,2026-05-03T10:17:25.266875,False,legacy_evaluation_error_missing_log,ICLR_results/swebench/main/qwen35b/di__b15k__trc-su/experiment_results.json,True,qwen35-a3b
di__b15k__trc-su,scikit-learn__scikit-learn-25232__trc-su__r2,scikit-learn__scikit-learn-25232,2,evaluate_only,2026-05-03T10:16:46.301081,False,legacy_evaluation_error_missing_log,ICLR_results/swebench/main/qwen35b/di__b15k__trc-su/experiment_results.json,True,qwen35-a3b
di__b20k__otrc-ss-partial,django__django-13809__otrc-ss-partial__r3,django__django-13809,3,evaluate_only,2026-08-27T15:25:48.315238,False,legacy_evaluation_error_missing_log,ICLR_results/swebench/main/qwen35b/di__b20k__otrc-ss-partial/experiment_results.json,True,qwen35-a3b
di__b20k__otrc-ss-partial,scikit-learn__scikit-learn-14710__otrc-ss-partial__r2,scikit-learn__scikit-learn-14710,2,evaluate_only,2026-05-05T16:30:33.454372,False,legacy_evaluation_error_missing_log,ICLR_results/swebench/main/qwen35b/di__b20k__otrc-ss-partial/experiment_results.json,True,qwen35-a3b
di__b20k__otrc-ss-partial,scikit-learn__scikit-learn-14710__otrc-ss-partial__r3,scikit-learn__scikit-learn-14710,3,evaluate_only,2026-08-27T17:22:05.148924,False,legacy_evaluation_error_missing_log,ICLR_results/swebench/main/qwen35b/di__b20k__otrc-ss-partial/experiment_results.json,True,qwen35-a3b
di__b20k__otrc-ss-partial,scikit-learn__scikit-learn-26194__otrc-ss-partial__r1,scikit-learn__scikit-learn-26194,1,evaluate_only,2026-05-05T17:04:23.992692,False,legacy_evaluation_error_missing_log,ICLR_results/swebench/main/qwen35b/di__b20k__otrc-ss-partial/experiment_results.json,True,qwen35-a3b
di__b20k__otrc-su-partial,django__django-12304__otrc-su-partial__r1,django__django-12304,1,evaluate_only,2026-05-05T12:12:06.829924,False,legacy_evaluation_error_missing_log,ICLR_results/swebench/main/qwen35b/di__b20k__otrc-su-partial/experiment_results.json,True,qwen35-a3b
di__b20k__otrc-su-partial,scikit-learn__scikit-learn-14710__otrc-su-partial__r2,scikit-learn__scikit-learn-14710,2,evaluate_only,2026-05-05T16:21:52.759822,False,legacy_evaluation_error_missing_log,ICLR_results/swebench/main/qwen35b/di__b20k__otrc-su-partial/experiment_results.json,True,qwen35-a3b
di__b20k__otrc-su-partial,scikit-learn__scikit-learn-26194__otrc-su-partial__r2,scikit-learn__scikit-learn-26194,2,evaluate_only,2026-05-05T17:02:52.478022,False,legacy_evaluation_error_missing_log,ICLR_results/swebench/main/qwen35b/di__b20k__otrc-su-partial/experiment_results.json,True,qwen35-a3b
di__b20k__otrc-tr,scikit-learn__scikit-learn-14710__otrc-tr__r1,scikit-learn__scikit-learn-14710,1,evaluate_only,2026-05-05T16:21:40.834066,False,legacy_evaluation_error_missing_log,ICLR_results/swebench/main/qwen35b/di__b20k__otrc-tr/experiment_results.json,True,qwen35-a3b
di__b20k__otrc-tr,scikit-learn__scikit-learn-14710__otrc-tr__r2,scikit-learn__scikit-learn-14710,2,evaluate_only,2026-05-05T16:15:18.168381,False,legacy_evaluation_error_missing_log,ICLR_results/swebench/main/qwen35b/di__b20k__otrc-tr/experiment_results.json,True,qwen35-a3b
di__b20k__otrc-tr,scikit-learn__scikit-learn-14710__otrc-tr__r3,scikit-learn__scikit-learn-14710,3,evaluate_only,2026-08-27T17:20:26.956066,False,legacy_evaluation_error_missing_log,ICLR_results/swebench/main/qwen35b/di__b20k__otrc-tr/experiment_results.json,True,qwen35-a3b
di__b20k__otrc-tr,scikit-learn__scikit-learn-25102__otrc-tr__r2,scikit-learn__scikit-learn-25102,2,evaluate_only,2026-05-05T16:46:54.655356,False,legacy_evaluation_error_missing_log,ICLR_results/swebench/main/qwen35b/di__b20k__otrc-tr/experiment_results.json,True,qwen35-a3b
di__b20k__otrc-tr,scikit-learn__scikit-learn-26194__otrc-tr__r2,scikit-learn__scikit-learn-26194,2,evaluate_only,2026-05-05T17:03:07.499935,False,legacy_evaluation_error_missing_log,ICLR_results/swebench/main/qwen35b/di__b20k__otrc-tr/experiment_results.json,True,qwen35-a3b
di__b20k__otrc-tr,scikit-learn__scikit-learn-9288__otrc-tr__r1,scikit-learn__scikit-learn-9288,1,evaluate_only,2026-05-05T17:06:06.970154,False,legacy_evaluation_error_missing_log,ICLR_results/swebench/main/qwen35b/di__b20k__otrc-tr/experiment_results.json,True,qwen35-a3b
di__b20k__trc,django__django-12663__tool-result-clear__r2,django__django-12663,2,evaluate_only,2026-05-04T00:30:29.730359,False,legacy_evaluation_error_missing_log,ICLR_results/swebench/main/qwen35b/di__b20k__trc/experiment_results.json,True,qwen35-a3b
di__b20k__trc,django__django-15278__tool-result-clear__r2,django__django-15278,2,evaluate_only,2026-05-04T01:12:08.423710,False,legacy_evaluation_error_missing_log,ICLR_results/swebench/main/qwen35b/di__b20k__trc/experiment_results.json,True,qwen35-a3b
di__b20k__trc,scikit-learn__scikit-learn-14710__tool-result-clear__r1,scikit-learn__scikit-learn-14710,1,evaluate_only,2026-05-04T04:26:08.766050,False,legacy_evaluation_error_missing_log,ICLR_results/swebench/main/qwen35b/di__b20k__trc/experiment_results.json,True,qwen35-a3b
di__b20k__trc,scikit-learn__scikit-learn-14710__tool-result-clear__r2,scikit-learn__scikit-learn-14710,2,evaluate_only,2026-05-04T04:31:21.957481,False,legacy_evaluation_error_missing_log,ICLR_results/swebench/main/qwen35b/di__b20k__trc/experiment_results.json,True,qwen35-a3b
di__b20k__trc,scikit-learn__scikit-learn-14710__tool-result-clear__r3,scikit-learn__scikit-learn-14710,3,evaluate_only,2026-08-27T13:20:08.087150,False,legacy_evaluation_error_missing_log,ICLR_results/swebench/main/qwen35b/di__b20k__trc/experiment_results.json,True,qwen35-a3b
di__b20k__trc,scikit-learn__scikit-learn-25232__tool-result-clear__r1,scikit-learn__scikit-learn-25232,1,evaluate_only,2026-05-04T04:52:24.079221,False,legacy_evaluation_error_missing_log,ICLR_results/swebench/main/qwen35b/di__b20k__trc/experiment_results.json,True,qwen35-a3b
di__b20k__trc,scikit-learn__scikit-learn-25232__tool-result-clear__r2,scikit-learn__scikit-learn-25232,2,evaluate_only,2026-05-04T04:51:51.621918,False,legacy_evaluation_error_missing_log,ICLR_results/swebench/main/qwen35b/di__b20k__trc/experiment_results.json,True,qwen35-a3b
di__b20k__trc-ss,scikit-learn__scikit-learn-14710__trc-ss__r1,scikit-learn__scikit-learn-14710,1,evaluate_only,2026-05-04T04:37:14.607818,False,legacy_evaluation_error_missing_log,ICLR_results/swebench/main/qwen35b/di__b20k__trc-ss/experiment_results.json,True,qwen35-a3b
di__b20k__trc-ss,scikit-learn__scikit-learn-14710__trc-ss__r2,scikit-learn__scikit-learn-14710,2,evaluate_only,2026-05-04T04:38:09.594464,False,legacy_evaluation_error_missing_log,ICLR_results/swebench/main/qwen35b/di__b20k__trc-ss/experiment_results.json,True,qwen35-a3b
di__b20k__trc-ss,scikit-learn__scikit-learn-14710__trc-ss__r3,scikit-learn__scikit-learn-14710,3,evaluate_only,2026-08-27T13:03:48.424387,False,legacy_evaluation_error_missing_log,ICLR_results/swebench/main/qwen35b/di__b20k__trc-ss/experiment_results.json,True,qwen35-a3b
di__b20k__trc-ss,scikit-learn__scikit-learn-25232__trc-ss__r2,scikit-learn__scikit-learn-25232,2,evaluate_only,2026-05-04T04:51:00.782923,False,legacy_evaluation_error_missing_log,ICLR_results/swebench/main/qwen35b/di__b20k__trc-ss/experiment_results.json,True,qwen35-a3b
di__b20k__trc-ss,sympy__sympy-14711__trc-ss__r3,sympy__sympy-14711,3,evaluate_only,2026-08-27T12:14:23.585783,False,legacy_evaluation_error_missing_log,ICLR_results/swebench/main/qwen35b/di__b20k__trc-ss/experiment_results.json,True,qwen35-a3b
di__b20k__trc-su,scikit-learn__scikit-learn-13496__trc-su__r1,scikit-learn__scikit-learn-13496,1,evaluate_only,2026-05-04T04:13:16.888960,False,legacy_evaluation_error_missing_log,ICLR_results/swebench/main/qwen35b/di__b20k__trc-su/experiment_results.json,True,qwen35-a3b
di__b20k__trc-su,scikit-learn__scikit-learn-13496__trc-su__r2,scikit-learn__scikit-learn-13496,2,evaluate_only,2026-05-04T04:13:41.965989,False,legacy_evaluation_error_missing_log,ICLR_results/swebench/main/qwen35b/di__b20k__trc-su/experiment_results.json,True,qwen35-a3b
di__b20k__trc-su,scikit-learn__scikit-learn-14710__trc-su__r1,scikit-learn__scikit-learn-14710,1,evaluate_only,2026-05-04T04:31:15.838423,False,legacy_evaluation_error_missing_log,ICLR_results/swebench/main/qwen35b/di__b20k__trc-su/experiment_results.json,True,qwen35-a3b
di__b20k__trc-su,scikit-learn__scikit-learn-14710__trc-su__r3,scikit-learn__scikit-learn-14710,3,evaluate_only,2026-08-27T13:05:29.124718,False,legacy_evaluation_error_missing_log,ICLR_results/swebench/main/qwen35b/di__b20k__trc-su/experiment_results.json,True,qwen35-a3b
di__b20k__trc-su,scikit-learn__scikit-learn-14983__trc-su__r2,scikit-learn__scikit-learn-14983,2,evaluate_only,2026-05-04T04:46:16.016735,False,legacy_evaluation_error_missing_log,ICLR_results/swebench/main/qwen35b/di__b20k__trc-su/experiment_results.json,True,qwen35-a3b
di__b20k__trc-su,scikit-learn__scikit-learn-25232__trc-su__r1,scikit-learn__scikit-learn-25232,1,evaluate_only,2026-05-04T04:53:43.070658,False,legacy_evaluation_error_missing_log,ICLR_results/swebench/main/qwen35b/di__b20k__trc-su/experiment_results.json,True,qwen35-a3b
di__b20k__trc-su,scikit-learn__scikit-learn-25232__trc-su__r2,scikit-learn__scikit-learn-25232,2,evaluate_only,2026-05-04T04:54:44.980198,False,legacy_evaluation_error_missing_log,ICLR_results/swebench/main/qwen35b/di__b20k__trc-su/experiment_results.json,True,qwen35-a3b
di__binf__fc,django__django-11087__full-context__r1,django__django-11087,1,evaluate_only,2026-03-30T18:27:24.912396,False,legacy_evaluation_error_missing_log,ICLR_results/swebench/main/qwen35b/di__binf__fc/experiment_results.json,True,qwen35-a3b
di__binf__fc,django__django-11087__full-context__r2,django__django-11087,2,evaluate_only,2026-03-30T18:12:23.111333,False,legacy_evaluation_error_missing_log,ICLR_results/swebench/main/qwen35b/di__binf__fc/experiment_results.json,True,qwen35-a3b
di__binf__fc,django__django-11299__full-context__r1,django__django-11299,1,evaluate_only,2026-03-30T18:23:09.051187,False,legacy_evaluation_error_missing_log,ICLR_results/swebench/main/qwen35b/di__binf__fc/experiment_results.json,True,qwen35-a3b
di__binf__fc,django__django-12663__full-context__r3,django__django-12663,3,evaluate_only,2026-08-28T06:06:55.041970,False,legacy_evaluation_error_missing_log,ICLR_results/swebench/main/qwen35b/di__binf__fc/experiment_results.json,True,qwen35-a3b
di__binf__fc,django__django-13012__full-context__r1,django__django-13012,1,evaluate_only,2026-03-30T19:59:44.058350,False,legacy_evaluation_reports_missing,ICLR_results/swebench/main/qwen35b/di__binf__fc/experiment_results.json,False,qwen35-a3b
di__binf__fc,django__django-13012__full-context__r2,django__django-13012,2,evaluate_only,2026-03-30T19:55:54.948163,False,legacy_evaluation_reports_missing,ICLR_results/swebench/main/qwen35b/di__binf__fc/experiment_results.json,False,qwen35-a3b
di__binf__fc,django__django-14915__full-context__r2,django__django-14915,2,evaluate_only,2026-03-30T21:09:24.266173,False,legacy_evaluation_error_missing_log,ICLR_results/swebench/main/qwen35b/di__binf__fc/experiment_results.json,True,qwen35-a3b
di__binf__fc,django__django-14999__full-context__r1,django__django-14999,1,evaluate_only,2026-03-30T21:23:57.677184,False,legacy_evaluation_error_missing_log,ICLR_results/swebench/main/qwen35b/di__binf__fc/experiment_results.json,True,qwen35-a3b
di__binf__fc,scikit-learn__scikit-learn-10908__full-context__r1,scikit-learn__scikit-learn-10908,1,evaluate_only,2026-03-31T04:00:45.413936,False,legacy_evaluation_error_missing_log,ICLR_results/swebench/main/qwen35b/di__binf__fc/experiment_results.json,True,qwen35-a3b
di__binf__fc,scikit-learn__scikit-learn-11310__full-context__r1,scikit-learn__scikit-learn-11310,1,evaluate_only,2026-03-31T04:01:41.053618,False,legacy_evaluation_error_missing_log,ICLR_results/swebench/main/qwen35b/di__binf__fc/experiment_results.json,True,qwen35-a3b
di__binf__fc,scikit-learn__scikit-learn-11578__full-context__r2,scikit-learn__scikit-learn-11578,2,evaluate_only,2026-03-31T04:09:29.070362,False,legacy_evaluation_error_missing_log,ICLR_results/swebench/main/qwen35b/di__binf__fc/experiment_results.json,True,qwen35-a3b
di__binf__fc,scikit-learn__scikit-learn-12682__full-context__r1,scikit-learn__scikit-learn-12682,1,evaluate_only,2026-03-31T04:22:18.293702,False,legacy_evaluation_error_missing_log,ICLR_results/swebench/main/qwen35b/di__binf__fc/experiment_results.json,True,qwen35-a3b
di__binf__fc,scikit-learn__scikit-learn-13328__full-context__r1,scikit-learn__scikit-learn-13328,1,evaluate_only,2026-03-31T04:55:44.781520,False,legacy_evaluation_reports_missing,ICLR_results/swebench/main/qwen35b/di__binf__fc/experiment_results.json,False,qwen35-a3b
di__binf__fc,scikit-learn__scikit-learn-13328__full-context__r2,scikit-learn__scikit-learn-13328,2,evaluate_only,2026-03-31T04:56:46.372830,False,legacy_evaluation_reports_missing,ICLR_results/swebench/main/qwen35b/di__binf__fc/experiment_results.json,False,qwen35-a3b
di__binf__fc,scikit-learn__scikit-learn-14496__full-context__r1,scikit-learn__scikit-learn-14496,1,evaluate_only,2026-03-31T05:40:43.726551,False,legacy_evaluation_reports_missing,ICLR_results/swebench/main/qwen35b/di__binf__fc/experiment_results.json,False,qwen35-a3b
di__binf__fc,scikit-learn__scikit-learn-14496__full-context__r2,scikit-learn__scikit-learn-14496,2,evaluate_only,2026-03-31T05:40:32.623480,False,legacy_evaluation_reports_missing,ICLR_results/swebench/main/qwen35b/di__binf__fc/experiment_results.json,False,qwen35-a3b
di__binf__fc,scikit-learn__scikit-learn-14710__full-context__r1,scikit-learn__scikit-learn-14710,1,evaluate_only,2026-05-03T04:19:27.159990,False,legacy_evaluation_error_missing_log,ICLR_results/swebench/main/qwen35b/di__binf__fc/experiment_results.json,True,qwen35-a3b
di__binf__fc,scikit-learn__scikit-learn-15100__full-context__r1,scikit-learn__scikit-learn-15100,1,evaluate_only,2026-03-31T06:17:29.162602,False,legacy_evaluation_reports_missing,ICLR_results/swebench/main/qwen35b/di__binf__fc/experiment_results.json,False,qwen35-a3b
di__binf__fc,scikit-learn__scikit-learn-15100__full-context__r2,scikit-learn__scikit-learn-15100,2,evaluate_only,2026-03-31T06:17:13.938929,False,legacy_evaluation_reports_missing,ICLR_results/swebench/main/qwen35b/di__binf__fc/experiment_results.json,False,qwen35-a3b
di__binf__fc,scikit-learn__scikit-learn-25973__full-context__r2,scikit-learn__scikit-learn-25973,2,evaluate_only,2026-05-03T04:43:33.298357,False,legacy_evaluation_error_missing_log,ICLR_results/swebench/main/qwen35b/di__binf__fc/experiment_results.json,True,qwen35-a3b
di__binf__fc,scikit-learn__scikit-learn-26323__full-context__r2,scikit-learn__scikit-learn-26323,2,evaluate_only,2026-03-31T07:32:39.285966,False,legacy_evaluation_reports_missing,ICLR_results/swebench/main/qwen35b/di__binf__fc/experiment_results.json,False,qwen35-a3b
di__binf__fc,sympy__sympy-13798__full-context__r2,sympy__sympy-13798,2,evaluate_only,2026-03-31T00:35:30.227284,False,legacy_evaluation_error_missing_log,ICLR_results/swebench/main/qwen35b/di__binf__fc/experiment_results.json,True,qwen35-a3b
di__binf__fc,sympy__sympy-15017__full-context__r1,sympy__sympy-15017,1,evaluate_only,2026-03-31T01:17:57.212740,False,legacy_evaluation_reports_missing,ICLR_results/swebench/main/qwen35b/di__binf__fc/experiment_results.json,False,qwen35-a3b
di__binf__fc,sympy__sympy-15017__full-context__r2,sympy__sympy-15017,2,evaluate_only,2026-03-31T01:16:22.286769,False,legacy_evaluation_reports_missing,ICLR_results/swebench/main/qwen35b/di__binf__fc/experiment_results.json,False,qwen35-a3b
di__binf__fc,sympy__sympy-18211__full-context__r3,sympy__sympy-18211,3,evaluate_only,2026-08-28T07:05:00.104344,False,legacy_evaluation_error_missing_log,ICLR_results/swebench/main/qwen35b/di__binf__fc/experiment_results.json,True,qwen35-a3b
di__binf__fc,sympy__sympy-19637__full-context__r1,sympy__sympy-19637,1,evaluate_only,2026-03-31T02:26:24.881267,False,legacy_evaluation_reports_missing,ICLR_results/swebench/main/qwen35b/di__binf__fc/experiment_results.json,False,qwen35-a3b
di__binf__fc,sympy__sympy-19637__full-context__r2,sympy__sympy-19637,2,evaluate_only,2026-03-31T02:26:05.497272,False,legacy_evaluation_reports_missing,ICLR_results/swebench/main/qwen35b/di__binf__fc/experiment_results.json,False,qwen35-a3b
di__binf__fc,sympy__sympy-24443__full-context__r1,sympy__sympy-24443,1,evaluate_only,2026-03-31T03:40:18.647861,False,legacy_evaluation_reports_missing,ICLR_results/swebench/main/qwen35b/di__binf__fc/experiment_results.json,False,qwen35-a3b
di__binf__fc,sympy__sympy-24443__full-context__r2,sympy__sympy-24443,2,evaluate_only,2026-03-31T03:37:02.882527,False,legacy_evaluation_reports_missing,ICLR_results/swebench/main/qwen35b/di__binf__fc/experiment_results.json,False,qwen35-a3b
di__binf__otrc,scikit-learn__scikit-learn-14710__online-trc__r2,scikit-learn__scikit-learn-14710,2,evaluate_only,2026-04-19T12:26:11.279000,False,legacy_evaluation_error_missing_log,ICLR_results/swebench/main/qwen35b/di__binf__otrc/experiment_results.json,True,qwen35-a3b
