benchmark,model,summarizer,prefix_cache,primitive,budget,depth,scope,required_cohort,status,tasks_on_disk,runs_on_disk,runs_per_task_min,cohort_covered,rows_in_csv,source_dirs,notes,tasks_covered_abl25,runs_capped_1_abl25,runs_capped_2_abl25,runs_capped_3_abl25,runs_capped_4_abl25,runs_capped_5_abl25,tasks_covered_p100,runs_capped_1_p100,runs_capped_2_p100,runs_capped_3_p100,runs_capped_4_p100,runs_capped_5_p100,tasks_covered_tb20,runs_capped_1_tb20,runs_capped_2_tb20,runs_capped_3_tb20,runs_capped_4_tb20,runs_capped_5_tb20,tasks_covered_all,runs_capped_1_all,runs_capped_2_all,runs_capped_3_all,runs_capped_4_all,runs_capped_5_all
terminal-bench,Qwen3.5-35B-A3B,,,FC,inf,0.5,in-scope,TB-40,PARTIAL,80,248,1,TB-80,0,ICLR_results/terminalbench/main/p80_rootless/qwen35b/di__binf__fc;ICLR_results/terminalbench/main/p80_subuid_required/qwen35b/di__binf__fc,only 1/3 runs/task,0,0,0,0,0,0,0,0,0,0,0,0,20,20,33,46,59,72,80,80,122,164,206,248
terminal-bench,Devstral-Small-2-24B,,,FC,inf,0.5,in-scope,TB-40,PARTIAL,80,248,1,TB-80,0,ICLR_results/terminalbench/main/p80_rootless/devstral24b/di__binf__fc;ICLR_results/terminalbench/main/p80_subuid_required/devstral24b/di__binf__fc,only 1/3 runs/task,0,0,0,0,0,0,0,0,0,0,0,0,20,20,33,46,59,72,80,80,122,164,206,248
terminal-bench,GLM-4.7-Flash,,,FC,inf,0.5,in-scope,TB-40,PARTIAL,80,248,1,TB-80,0,ICLR_results/terminalbench/main/p80_rootless/glm47flash/di__binf__fc;ICLR_results/terminalbench/main/p80_subuid_required/glm47flash/di__binf__fc,only 1/3 runs/task,0,0,0,0,0,0,0,0,0,0,0,0,20,20,33,46,59,72,80,80,122,164,206,248
terminal-bench,devstral24b,,,FC,inf,0.5,model-expansion,,HAVE,40,120,0,TB-40,0,ICLR_results/terminalbench/main/devstral24b/di__binf__fc,,0,0,0,0,0,0,0,0,0,0,0,0,13,13,26,39,39,39,40,40,80,120,120,120
terminal-bench,devstral24b,,,OTRC,inf,0.5,model-expansion,,HAVE,40,120,0,TB-40,0,ICLR_results/terminalbench/main/devstral24b/di__binf__otrc,,0,0,0,0,0,0,0,0,0,0,0,0,13,13,26,39,39,39,40,40,80,120,120,120
terminal-bench,devstral24b,,,OTRC+SS-partial,3k,0.5,model-expansion,,HAVE,15,45,0,TB-15,0,ICLR_results/terminalbench/ablation/devstral24b/di__b3k__otrc-ss-partial,,0,0,0,0,0,0,0,0,0,0,0,0,5,5,10,15,15,15,15,15,30,45,45,45
terminal-bench,devstral24b,,,OTRC+SS-partial,4k,0.5,model-expansion,,HAVE,40,120,0,TB-40,0,ICLR_results/terminalbench/main/devstral24b/di__b4k__otrc-ss-partial,,0,0,0,0,0,0,0,0,0,0,0,0,13,13,26,39,39,39,40,40,80,120,120,120
terminal-bench,devstral24b,,,OTRC+SS-partial,7k,0.5,model-expansion,,HAVE,15,45,0,TB-15,0,ICLR_results/terminalbench/ablation/devstral24b/di__b7k__otrc-ss-partial,,0,0,0,0,0,0,0,0,0,0,0,0,5,5,10,15,15,15,15,15,30,45,45,45
terminal-bench,devstral24b,,,OTRC+SU-partial,3k,0.5,model-expansion,,HAVE,15,45,0,TB-15,0,ICLR_results/terminalbench/ablation/devstral24b/di__b3k__otrc-su-partial,,0,0,0,0,0,0,0,0,0,0,0,0,5,5,10,15,15,15,15,15,30,45,45,45
terminal-bench,devstral24b,,,OTRC+SU-partial,4k,0.5,model-expansion,,HAVE,40,120,0,TB-40,0,ICLR_results/terminalbench/main/devstral24b/di__b4k__otrc-su-partial,,0,0,0,0,0,0,0,0,0,0,0,0,13,13,26,39,39,39,40,40,80,120,120,120
terminal-bench,devstral24b,,,OTRC+SU-partial,7k,0.5,model-expansion,,HAVE,15,45,0,TB-15,0,ICLR_results/terminalbench/ablation/devstral24b/di__b7k__otrc-su-partial,,0,0,0,0,0,0,0,0,0,0,0,0,5,5,10,15,15,15,15,15,30,45,45,45
terminal-bench,devstral24b,,,OTRC+TR,3k,0.5,model-expansion,,HAVE,15,45,0,TB-15,0,ICLR_results/terminalbench/ablation/devstral24b/di__b3k__otrc-tr,,0,0,0,0,0,0,0,0,0,0,0,0,5,5,10,15,15,15,15,15,30,45,45,45
terminal-bench,devstral24b,,,OTRC+TR,4k,0.5,model-expansion,,HAVE,40,120,0,TB-40,0,ICLR_results/terminalbench/main/devstral24b/di__b4k__otrc-tr,,0,0,0,0,0,0,0,0,0,0,0,0,13,13,26,39,39,39,40,40,80,120,120,120
terminal-bench,devstral24b,,,OTRC+TR,7k,0.5,model-expansion,,HAVE,15,45,0,TB-15,0,ICLR_results/terminalbench/ablation/devstral24b/di__b7k__otrc-tr,,0,0,0,0,0,0,0,0,0,0,0,0,5,5,10,15,15,15,15,15,30,45,45,45
terminal-bench,devstral24b,,,SS,3k,0.3,model-expansion,,HAVE,15,45,0,TB-15,0,ICLR_results/terminalbench/ablation/devstral24b/d03__b3k__ss,,0,0,0,0,0,0,0,0,0,0,0,0,5,5,10,15,15,15,15,15,30,45,45,45
terminal-bench,devstral24b,,,SS,3k,0.5,model-expansion,,HAVE,15,45,0,TB-15,0,ICLR_results/terminalbench/ablation/devstral24b/d05__b3k__ss,,0,0,0,0,0,0,0,0,0,0,0,0,5,5,10,15,15,15,15,15,30,45,45,45
terminal-bench,devstral24b,,,SS,3k,0.7,model-expansion,,HAVE,15,45,0,TB-15,0,ICLR_results/terminalbench/ablation/devstral24b/d07__b3k__ss,,0,0,0,0,0,0,0,0,0,0,0,0,5,5,10,15,15,15,15,15,30,45,45,45
terminal-bench,devstral24b,,,SS,4k,0.3,model-expansion,,HAVE,15,45,0,TB-15,0,ICLR_results/terminalbench/ablation/devstral24b/d03__b4k__ss,,0,0,0,0,0,0,0,0,0,0,0,0,5,5,10,15,15,15,15,15,30,45,45,45
terminal-bench,devstral24b,,,SS,4k,0.5,model-expansion,,HAVE,40,120,0,TB-40,0,ICLR_results/terminalbench/main/devstral24b/d05__b4k__ss,,0,0,0,0,0,0,0,0,0,0,0,0,13,13,26,39,39,39,40,40,80,120,120,120
terminal-bench,devstral24b,,,SS,4k,0.7,model-expansion,,HAVE,15,45,0,TB-15,0,ICLR_results/terminalbench/ablation/devstral24b/d07__b4k__ss,,0,0,0,0,0,0,0,0,0,0,0,0,5,5,10,15,15,15,15,15,30,45,45,45
terminal-bench,devstral24b,,,SS,7k,0.3,model-expansion,,HAVE,15,45,0,TB-15,0,ICLR_results/terminalbench/ablation/devstral24b/d03__b7k__ss,,0,0,0,0,0,0,0,0,0,0,0,0,5,5,10,15,15,15,15,15,30,45,45,45
terminal-bench,devstral24b,,,SS,7k,0.5,model-expansion,,HAVE,15,45,0,TB-15,0,ICLR_results/terminalbench/ablation/devstral24b/d05__b7k__ss,,0,0,0,0,0,0,0,0,0,0,0,0,5,5,10,15,15,15,15,15,30,45,45,45
terminal-bench,devstral24b,,,SS,7k,0.7,model-expansion,,HAVE,15,45,0,TB-15,0,ICLR_results/terminalbench/ablation/devstral24b/d07__b7k__ss,,0,0,0,0,0,0,0,0,0,0,0,0,5,5,10,15,15,15,15,15,30,45,45,45
terminal-bench,devstral24b,,,SS-partial,3k,0.3,model-expansion,,HAVE,15,45,0,TB-15,0,ICLR_results/terminalbench/ablation/devstral24b/d03__b3k__ss-partial,,0,0,0,0,0,0,0,0,0,0,0,0,5,5,10,15,15,15,15,15,30,45,45,45
terminal-bench,devstral24b,,,SS-partial,3k,0.5,model-expansion,,HAVE,15,45,0,TB-15,0,ICLR_results/terminalbench/ablation/devstral24b/d05__b3k__ss-partial,,0,0,0,0,0,0,0,0,0,0,0,0,5,5,10,15,15,15,15,15,30,45,45,45
terminal-bench,devstral24b,,,SS-partial,3k,0.7,model-expansion,,HAVE,15,45,0,TB-15,0,ICLR_results/terminalbench/ablation/devstral24b/d07__b3k__ss-partial,,0,0,0,0,0,0,0,0,0,0,0,0,5,5,10,15,15,15,15,15,30,45,45,45
terminal-bench,devstral24b,,,SS-partial,4k,0.3,model-expansion,,HAVE,15,45,0,TB-15,0,ICLR_results/terminalbench/ablation/devstral24b/d03__b4k__ss-partial,,0,0,0,0,0,0,0,0,0,0,0,0,5,5,10,15,15,15,15,15,30,45,45,45
terminal-bench,devstral24b,,,SS-partial,4k,0.5,model-expansion,,HAVE,40,120,0,TB-40,0,ICLR_results/terminalbench/main/devstral24b/d05__b4k__ss-partial,,0,0,0,0,0,0,0,0,0,0,0,0,13,13,26,39,39,39,40,40,80,120,120,120
terminal-bench,devstral24b,,,SS-partial,4k,0.7,model-expansion,,HAVE,15,45,0,TB-15,0,ICLR_results/terminalbench/ablation/devstral24b/d07__b4k__ss-partial,,0,0,0,0,0,0,0,0,0,0,0,0,5,5,10,15,15,15,15,15,30,45,45,45
terminal-bench,devstral24b,,,SS-partial,7k,0.3,model-expansion,,HAVE,15,45,0,TB-15,0,ICLR_results/terminalbench/ablation/devstral24b/d03__b7k__ss-partial,,0,0,0,0,0,0,0,0,0,0,0,0,5,5,10,15,15,15,15,15,30,45,45,45
terminal-bench,devstral24b,,,SS-partial,7k,0.5,model-expansion,,HAVE,15,45,0,TB-15,0,ICLR_results/terminalbench/ablation/devstral24b/d05__b7k__ss-partial,,0,0,0,0,0,0,0,0,0,0,0,0,5,5,10,15,15,15,15,15,30,45,45,45
terminal-bench,devstral24b,,,SS-partial,7k,0.7,model-expansion,,HAVE,15,45,0,TB-15,0,ICLR_results/terminalbench/ablation/devstral24b/d07__b7k__ss-partial,,0,0,0,0,0,0,0,0,0,0,0,0,5,5,10,15,15,15,15,15,30,45,45,45
terminal-bench,devstral24b,,,SU-full,3k,0.3,model-expansion,,HAVE,15,45,0,TB-15,0,ICLR_results/terminalbench/ablation/devstral24b/d03__b3k__su-full,,0,0,0,0,0,0,0,0,0,0,0,0,5,5,10,15,15,15,15,15,30,45,45,45
terminal-bench,devstral24b,,,SU-full,3k,0.5,model-expansion,,HAVE,15,45,0,TB-15,0,ICLR_results/terminalbench/ablation/devstral24b/d05__b3k__su-full,,0,0,0,0,0,0,0,0,0,0,0,0,5,5,10,15,15,15,15,15,30,45,45,45
terminal-bench,devstral24b,,,SU-full,3k,0.7,model-expansion,,HAVE,15,45,0,TB-15,0,ICLR_results/terminalbench/ablation/devstral24b/d07__b3k__su-full,,0,0,0,0,0,0,0,0,0,0,0,0,5,5,10,15,15,15,15,15,30,45,45,45
terminal-bench,devstral24b,,,SU-full,4k,0.3,model-expansion,,HAVE,15,45,0,TB-15,0,ICLR_results/terminalbench/ablation/devstral24b/d03__b4k__su-full,,0,0,0,0,0,0,0,0,0,0,0,0,5,5,10,15,15,15,15,15,30,45,45,45
terminal-bench,devstral24b,,,SU-full,4k,0.5,model-expansion,,HAVE,40,120,0,TB-40,0,ICLR_results/terminalbench/main/devstral24b/d05__b4k__su-full,,0,0,0,0,0,0,0,0,0,0,0,0,13,13,26,39,39,39,40,40,80,120,120,120
terminal-bench,devstral24b,,,SU-full,4k,0.7,model-expansion,,HAVE,15,45,0,TB-15,0,ICLR_results/terminalbench/ablation/devstral24b/d07__b4k__su-full,,0,0,0,0,0,0,0,0,0,0,0,0,5,5,10,15,15,15,15,15,30,45,45,45
terminal-bench,devstral24b,,,SU-full,7k,0.3,model-expansion,,HAVE,15,45,0,TB-15,0,ICLR_results/terminalbench/ablation/devstral24b/d03__b7k__su-full,,0,0,0,0,0,0,0,0,0,0,0,0,5,5,10,15,15,15,15,15,30,45,45,45
terminal-bench,devstral24b,,,SU-full,7k,0.5,model-expansion,,HAVE,15,45,0,TB-15,0,ICLR_results/terminalbench/ablation/devstral24b/d05__b7k__su-full,,0,0,0,0,0,0,0,0,0,0,0,0,5,5,10,15,15,15,15,15,30,45,45,45
terminal-bench,devstral24b,,,SU-full,7k,0.7,model-expansion,,HAVE,15,45,0,TB-15,0,ICLR_results/terminalbench/ablation/devstral24b/d07__b7k__su-full,,0,0,0,0,0,0,0,0,0,0,0,0,5,5,10,15,15,15,15,15,30,45,45,45
terminal-bench,devstral24b,,,SU-partial,3k,0.3,model-expansion,,HAVE,15,45,0,TB-15,0,ICLR_results/terminalbench/ablation/devstral24b/d03__b3k__su-partial,,0,0,0,0,0,0,0,0,0,0,0,0,5,5,10,15,15,15,15,15,30,45,45,45
terminal-bench,devstral24b,,,SU-partial,3k,0.5,model-expansion,,HAVE,15,45,0,TB-15,0,ICLR_results/terminalbench/ablation/devstral24b/d05__b3k__su-partial,,0,0,0,0,0,0,0,0,0,0,0,0,5,5,10,15,15,15,15,15,30,45,45,45
terminal-bench,devstral24b,,,SU-partial,3k,0.7,model-expansion,,HAVE,15,45,0,TB-15,0,ICLR_results/terminalbench/ablation/devstral24b/d07__b3k__su-partial,,0,0,0,0,0,0,0,0,0,0,0,0,5,5,10,15,15,15,15,15,30,45,45,45
terminal-bench,devstral24b,,,SU-partial,4k,0.3,model-expansion,,HAVE,15,45,0,TB-15,0,ICLR_results/terminalbench/ablation/devstral24b/d03__b4k__su-partial,,0,0,0,0,0,0,0,0,0,0,0,0,5,5,10,15,15,15,15,15,30,45,45,45
terminal-bench,devstral24b,,,SU-partial,4k,0.5,model-expansion,,HAVE,40,120,0,TB-40,0,ICLR_results/terminalbench/main/devstral24b/d05__b4k__su-partial,,0,0,0,0,0,0,0,0,0,0,0,0,13,13,26,39,39,39,40,40,80,120,120,120
terminal-bench,devstral24b,,,SU-partial,4k,0.7,model-expansion,,HAVE,15,45,0,TB-15,0,ICLR_results/terminalbench/ablation/devstral24b/d07__b4k__su-partial,,0,0,0,0,0,0,0,0,0,0,0,0,5,5,10,15,15,15,15,15,30,45,45,45
terminal-bench,devstral24b,,,SU-partial,7k,0.3,model-expansion,,HAVE,15,45,0,TB-15,0,ICLR_results/terminalbench/ablation/devstral24b/d03__b7k__su-partial,,0,0,0,0,0,0,0,0,0,0,0,0,5,5,10,15,15,15,15,15,30,45,45,45
terminal-bench,devstral24b,,,SU-partial,7k,0.5,model-expansion,,HAVE,15,45,0,TB-15,0,ICLR_results/terminalbench/ablation/devstral24b/d05__b7k__su-partial,,0,0,0,0,0,0,0,0,0,0,0,0,5,5,10,15,15,15,15,15,30,45,45,45
terminal-bench,devstral24b,,,SU-partial,7k,0.7,model-expansion,,HAVE,15,45,0,TB-15,0,ICLR_results/terminalbench/ablation/devstral24b/d07__b7k__su-partial,,0,0,0,0,0,0,0,0,0,0,0,0,5,5,10,15,15,15,15,15,30,45,45,45
terminal-bench,devstral24b,,,TR,3k,0.3,model-expansion,,HAVE,15,45,0,TB-15,0,ICLR_results/terminalbench/ablation/devstral24b/d03__b3k__tr,,0,0,0,0,0,0,0,0,0,0,0,0,5,5,10,15,15,15,15,15,30,45,45,45
terminal-bench,devstral24b,,,TR,3k,0.5,model-expansion,,HAVE,15,45,0,TB-15,0,ICLR_results/terminalbench/ablation/devstral24b/d05__b3k__tr,,0,0,0,0,0,0,0,0,0,0,0,0,5,5,10,15,15,15,15,15,30,45,45,45
terminal-bench,devstral24b,,,TR,3k,0.7,model-expansion,,HAVE,15,45,0,TB-15,0,ICLR_results/terminalbench/ablation/devstral24b/d07__b3k__tr,,0,0,0,0,0,0,0,0,0,0,0,0,5,5,10,15,15,15,15,15,30,45,45,45
terminal-bench,devstral24b,,,TR,4k,0.3,model-expansion,,HAVE,15,45,0,TB-15,0,ICLR_results/terminalbench/ablation/devstral24b/d03__b4k__tr,,0,0,0,0,0,0,0,0,0,0,0,0,5,5,10,15,15,15,15,15,30,45,45,45
terminal-bench,devstral24b,,,TR,4k,0.5,model-expansion,,HAVE,40,120,0,TB-40,0,ICLR_results/terminalbench/main/devstral24b/d05__b4k__tr,,0,0,0,0,0,0,0,0,0,0,0,0,13,13,26,39,39,39,40,40,80,120,120,120
terminal-bench,devstral24b,,,TR,4k,0.7,model-expansion,,HAVE,15,45,0,TB-15,0,ICLR_results/terminalbench/ablation/devstral24b/d07__b4k__tr,,0,0,0,0,0,0,0,0,0,0,0,0,5,5,10,15,15,15,15,15,30,45,45,45
terminal-bench,devstral24b,,,TR,7k,0.3,model-expansion,,HAVE,15,45,0,TB-15,0,ICLR_results/terminalbench/ablation/devstral24b/d03__b7k__tr,,0,0,0,0,0,0,0,0,0,0,0,0,5,5,10,15,15,15,15,15,30,45,45,45
terminal-bench,devstral24b,,,TR,7k,0.5,model-expansion,,HAVE,15,45,0,TB-15,0,ICLR_results/terminalbench/ablation/devstral24b/d05__b7k__tr,,0,0,0,0,0,0,0,0,0,0,0,0,5,5,10,15,15,15,15,15,30,45,45,45
terminal-bench,devstral24b,,,TR,7k,0.7,model-expansion,,HAVE,15,45,0,TB-15,0,ICLR_results/terminalbench/ablation/devstral24b/d07__b7k__tr,,0,0,0,0,0,0,0,0,0,0,0,0,5,5,10,15,15,15,15,15,30,45,45,45
terminal-bench,devstral24b,,,TRC,3k,0.5,model-expansion,,HAVE,15,45,0,TB-15,0,ICLR_results/terminalbench/ablation/devstral24b/di__b3k__trc,,0,0,0,0,0,0,0,0,0,0,0,0,5,5,10,15,15,15,15,15,30,45,45,45
terminal-bench,devstral24b,,,TRC,4k,0.5,model-expansion,,HAVE,40,120,0,TB-40,0,ICLR_results/terminalbench/main/devstral24b/di__b4k__trc,,0,0,0,0,0,0,0,0,0,0,0,0,13,13,26,39,39,39,40,40,80,120,120,120
terminal-bench,devstral24b,,,TRC,7k,0.5,model-expansion,,HAVE,15,45,0,TB-15,0,ICLR_results/terminalbench/ablation/devstral24b/di__b7k__trc,,0,0,0,0,0,0,0,0,0,0,0,0,5,5,10,15,15,15,15,15,30,45,45,45
terminal-bench,devstral24b,,,TRC+SS,3k,0.5,model-expansion,,HAVE,15,45,0,TB-15,0,ICLR_results/terminalbench/ablation/devstral24b/di__b3k__trc-ss,,0,0,0,0,0,0,0,0,0,0,0,0,5,5,10,15,15,15,15,15,30,45,45,45
terminal-bench,devstral24b,,,TRC+SS,4k,0.5,model-expansion,,HAVE,40,120,0,TB-40,0,ICLR_results/terminalbench/main/devstral24b/di__b4k__trc-ss,,0,0,0,0,0,0,0,0,0,0,0,0,13,13,26,39,39,39,40,40,80,120,120,120
terminal-bench,devstral24b,,,TRC+SS,7k,0.5,model-expansion,,HAVE,15,45,0,TB-15,0,ICLR_results/terminalbench/ablation/devstral24b/di__b7k__trc-ss,,0,0,0,0,0,0,0,0,0,0,0,0,5,5,10,15,15,15,15,15,30,45,45,45
terminal-bench,devstral24b,,,TRC+SU,3k,0.5,model-expansion,,HAVE,15,45,0,TB-15,0,ICLR_results/terminalbench/ablation/devstral24b/di__b3k__trc-su,,0,0,0,0,0,0,0,0,0,0,0,0,5,5,10,15,15,15,15,15,30,45,45,45
terminal-bench,devstral24b,,,TRC+SU,4k,0.5,model-expansion,,HAVE,40,120,0,TB-40,0,ICLR_results/terminalbench/main/devstral24b/di__b4k__trc-su,,0,0,0,0,0,0,0,0,0,0,0,0,13,13,26,39,39,39,40,40,80,120,120,120
terminal-bench,devstral24b,,,TRC+SU,7k,0.5,model-expansion,,HAVE,15,45,0,TB-15,0,ICLR_results/terminalbench/ablation/devstral24b/di__b7k__trc-su,,0,0,0,0,0,0,0,0,0,0,0,0,5,5,10,15,15,15,15,15,30,45,45,45
terminal-bench,glm47flash,,,FC,inf,0.5,model-expansion,,HAVE,40,120,0,TB-40,0,ICLR_results/terminalbench/main/glm47flash/di__binf__fc,,0,0,0,0,0,0,0,0,0,0,0,0,13,13,26,39,39,39,40,40,80,120,120,120
terminal-bench,glm47flash,,,OTRC,inf,0.5,model-expansion,,HAVE,40,120,0,TB-40,0,ICLR_results/terminalbench/main/glm47flash/di__binf__otrc,,0,0,0,0,0,0,0,0,0,0,0,0,13,13,26,39,39,39,40,40,80,120,120,120
terminal-bench,glm47flash,,,OTRC+SS-partial,3k,0.5,model-expansion,,HAVE,40,120,0,TB-40,0,ICLR_results/terminalbench/main/glm47flash/di__b3k__otrc-ss-partial,,0,0,0,0,0,0,0,0,0,0,0,0,13,13,26,39,39,39,40,40,80,120,120,120
terminal-bench,glm47flash,,,OTRC+SU-partial,3k,0.5,model-expansion,,HAVE,40,120,0,TB-40,0,ICLR_results/terminalbench/main/glm47flash/di__b3k__otrc-su-partial,,0,0,0,0,0,0,0,0,0,0,0,0,13,13,26,39,39,39,40,40,80,120,120,120
terminal-bench,glm47flash,,,OTRC+TR,3k,0.5,model-expansion,,HAVE,40,120,0,TB-40,0,ICLR_results/terminalbench/main/glm47flash/di__b3k__otrc-tr,,0,0,0,0,0,0,0,0,0,0,0,0,13,13,26,39,39,39,40,40,80,120,120,120
terminal-bench,glm47flash,,,SS,3k,0.5,model-expansion,,HAVE,40,120,0,TB-40,0,ICLR_results/terminalbench/main/glm47flash/d05__b3k__ss,,0,0,0,0,0,0,0,0,0,0,0,0,13,13,26,39,39,39,40,40,80,120,120,120
terminal-bench,glm47flash,,,SS-partial,3k,0.5,model-expansion,,HAVE,40,120,0,TB-40,0,ICLR_results/terminalbench/main/glm47flash/d05__b3k__ss-partial,,0,0,0,0,0,0,0,0,0,0,0,0,13,13,26,39,39,39,40,40,80,120,120,120
terminal-bench,glm47flash,,,SU-full,3k,0.5,model-expansion,,HAVE,40,120,0,TB-40,0,ICLR_results/terminalbench/main/glm47flash/d05__b3k__su-full,,0,0,0,0,0,0,0,0,0,0,0,0,13,13,26,39,39,39,40,40,80,120,120,120
terminal-bench,glm47flash,,,SU-partial,3k,0.5,model-expansion,,HAVE,40,120,0,TB-40,0,ICLR_results/terminalbench/main/glm47flash/d05__b3k__su-partial,,0,0,0,0,0,0,0,0,0,0,0,0,13,13,26,39,39,39,40,40,80,120,120,120
terminal-bench,glm47flash,,,TR,3k,0.5,model-expansion,,HAVE,40,120,0,TB-40,0,ICLR_results/terminalbench/main/glm47flash/d05__b3k__tr,,0,0,0,0,0,0,0,0,0,0,0,0,13,13,26,39,39,39,40,40,80,120,120,120
terminal-bench,glm47flash,,,TRC,3k,0.5,model-expansion,,HAVE,40,120,0,TB-40,0,ICLR_results/terminalbench/main/glm47flash/di__b3k__trc,,0,0,0,0,0,0,0,0,0,0,0,0,13,13,26,39,39,39,40,40,80,120,120,120
terminal-bench,glm47flash,,,TRC+SS,3k,0.5,model-expansion,,HAVE,40,120,0,TB-40,0,ICLR_results/terminalbench/main/glm47flash/di__b3k__trc-ss,,0,0,0,0,0,0,0,0,0,0,0,0,13,13,26,39,39,39,40,40,80,120,120,120
terminal-bench,glm47flash,,,TRC+SU,3k,0.5,model-expansion,,HAVE,40,120,0,TB-40,0,ICLR_results/terminalbench/main/glm47flash/di__b3k__trc-su,,0,0,0,0,0,0,0,0,0,0,0,0,13,13,26,39,39,39,40,40,80,120,120,120
terminal-bench,qwen35b,,,FC,inf,0.5,model-expansion,,HAVE,40,120,0,TB-40,0,ICLR_results/terminalbench/main/qwen35b/di__binf__fc,,0,0,0,0,0,0,0,0,0,0,0,0,13,13,26,39,39,39,40,40,80,120,120,120
terminal-bench,qwen35b,,,OTRC,inf,0.5,model-expansion,,HAVE,40,120,0,TB-40,0,ICLR_results/terminalbench/main/qwen35b/di__binf__otrc,,0,0,0,0,0,0,0,0,0,0,0,0,13,13,26,39,39,39,40,40,80,120,120,120
terminal-bench,qwen35b,,,OTRC+SS-partial,2k,0.5,model-expansion,,HAVE,15,45,0,TB-15,0,ICLR_results/terminalbench/ablation/qwen35b/di__b2k__otrc-ss-partial,,0,0,0,0,0,0,0,0,0,0,0,0,5,5,10,15,15,15,15,15,30,45,45,45
terminal-bench,qwen35b,,,OTRC+SS-partial,3k,0.5,model-expansion,,HAVE,40,120,0,TB-40,0,ICLR_results/terminalbench/main/qwen35b/di__b3k__otrc-ss-partial,,0,0,0,0,0,0,0,0,0,0,0,0,13,13,26,39,39,39,40,40,80,120,120,120
terminal-bench,qwen35b,,,OTRC+SS-partial,4k,0.5,model-expansion,,HAVE,15,45,0,TB-15,0,ICLR_results/terminalbench/ablation/qwen35b/di__b4k__otrc-ss-partial,,0,0,0,0,0,0,0,0,0,0,0,0,5,5,10,15,15,15,15,15,30,45,45,45
terminal-bench,qwen35b,,,OTRC+SU-partial,2k,0.5,model-expansion,,HAVE,15,45,0,TB-15,0,ICLR_results/terminalbench/ablation/qwen35b/di__b2k__otrc-su-partial,,0,0,0,0,0,0,0,0,0,0,0,0,5,5,10,15,15,15,15,15,30,45,45,45
terminal-bench,qwen35b,,,OTRC+SU-partial,3k,0.5,model-expansion,,HAVE,40,120,0,TB-40,0,ICLR_results/terminalbench/main/qwen35b/di__b3k__otrc-su-partial,,0,0,0,0,0,0,0,0,0,0,0,0,13,13,26,39,39,39,40,40,80,120,120,120
terminal-bench,qwen35b,,,OTRC+SU-partial,4k,0.5,model-expansion,,HAVE,15,45,0,TB-15,0,ICLR_results/terminalbench/ablation/qwen35b/di__b4k__otrc-su-partial,,0,0,0,0,0,0,0,0,0,0,0,0,5,5,10,15,15,15,15,15,30,45,45,45
terminal-bench,qwen35b,,,OTRC+TR,2k,0.5,model-expansion,,HAVE,15,45,0,TB-15,0,ICLR_results/terminalbench/ablation/qwen35b/di__b2k__otrc-tr,,0,0,0,0,0,0,0,0,0,0,0,0,5,5,10,15,15,15,15,15,30,45,45,45
terminal-bench,qwen35b,,,OTRC+TR,3k,0.5,model-expansion,,HAVE,40,120,0,TB-40,0,ICLR_results/terminalbench/main/qwen35b/di__b3k__otrc-tr,,0,0,0,0,0,0,0,0,0,0,0,0,13,13,26,39,39,39,40,40,80,120,120,120
terminal-bench,qwen35b,,,OTRC+TR,4k,0.5,model-expansion,,HAVE,15,45,0,TB-15,0,ICLR_results/terminalbench/ablation/qwen35b/di__b4k__otrc-tr,,0,0,0,0,0,0,0,0,0,0,0,0,5,5,10,15,15,15,15,15,30,45,45,45
terminal-bench,qwen35b,,,SS,2k,0.3,model-expansion,,HAVE,15,45,0,TB-15,0,ICLR_results/terminalbench/ablation/qwen35b/d03__b2k__ss,,0,0,0,0,0,0,0,0,0,0,0,0,5,5,10,15,15,15,15,15,30,45,45,45
terminal-bench,qwen35b,,,SS,2k,0.5,model-expansion,,HAVE,15,45,0,TB-15,0,ICLR_results/terminalbench/ablation/qwen35b/d05__b2k__ss,,0,0,0,0,0,0,0,0,0,0,0,0,5,5,10,15,15,15,15,15,30,45,45,45
terminal-bench,qwen35b,,,SS,2k,0.7,model-expansion,,HAVE,15,45,0,TB-15,0,ICLR_results/terminalbench/ablation/qwen35b/d07__b2k__ss,,0,0,0,0,0,0,0,0,0,0,0,0,5,5,10,15,15,15,15,15,30,45,45,45
terminal-bench,qwen35b,,,SS,3k,0.3,model-expansion,,HAVE,15,45,0,TB-15,0,ICLR_results/terminalbench/ablation/qwen35b/d03__b3k__ss,,0,0,0,0,0,0,0,0,0,0,0,0,5,5,10,15,15,15,15,15,30,45,45,45
terminal-bench,qwen35b,,,SS,3k,0.5,model-expansion,,HAVE,40,120,0,TB-40,0,ICLR_results/terminalbench/main/qwen35b/d05__b3k__ss,,0,0,0,0,0,0,0,0,0,0,0,0,13,13,26,39,39,39,40,40,80,120,120,120
terminal-bench,qwen35b,,,SS,3k,0.7,model-expansion,,HAVE,15,45,0,TB-15,0,ICLR_results/terminalbench/ablation/qwen35b/d07__b3k__ss,,0,0,0,0,0,0,0,0,0,0,0,0,5,5,10,15,15,15,15,15,30,45,45,45
terminal-bench,qwen35b,,,SS,4k,0.3,model-expansion,,HAVE,15,45,0,TB-15,0,ICLR_results/terminalbench/ablation/qwen35b/d03__b4k__ss,,0,0,0,0,0,0,0,0,0,0,0,0,5,5,10,15,15,15,15,15,30,45,45,45
terminal-bench,qwen35b,,,SS,4k,0.5,model-expansion,,HAVE,15,45,0,TB-15,0,ICLR_results/terminalbench/ablation/qwen35b/d05__b4k__ss,,0,0,0,0,0,0,0,0,0,0,0,0,5,5,10,15,15,15,15,15,30,45,45,45
terminal-bench,qwen35b,,,SS,4k,0.7,model-expansion,,HAVE,15,45,0,TB-15,0,ICLR_results/terminalbench/ablation/qwen35b/d07__b4k__ss,,0,0,0,0,0,0,0,0,0,0,0,0,5,5,10,15,15,15,15,15,30,45,45,45
terminal-bench,qwen35b,,,SS-partial,2k,0.3,model-expansion,,HAVE,15,45,0,TB-15,0,ICLR_results/terminalbench/ablation/qwen35b/d03__b2k__ss-partial,,0,0,0,0,0,0,0,0,0,0,0,0,5,5,10,15,15,15,15,15,30,45,45,45
terminal-bench,qwen35b,,,SS-partial,2k,0.5,model-expansion,,HAVE,15,45,0,TB-15,0,ICLR_results/terminalbench/ablation/qwen35b/d05__b2k__ss-partial,,0,0,0,0,0,0,0,0,0,0,0,0,5,5,10,15,15,15,15,15,30,45,45,45
terminal-bench,qwen35b,,,SS-partial,2k,0.7,model-expansion,,HAVE,15,45,0,TB-15,0,ICLR_results/terminalbench/ablation/qwen35b/d07__b2k__ss-partial,,0,0,0,0,0,0,0,0,0,0,0,0,5,5,10,15,15,15,15,15,30,45,45,45
terminal-bench,qwen35b,,,SS-partial,3k,0.3,model-expansion,,HAVE,15,45,0,TB-15,0,ICLR_results/terminalbench/ablation/qwen35b/d03__b3k__ss-partial,,0,0,0,0,0,0,0,0,0,0,0,0,5,5,10,15,15,15,15,15,30,45,45,45
terminal-bench,qwen35b,,,SS-partial,3k,0.5,model-expansion,,HAVE,40,120,0,TB-40,0,ICLR_results/terminalbench/main/qwen35b/d05__b3k__ss-partial,,0,0,0,0,0,0,0,0,0,0,0,0,13,13,26,39,39,39,40,40,80,120,120,120
terminal-bench,qwen35b,,,SS-partial,3k,0.7,model-expansion,,HAVE,15,45,0,TB-15,0,ICLR_results/terminalbench/ablation/qwen35b/d07__b3k__ss-partial,,0,0,0,0,0,0,0,0,0,0,0,0,5,5,10,15,15,15,15,15,30,45,45,45
terminal-bench,qwen35b,,,SS-partial,4k,0.3,model-expansion,,HAVE,15,45,0,TB-15,0,ICLR_results/terminalbench/ablation/qwen35b/d03__b4k__ss-partial,,0,0,0,0,0,0,0,0,0,0,0,0,5,5,10,15,15,15,15,15,30,45,45,45
terminal-bench,qwen35b,,,SS-partial,4k,0.5,model-expansion,,HAVE,15,45,0,TB-15,0,ICLR_results/terminalbench/ablation/qwen35b/d05__b4k__ss-partial,,0,0,0,0,0,0,0,0,0,0,0,0,5,5,10,15,15,15,15,15,30,45,45,45
terminal-bench,qwen35b,,,SS-partial,4k,0.7,model-expansion,,HAVE,15,45,0,TB-15,0,ICLR_results/terminalbench/ablation/qwen35b/d07__b4k__ss-partial,,0,0,0,0,0,0,0,0,0,0,0,0,5,5,10,15,15,15,15,15,30,45,45,45
terminal-bench,qwen35b,,,SU-full,2k,0.3,model-expansion,,HAVE,15,45,0,TB-15,0,ICLR_results/terminalbench/ablation/qwen35b/d03__b2k__su-full,,0,0,0,0,0,0,0,0,0,0,0,0,5,5,10,15,15,15,15,15,30,45,45,45
terminal-bench,qwen35b,,,SU-full,2k,0.5,model-expansion,,HAVE,15,45,0,TB-15,0,ICLR_results/terminalbench/ablation/qwen35b/d05__b2k__su-full,,0,0,0,0,0,0,0,0,0,0,0,0,5,5,10,15,15,15,15,15,30,45,45,45
terminal-bench,qwen35b,,,SU-full,2k,0.7,model-expansion,,HAVE,15,45,0,TB-15,0,ICLR_results/terminalbench/ablation/qwen35b/d07__b2k__su-full,,0,0,0,0,0,0,0,0,0,0,0,0,5,5,10,15,15,15,15,15,30,45,45,45
terminal-bench,qwen35b,,,SU-full,3k,0.3,model-expansion,,HAVE,15,45,0,TB-15,0,ICLR_results/terminalbench/ablation/qwen35b/d03__b3k__su-full,,0,0,0,0,0,0,0,0,0,0,0,0,5,5,10,15,15,15,15,15,30,45,45,45
terminal-bench,qwen35b,,,SU-full,3k,0.5,model-expansion,,HAVE,40,120,0,TB-40,0,ICLR_results/terminalbench/main/qwen35b/d05__b3k__su-full,,0,0,0,0,0,0,0,0,0,0,0,0,13,13,26,39,39,39,40,40,80,120,120,120
terminal-bench,qwen35b,,,SU-full,3k,0.7,model-expansion,,HAVE,15,45,0,TB-15,0,ICLR_results/terminalbench/ablation/qwen35b/d07__b3k__su-full,,0,0,0,0,0,0,0,0,0,0,0,0,5,5,10,15,15,15,15,15,30,45,45,45
terminal-bench,qwen35b,,,SU-full,4k,0.3,model-expansion,,HAVE,15,45,0,TB-15,0,ICLR_results/terminalbench/ablation/qwen35b/d03__b4k__su-full,,0,0,0,0,0,0,0,0,0,0,0,0,5,5,10,15,15,15,15,15,30,45,45,45
terminal-bench,qwen35b,,,SU-full,4k,0.5,model-expansion,,HAVE,15,45,0,TB-15,0,ICLR_results/terminalbench/ablation/qwen35b/d05__b4k__su-full,,0,0,0,0,0,0,0,0,0,0,0,0,5,5,10,15,15,15,15,15,30,45,45,45
terminal-bench,qwen35b,,,SU-full,4k,0.7,model-expansion,,HAVE,15,45,0,TB-15,0,ICLR_results/terminalbench/ablation/qwen35b/d07__b4k__su-full,,0,0,0,0,0,0,0,0,0,0,0,0,5,5,10,15,15,15,15,15,30,45,45,45
terminal-bench,qwen35b,,,SU-partial,2k,0.3,model-expansion,,HAVE,15,45,0,TB-15,0,ICLR_results/terminalbench/ablation/qwen35b/d03__b2k__su-partial,,0,0,0,0,0,0,0,0,0,0,0,0,5,5,10,15,15,15,15,15,30,45,45,45
terminal-bench,qwen35b,,,SU-partial,2k,0.5,model-expansion,,HAVE,15,45,0,TB-15,0,ICLR_results/terminalbench/ablation/qwen35b/d05__b2k__su-partial,,0,0,0,0,0,0,0,0,0,0,0,0,5,5,10,15,15,15,15,15,30,45,45,45
terminal-bench,qwen35b,,,SU-partial,2k,0.7,model-expansion,,HAVE,15,45,0,TB-15,0,ICLR_results/terminalbench/ablation/qwen35b/d07__b2k__su-partial,,0,0,0,0,0,0,0,0,0,0,0,0,5,5,10,15,15,15,15,15,30,45,45,45
terminal-bench,qwen35b,,,SU-partial,3k,0.3,model-expansion,,HAVE,15,45,0,TB-15,0,ICLR_results/terminalbench/ablation/qwen35b/d03__b3k__su-partial,,0,0,0,0,0,0,0,0,0,0,0,0,5,5,10,15,15,15,15,15,30,45,45,45
terminal-bench,qwen35b,,,SU-partial,3k,0.5,model-expansion,,HAVE,40,120,0,TB-40,0,ICLR_results/terminalbench/main/qwen35b/d05__b3k__su-partial,,0,0,0,0,0,0,0,0,0,0,0,0,13,13,26,39,39,39,40,40,80,120,120,120
terminal-bench,qwen35b,,,SU-partial,3k,0.7,model-expansion,,HAVE,15,45,0,TB-15,0,ICLR_results/terminalbench/ablation/qwen35b/d07__b3k__su-partial,,0,0,0,0,0,0,0,0,0,0,0,0,5,5,10,15,15,15,15,15,30,45,45,45
terminal-bench,qwen35b,,,SU-partial,4k,0.3,model-expansion,,HAVE,15,45,0,TB-15,0,ICLR_results/terminalbench/ablation/qwen35b/d03__b4k__su-partial,,0,0,0,0,0,0,0,0,0,0,0,0,5,5,10,15,15,15,15,15,30,45,45,45
terminal-bench,qwen35b,,,SU-partial,4k,0.5,model-expansion,,HAVE,15,45,0,TB-15,0,ICLR_results/terminalbench/ablation/qwen35b/d05__b4k__su-partial,,0,0,0,0,0,0,0,0,0,0,0,0,5,5,10,15,15,15,15,15,30,45,45,45
terminal-bench,qwen35b,,,SU-partial,4k,0.7,model-expansion,,HAVE,15,45,0,TB-15,0,ICLR_results/terminalbench/ablation/qwen35b/d07__b4k__su-partial,,0,0,0,0,0,0,0,0,0,0,0,0,5,5,10,15,15,15,15,15,30,45,45,45
terminal-bench,qwen35b,,,TR,2k,0.3,model-expansion,,HAVE,15,45,0,TB-15,0,ICLR_results/terminalbench/ablation/qwen35b/d03__b2k__tr,,0,0,0,0,0,0,0,0,0,0,0,0,5,5,10,15,15,15,15,15,30,45,45,45
terminal-bench,qwen35b,,,TR,2k,0.5,model-expansion,,HAVE,15,45,0,TB-15,0,ICLR_results/terminalbench/ablation/qwen35b/d05__b2k__tr,,0,0,0,0,0,0,0,0,0,0,0,0,5,5,10,15,15,15,15,15,30,45,45,45
terminal-bench,qwen35b,,,TR,2k,0.7,model-expansion,,HAVE,15,45,0,TB-15,0,ICLR_results/terminalbench/ablation/qwen35b/d07__b2k__tr,,0,0,0,0,0,0,0,0,0,0,0,0,5,5,10,15,15,15,15,15,30,45,45,45
terminal-bench,qwen35b,,,TR,3k,0.3,model-expansion,,HAVE,15,45,0,TB-15,0,ICLR_results/terminalbench/ablation/qwen35b/d03__b3k__tr,,0,0,0,0,0,0,0,0,0,0,0,0,5,5,10,15,15,15,15,15,30,45,45,45
terminal-bench,qwen35b,,,TR,3k,0.5,model-expansion,,HAVE,80,400,0,TB-80,0,ICLR_results/terminalbench/main/qwen35b/d05__b3k__tr,,0,0,0,0,0,0,0,0,0,0,0,0,20,20,40,60,80,100,80,80,160,240,320,400
terminal-bench,qwen35b,,,TR,3k,0.7,model-expansion,,HAVE,15,45,0,TB-15,0,ICLR_results/terminalbench/ablation/qwen35b/d07__b3k__tr,,0,0,0,0,0,0,0,0,0,0,0,0,5,5,10,15,15,15,15,15,30,45,45,45
terminal-bench,qwen35b,,,TR,4k,0.3,model-expansion,,HAVE,15,45,0,TB-15,0,ICLR_results/terminalbench/ablation/qwen35b/d03__b4k__tr,,0,0,0,0,0,0,0,0,0,0,0,0,5,5,10,15,15,15,15,15,30,45,45,45
terminal-bench,qwen35b,,,TR,4k,0.5,model-expansion,,HAVE,15,45,0,TB-15,0,ICLR_results/terminalbench/ablation/qwen35b/d05__b4k__tr,,0,0,0,0,0,0,0,0,0,0,0,0,5,5,10,15,15,15,15,15,30,45,45,45
terminal-bench,qwen35b,,,TR,4k,0.7,model-expansion,,HAVE,15,45,0,TB-15,0,ICLR_results/terminalbench/ablation/qwen35b/d07__b4k__tr,,0,0,0,0,0,0,0,0,0,0,0,0,5,5,10,15,15,15,15,15,30,45,45,45
terminal-bench,qwen35b,,,TR,27k,0.5,model-expansion,,HAVE,80,320,0,TB-80,0,ICLR_results/terminalbench/main/qwen35b/d05__b27k__tr,,0,0,0,0,0,0,0,0,0,0,0,0,20,20,40,60,80,80,80,80,160,240,320,320
terminal-bench,qwen35b,,,TRC,2k,0.5,model-expansion,,HAVE,15,45,0,TB-15,0,ICLR_results/terminalbench/ablation/qwen35b/di__b2k__trc,,0,0,0,0,0,0,0,0,0,0,0,0,5,5,10,15,15,15,15,15,30,45,45,45
terminal-bench,qwen35b,,,TRC,3k,0.5,model-expansion,,HAVE,40,120,0,TB-40,0,ICLR_results/terminalbench/main/qwen35b/di__b3k__trc,,0,0,0,0,0,0,0,0,0,0,0,0,13,13,26,39,39,39,40,40,80,120,120,120
terminal-bench,qwen35b,,,TRC,4k,0.5,model-expansion,,HAVE,15,45,0,TB-15,0,ICLR_results/terminalbench/ablation/qwen35b/di__b4k__trc,,0,0,0,0,0,0,0,0,0,0,0,0,5,5,10,15,15,15,15,15,30,45,45,45
terminal-bench,qwen35b,,,TRC+SS,2k,0.5,model-expansion,,HAVE,15,45,0,TB-15,0,ICLR_results/terminalbench/ablation/qwen35b/di__b2k__trc-ss,,0,0,0,0,0,0,0,0,0,0,0,0,5,5,10,15,15,15,15,15,30,45,45,45
terminal-bench,qwen35b,,,TRC+SS,3k,0.5,model-expansion,,HAVE,40,120,0,TB-40,0,ICLR_results/terminalbench/main/qwen35b/di__b3k__trc-ss,,0,0,0,0,0,0,0,0,0,0,0,0,13,13,26,39,39,39,40,40,80,120,120,120
terminal-bench,qwen35b,,,TRC+SS,4k,0.5,model-expansion,,HAVE,15,45,0,TB-15,0,ICLR_results/terminalbench/ablation/qwen35b/di__b4k__trc-ss,,0,0,0,0,0,0,0,0,0,0,0,0,5,5,10,15,15,15,15,15,30,45,45,45
terminal-bench,qwen35b,,,TRC+SU,2k,0.5,model-expansion,,HAVE,15,45,0,TB-15,0,ICLR_results/terminalbench/ablation/qwen35b/di__b2k__trc-su,,0,0,0,0,0,0,0,0,0,0,0,0,5,5,10,15,15,15,15,15,30,45,45,45
terminal-bench,qwen35b,,,TRC+SU,3k,0.5,model-expansion,,HAVE,40,120,0,TB-40,0,ICLR_results/terminalbench/main/qwen35b/di__b3k__trc-su,,0,0,0,0,0,0,0,0,0,0,0,0,13,13,26,39,39,39,40,40,80,120,120,120
terminal-bench,qwen35b,,,TRC+SU,4k,0.5,model-expansion,,HAVE,15,45,0,TB-15,0,ICLR_results/terminalbench/ablation/qwen35b/di__b4k__trc-su,,0,0,0,0,0,0,0,0,0,0,0,0,5,5,10,15,15,15,15,15,30,45,45,45
terminal-bench,qwen35b-noprefixcache,,OFF,FC,inf,0.5,model-expansion,,HAVE,15,45,0,TB-15,0,ICLR_results/terminalbench/prefix_cache_ablation/qwen35b-noprefixcache/di__binf__fc,,0,0,0,0,0,0,0,0,0,0,0,0,5,5,10,15,15,15,15,15,30,45,45,45
terminal-bench,qwen35b-noprefixcache,,OFF,OTRC,inf,0.5,model-expansion,,HAVE,15,45,0,TB-15,0,ICLR_results/terminalbench/prefix_cache_ablation/qwen35b-noprefixcache/di__binf__otrc,,0,0,0,0,0,0,0,0,0,0,0,0,5,5,10,15,15,15,15,15,30,45,45,45
terminal-bench,qwen35b-noprefixcache,,OFF,OTRC+SS-partial,3k,0.5,model-expansion,,HAVE,15,45,0,TB-15,0,ICLR_results/terminalbench/prefix_cache_ablation/qwen35b-noprefixcache/di__b3k__otrc-ss-partial,,0,0,0,0,0,0,0,0,0,0,0,0,5,5,10,15,15,15,15,15,30,45,45,45
terminal-bench,qwen35b-noprefixcache,,OFF,OTRC+SU-partial,3k,0.5,model-expansion,,HAVE,15,45,0,TB-15,0,ICLR_results/terminalbench/prefix_cache_ablation/qwen35b-noprefixcache/di__b3k__otrc-su-partial,,0,0,0,0,0,0,0,0,0,0,0,0,5,5,10,15,15,15,15,15,30,45,45,45
terminal-bench,qwen35b-noprefixcache,,OFF,OTRC+TR,3k,0.5,model-expansion,,HAVE,15,45,0,TB-15,0,ICLR_results/terminalbench/prefix_cache_ablation/qwen35b-noprefixcache/di__b3k__otrc-tr,,0,0,0,0,0,0,0,0,0,0,0,0,5,5,10,15,15,15,15,15,30,45,45,45
terminal-bench,qwen35b-noprefixcache,,OFF,SS,3k,0.5,model-expansion,,HAVE,15,45,0,TB-15,0,ICLR_results/terminalbench/prefix_cache_ablation/qwen35b-noprefixcache/d05__b3k__ss,,0,0,0,0,0,0,0,0,0,0,0,0,5,5,10,15,15,15,15,15,30,45,45,45
terminal-bench,qwen35b-noprefixcache,,OFF,SS-partial,3k,0.5,model-expansion,,HAVE,15,45,0,TB-15,0,ICLR_results/terminalbench/prefix_cache_ablation/qwen35b-noprefixcache/d05__b3k__ss-partial,,0,0,0,0,0,0,0,0,0,0,0,0,5,5,10,15,15,15,15,15,30,45,45,45
terminal-bench,qwen35b-noprefixcache,,OFF,SU-full,3k,0.5,model-expansion,,HAVE,15,45,0,TB-15,0,ICLR_results/terminalbench/prefix_cache_ablation/qwen35b-noprefixcache/d05__b3k__su-full,,0,0,0,0,0,0,0,0,0,0,0,0,5,5,10,15,15,15,15,15,30,45,45,45
terminal-bench,qwen35b-noprefixcache,,OFF,SU-partial,3k,0.5,model-expansion,,HAVE,15,45,0,TB-15,0,ICLR_results/terminalbench/prefix_cache_ablation/qwen35b-noprefixcache/d05__b3k__su-partial,,0,0,0,0,0,0,0,0,0,0,0,0,5,5,10,15,15,15,15,15,30,45,45,45
terminal-bench,qwen35b-noprefixcache,,OFF,TR,3k,0.5,model-expansion,,HAVE,15,45,0,TB-15,0,ICLR_results/terminalbench/prefix_cache_ablation/qwen35b-noprefixcache/d05__b3k__tr,,0,0,0,0,0,0,0,0,0,0,0,0,5,5,10,15,15,15,15,15,30,45,45,45
terminal-bench,qwen35b-noprefixcache,,OFF,TRC,3k,0.5,model-expansion,,HAVE,15,45,0,TB-15,0,ICLR_results/terminalbench/prefix_cache_ablation/qwen35b-noprefixcache/di__b3k__trc,,0,0,0,0,0,0,0,0,0,0,0,0,5,5,10,15,15,15,15,15,30,45,45,45
terminal-bench,qwen35b-noprefixcache,,OFF,TRC+SS,3k,0.5,model-expansion,,HAVE,15,45,0,TB-15,0,ICLR_results/terminalbench/prefix_cache_ablation/qwen35b-noprefixcache/di__b3k__trc-ss,,0,0,0,0,0,0,0,0,0,0,0,0,5,5,10,15,15,15,15,15,30,45,45,45
terminal-bench,qwen35b-noprefixcache,,OFF,TRC+SU,3k,0.5,model-expansion,,HAVE,15,45,0,TB-15,0,ICLR_results/terminalbench/prefix_cache_ablation/qwen35b-noprefixcache/di__b3k__trc-su,,0,0,0,0,0,0,0,0,0,0,0,0,5,5,10,15,15,15,15,15,30,45,45,45
terminal-bench,qwen35b-sum-gemma4-12b,Gemma-4-12B,,SU-full,3k,0.5,model-expansion,,HAVE,15,45,0,TB-15,0,ICLR_results/terminalbench/model_ablation/qwen35b-sum-gemma4-12b/d05__b3k__su-full,,0,0,0,0,0,0,0,0,0,0,0,0,5,5,10,15,15,15,15,15,30,45,45,45
terminal-bench,qwen35b-sum-gemma4-12b,Gemma-4-12B,,TRC+SU,3k,0.5,model-expansion,,HAVE,15,45,0,TB-15,0,ICLR_results/terminalbench/model_ablation/qwen35b-sum-gemma4-12b/di__b3k__trc-su,,0,0,0,0,0,0,0,0,0,0,0,0,5,5,10,15,15,15,15,15,30,45,45,45
terminal-bench,qwen35b-sum-qwen35-9b,Qwen3.5-9B,,SU-full,3k,0.5,model-expansion,,HAVE,15,45,0,TB-15,0,ICLR_results/terminalbench/model_ablation/qwen35b-sum-qwen35-9b/d05__b3k__su-full,,0,0,0,0,0,0,0,0,0,0,0,0,5,5,10,15,15,15,15,15,30,45,45,45
terminal-bench,qwen35b-sum-qwen35-9b,Qwen3.5-9B,,TRC+SU,3k,0.5,model-expansion,,HAVE,15,45,0,TB-15,0,ICLR_results/terminalbench/model_ablation/qwen35b-sum-qwen35-9b/di__b3k__trc-su,,0,0,0,0,0,0,0,0,0,0,0,0,5,5,10,15,15,15,15,15,30,45,45,45
