cell,key,task,run_num,action,timestamp,resolved,reason,result_file,model_tag
d03__b20k__ss-partial,sympy__sympy-13091__structured-summarize-partial__r2,sympy__sympy-13091,2,evaluate_only,2026-05-06T06:58:00.708001,False,ablation_evaluation_reports_missing,ICLR_results/swebench/ablation/qwen35b/d03__b20k__ss-partial/experiment_results.json,qwen35-a3b
d03__b20k__ss-partial,sympy__sympy-15017__structured-summarize-partial__r1,sympy__sympy-15017,1,evaluate_only,2026-05-06T07:27:07.743200,False,ablation_evaluation_reports_missing,ICLR_results/swebench/ablation/qwen35b/d03__b20k__ss-partial/experiment_results.json,qwen35-a3b
d03__b20k__ss-partial,sympy__sympy-15017__structured-summarize-partial__r2,sympy__sympy-15017,2,evaluate_only,2026-05-06T07:28:19.745933,False,ablation_evaluation_reports_missing,ICLR_results/swebench/ablation/qwen35b/d03__b20k__ss-partial/experiment_results.json,qwen35-a3b
d03__b20k__ss,django__django-13964__structured-summarize__r2,django__django-13964,2,evaluate_only,2026-05-06T03:21:17.094698,False,ablation_evaluation_reports_missing,ICLR_results/swebench/ablation/qwen35b/d03__b20k__ss/experiment_results.json,qwen35-a3b
d03__b20k__ss,sympy__sympy-13757__structured-summarize__r2,sympy__sympy-13757,2,evaluate_only,2026-05-06T07:08:56.558324,False,ablation_evaluation_reports_missing,ICLR_results/swebench/ablation/qwen35b/d03__b20k__ss/experiment_results.json,qwen35-a3b
d03__b20k__su-full,scikit-learn__scikit-learn-11310__summarization__r1,scikit-learn__scikit-learn-11310,1,evaluate_only,2026-05-06T04:51:54.821163,False,ablation_evaluation_reports_missing,ICLR_results/swebench/ablation/qwen35b/d03__b20k__su-full/experiment_results.json,qwen35-a3b
d03__b20k__su-full,sympy__sympy-13091__summarization__r2,sympy__sympy-13091,2,evaluate_only,2026-05-06T06:45:39.835416,False,ablation_evaluation_reports_missing,ICLR_results/swebench/ablation/qwen35b/d03__b20k__su-full/experiment_results.json,qwen35-a3b
d03__b20k__su-full,sympy__sympy-15017__summarization__r2,sympy__sympy-15017,2,evaluate_only,2026-05-06T07:21:16.786818,False,ablation_evaluation_reports_missing,ICLR_results/swebench/ablation/qwen35b/d03__b20k__su-full/experiment_results.json,qwen35-a3b
d03__b20k__su-partial,django__django-12273__summarization-partial__r1,django__django-12273,1,evaluate_only,2026-05-06T02:58:57.608024,False,ablation_evaluation_reports_missing,ICLR_results/swebench/ablation/qwen35b/d03__b20k__su-partial/experiment_results.json,qwen35-a3b
d03__b20k__su-partial,django__django-14999__summarization-partial__r2,django__django-14999,2,evaluate_only,2026-05-06T03:58:10.842289,False,ablation_evaluation_reports_missing,ICLR_results/swebench/ablation/qwen35b/d03__b20k__su-partial/experiment_results.json,qwen35-a3b
d03__b20k__su-partial,sympy__sympy-13091__summarization-partial__r2,sympy__sympy-13091,2,evaluate_only,2026-05-06T06:56:52.743495,False,ablation_evaluation_reports_missing,ICLR_results/swebench/ablation/qwen35b/d03__b20k__su-partial/experiment_results.json,qwen35-a3b
d03__b20k__su-partial,sympy__sympy-15017__summarization-partial__r2,sympy__sympy-15017,2,evaluate_only,2026-05-06T07:28:25.953016,False,ablation_evaluation_reports_missing,ICLR_results/swebench/ablation/qwen35b/d03__b20k__su-partial/experiment_results.json,qwen35-a3b
d03__b20k__su-partial,sympy__sympy-17630__summarization-partial__r1,sympy__sympy-17630,1,evaluate_only,2026-05-06T07:51:49.017549,False,ablation_evaluation_reports_missing,ICLR_results/swebench/ablation/qwen35b/d03__b20k__su-partial/experiment_results.json,qwen35-a3b
d03__b20k__tr,django__django-13964__truncation__r1,django__django-13964,1,evaluate_only,2026-05-06T03:15:49.727092,False,ablation_evaluation_reports_missing,ICLR_results/swebench/ablation/qwen35b/d03__b20k__tr/experiment_results.json,qwen35-a3b
d03__b20k__tr,scikit-learn__scikit-learn-11310__truncation__r2,scikit-learn__scikit-learn-11310,2,evaluate_only,2026-05-06T04:46:36.577103,False,ablation_evaluation_reports_missing,ICLR_results/swebench/ablation/qwen35b/d03__b20k__tr/experiment_results.json,qwen35-a3b
d03__b20k__tr,sympy__sympy-11618__truncation__r1,sympy__sympy-11618,1,evaluate_only,2026-05-06T06:15:10.809614,False,ablation_evaluation_reports_missing,ICLR_results/swebench/ablation/qwen35b/d03__b20k__tr/experiment_results.json,qwen35-a3b
d03__b20k__tr,sympy__sympy-17630__truncation__r2,sympy__sympy-17630,2,evaluate_only,2026-05-06T07:44:11.734454,False,ablation_evaluation_reports_missing,ICLR_results/swebench/ablation/qwen35b/d03__b20k__tr/experiment_results.json,qwen35-a3b
d05__b10k__ss-partial,sympy__sympy-13091__structured-summarize-partial__r2,sympy__sympy-13091,2,evaluate_only,2026-04-28T21:12:14.743852,False,ablation_evaluation_reports_missing,ICLR_results/swebench/ablation/qwen35b/d05__b10k__ss-partial/experiment_results.json,qwen35-a3b
d05__b10k__ss-partial,sympy__sympy-15017__structured-summarize-partial__r1,sympy__sympy-15017,1,evaluate_only,2026-04-28T21:23:48.718739,False,ablation_evaluation_reports_missing,ICLR_results/swebench/ablation/qwen35b/d05__b10k__ss-partial/experiment_results.json,qwen35-a3b
d05__b10k__su-full,scikit-learn__scikit-learn-14496__summarization__r2,scikit-learn__scikit-learn-14496,2,evaluate_only,2026-04-20T22:48:37.903185,False,ablation_evaluation_reports_missing,ICLR_results/swebench/ablation/qwen35b/d05__b10k__su-full/experiment_results.json,qwen35-a3b
d05__b10k__su-full,sympy__sympy-15017__summarization__r1,sympy__sympy-15017,1,evaluate_only,2026-04-20T23:40:56.393771,False,ablation_evaluation_reports_missing,ICLR_results/swebench/ablation/qwen35b/d05__b10k__su-full/experiment_results.json,qwen35-a3b
d05__b10k__su-partial,sympy__sympy-11618__summarization-partial__r1,sympy__sympy-11618,1,evaluate_only,2026-04-28T20:56:55.901157,False,ablation_evaluation_reports_missing,ICLR_results/swebench/ablation/qwen35b/d05__b10k__su-partial/experiment_results.json,qwen35-a3b
d05__b10k__tr,django__django-11292__truncation__r1,django__django-11292,1,evaluate_only,2026-04-20T20:44:11.781370,False,ablation_evaluation_reports_missing,ICLR_results/swebench/ablation/qwen35b/d05__b10k__tr/experiment_results.json,qwen35-a3b
d05__b10k__tr,scikit-learn__scikit-learn-11310__truncation__r3,scikit-learn__scikit-learn-11310,3,evaluate_only,2026-08-25T12:30:26.805075,False,ablation_evaluation_reports_missing,ICLR_results/swebench/ablation/qwen35b/d05__b10k__tr/experiment_results.json,qwen35-a3b
d05__b10k__tr,scikit-learn__scikit-learn-15100__truncation__r1,scikit-learn__scikit-learn-15100,1,evaluate_only,2026-04-20T22:51:27.062343,False,ablation_evaluation_reports_missing,ICLR_results/swebench/ablation/qwen35b/d05__b10k__tr/experiment_results.json,qwen35-a3b
d05__b10k__tr,sympy__sympy-11618__truncation__r1,sympy__sympy-11618,1,evaluate_only,2026-04-20T23:13:00.137329,False,ablation_evaluation_reports_missing,ICLR_results/swebench/ablation/qwen35b/d05__b10k__tr/experiment_results.json,qwen35-a3b
d05__b10k__tr,sympy__sympy-13031__truncation__r1,sympy__sympy-13031,1,evaluate_only,2026-04-20T23:17:41.226631,False,ablation_evaluation_reports_missing,ICLR_results/swebench/ablation/qwen35b/d05__b10k__tr/experiment_results.json,qwen35-a3b
d05__b10k__tr,sympy__sympy-13091__truncation__r1,sympy__sympy-13091,1,evaluate_only,2026-04-20T23:22:39.533189,False,ablation_evaluation_reports_missing,ICLR_results/swebench/ablation/qwen35b/d05__b10k__tr/experiment_results.json,qwen35-a3b
d05__b10k__tr,sympy__sympy-17630__truncation__r3,sympy__sympy-17630,3,evaluate_only,2026-08-25T13:01:20.895409,False,ablation_evaluation_reports_missing,ICLR_results/swebench/ablation/qwen35b/d05__b10k__tr/experiment_results.json,qwen35-a3b
d05__b20k__ss-partial,django__django-14999__structured-summarize-partial__r1,django__django-14999,1,evaluate_only,2026-04-28T23:43:38.433245,False,ablation_evaluation_reports_missing,ICLR_results/swebench/ablation/qwen35b/d05__b20k__ss-partial/experiment_results.json,qwen35-a3b
d05__b20k__ss-partial,sympy__sympy-13031__structured-summarize-partial__r3,sympy__sympy-13031,3,evaluate_only,2026-08-25T19:01:46.943882,False,ablation_evaluation_reports_missing,ICLR_results/swebench/ablation/qwen35b/d05__b20k__ss-partial/experiment_results.json,qwen35-a3b
d05__b20k__ss-partial,sympy__sympy-13091__structured-summarize-partial__r3,sympy__sympy-13091,3,evaluate_only,2026-08-25T19:01:04.058873,False,ablation_evaluation_reports_missing,ICLR_results/swebench/ablation/qwen35b/d05__b20k__ss-partial/experiment_results.json,qwen35-a3b
d05__b20k__ss-partial,sympy__sympy-17630__structured-summarize-partial__r1,sympy__sympy-17630,1,evaluate_only,2026-04-29T00:56:02.926133,False,ablation_evaluation_reports_missing,ICLR_results/swebench/ablation/qwen35b/d05__b20k__ss-partial/experiment_results.json,qwen35-a3b
d05__b20k__ss,sympy__sympy-13031__structured-summarize__r2,sympy__sympy-13031,2,evaluate_only,2026-04-29T00:28:55.491727,False,ablation_evaluation_reports_missing,ICLR_results/swebench/ablation/qwen35b/d05__b20k__ss/experiment_results.json,qwen35-a3b
d05__b20k__ss,sympy__sympy-13091__structured-summarize__r2,sympy__sympy-13091,2,evaluate_only,2026-04-29T00:38:13.866247,False,ablation_evaluation_reports_missing,ICLR_results/swebench/ablation/qwen35b/d05__b20k__ss/experiment_results.json,qwen35-a3b
d05__b20k__ss,sympy__sympy-17630__structured-summarize__r2,sympy__sympy-17630,2,evaluate_only,2026-04-29T00:56:38.843549,False,ablation_evaluation_reports_missing,ICLR_results/swebench/ablation/qwen35b/d05__b20k__ss/experiment_results.json,qwen35-a3b
d05__b20k__su-full,django__django-12273__summarization__r2,django__django-12273,2,evaluate_only,2026-04-21T01:31:02.846623,False,ablation_evaluation_reports_missing,ICLR_results/swebench/ablation/qwen35b/d05__b20k__su-full/experiment_results.json,qwen35-a3b
d05__b20k__su-full,scikit-learn__scikit-learn-11310__summarization__r1,scikit-learn__scikit-learn-11310,1,evaluate_only,2026-04-21T02:36:41.806405,False,ablation_evaluation_reports_missing,ICLR_results/swebench/ablation/qwen35b/d05__b20k__su-full/experiment_results.json,qwen35-a3b
d05__b20k__su-full,sympy__sympy-13091__summarization__r2,sympy__sympy-13091,2,evaluate_only,2026-04-21T03:30:54.114480,False,ablation_evaluation_reports_missing,ICLR_results/swebench/ablation/qwen35b/d05__b20k__su-full/experiment_results.json,qwen35-a3b
d05__b20k__su-full,sympy__sympy-13091__summarization__r3,sympy__sympy-13091,3,evaluate_only,2026-08-25T14:12:37.331229,False,ablation_evaluation_reports_missing,ICLR_results/swebench/ablation/qwen35b/d05__b20k__su-full/experiment_results.json,qwen35-a3b
d05__b20k__su-full,sympy__sympy-13757__summarization__r2,sympy__sympy-13757,2,evaluate_only,2026-04-21T03:42:44.288188,False,ablation_evaluation_reports_missing,ICLR_results/swebench/ablation/qwen35b/d05__b20k__su-full/experiment_results.json,qwen35-a3b
d05__b20k__su-full,sympy__sympy-17630__summarization__r3,sympy__sympy-17630,3,evaluate_only,2026-08-25T14:15:57.109531,False,ablation_evaluation_reports_missing,ICLR_results/swebench/ablation/qwen35b/d05__b20k__su-full/experiment_results.json,qwen35-a3b
d05__b20k__su-partial,sympy__sympy-13091__summarization-partial__r2,sympy__sympy-13091,2,evaluate_only,2026-04-29T00:32:41.396616,False,ablation_evaluation_reports_missing,ICLR_results/swebench/ablation/qwen35b/d05__b20k__su-partial/experiment_results.json,qwen35-a3b
d05__b20k__su-partial,sympy__sympy-15017__summarization-partial__r1,sympy__sympy-15017,1,evaluate_only,2026-04-29T00:47:08.802478,False,ablation_evaluation_reports_missing,ICLR_results/swebench/ablation/qwen35b/d05__b20k__su-partial/experiment_results.json,qwen35-a3b
d05__b20k__su-partial,sympy__sympy-15017__summarization-partial__r2,sympy__sympy-15017,2,evaluate_only,2026-04-29T00:44:44.629974,False,ablation_evaluation_reports_missing,ICLR_results/swebench/ablation/qwen35b/d05__b20k__su-partial/experiment_results.json,qwen35-a3b
d05__b20k__su-partial,sympy__sympy-17630__summarization-partial__r2,sympy__sympy-17630,2,evaluate_only,2026-04-29T00:53:08.101051,False,ablation_evaluation_reports_missing,ICLR_results/swebench/ablation/qwen35b/d05__b20k__su-partial/experiment_results.json,qwen35-a3b
d05__b20k__tr,django__django-12273__truncation__r2,django__django-12273,2,evaluate_only,2026-04-21T01:32:55.922243,False,ablation_evaluation_reports_missing,ICLR_results/swebench/ablation/qwen35b/d05__b20k__tr/experiment_results.json,qwen35-a3b
d05__b20k__tr,django__django-13964__truncation__r2,django__django-13964,2,evaluate_only,2026-04-21T01:52:46.837029,False,ablation_evaluation_reports_missing,ICLR_results/swebench/ablation/qwen35b/d05__b20k__tr/experiment_results.json,qwen35-a3b
d05__b20k__tr,scikit-learn__scikit-learn-10297__truncation__r1,scikit-learn__scikit-learn-10297,1,evaluate_only,2026-04-21T02:21:56.197970,False,ablation_evaluation_reports_missing,ICLR_results/swebench/ablation/qwen35b/d05__b20k__tr/experiment_results.json,qwen35-a3b
d05__b20k__tr,sympy__sympy-13091__truncation__r1,sympy__sympy-13091,1,evaluate_only,2026-04-21T03:23:41.833145,False,ablation_evaluation_reports_missing,ICLR_results/swebench/ablation/qwen35b/d05__b20k__tr/experiment_results.json,qwen35-a3b
d05__b20k__tr,sympy__sympy-13091__truncation__r3,sympy__sympy-13091,3,evaluate_only,2026-08-25T14:10:34.636703,False,ablation_evaluation_reports_missing,ICLR_results/swebench/ablation/qwen35b/d05__b20k__tr/experiment_results.json,qwen35-a3b
d05__b20k__tr,sympy__sympy-15017__truncation__r1,sympy__sympy-15017,1,evaluate_only,2026-04-21T03:48:00.478232,False,ablation_evaluation_reports_missing,ICLR_results/swebench/ablation/qwen35b/d05__b20k__tr/experiment_results.json,qwen35-a3b
d05__b20k__tr,sympy__sympy-15017__truncation__r2,sympy__sympy-15017,2,evaluate_only,2026-04-21T03:46:58.490049,False,ablation_evaluation_reports_missing,ICLR_results/swebench/ablation/qwen35b/d05__b20k__tr/experiment_results.json,qwen35-a3b
d05__b20k__tr,sympy__sympy-17630__truncation__r1,sympy__sympy-17630,1,evaluate_only,2026-04-21T03:57:08.430201,False,ablation_evaluation_reports_missing,ICLR_results/swebench/ablation/qwen35b/d05__b20k__tr/experiment_results.json,qwen35-a3b
d05__b20k__tr,sympy__sympy-17630__truncation__r3,sympy__sympy-17630,3,evaluate_only,2026-08-25T14:12:05.362103,False,ablation_evaluation_reports_missing,ICLR_results/swebench/ablation/qwen35b/d05__b20k__tr/experiment_results.json,qwen35-a3b
d07__b20k__ss-partial,django__django-14999__structured-summarize-partial__r2,django__django-14999,2,evaluate_only,2026-05-06T12:48:34.492831,False,ablation_evaluation_reports_missing,ICLR_results/swebench/ablation/qwen35b/d07__b20k__ss-partial/experiment_results.json,qwen35-a3b
d07__b20k__ss-partial,sympy__sympy-15017__structured-summarize-partial__r2,sympy__sympy-15017,2,evaluate_only,2026-05-06T14:56:30.173166,False,ablation_evaluation_reports_missing,ICLR_results/swebench/ablation/qwen35b/d07__b20k__ss-partial/experiment_results.json,qwen35-a3b
d07__b20k__ss-partial,sympy__sympy-17630__structured-summarize-partial__r1,sympy__sympy-17630,1,evaluate_only,2026-05-06T15:11:48.730146,False,ablation_evaluation_reports_missing,ICLR_results/swebench/ablation/qwen35b/d07__b20k__ss-partial/experiment_results.json,qwen35-a3b
d07__b20k__su-full,sympy__sympy-11618__summarization__r2,sympy__sympy-11618,2,evaluate_only,2026-04-21T21:28:40.897165,False,ablation_evaluation_reports_missing,ICLR_results/swebench/ablation/qwen35b/d07__b20k__su-full/experiment_results.json,qwen35-a3b
d07__b20k__su-full,sympy__sympy-13031__summarization__r1,sympy__sympy-13031,1,evaluate_only,2026-04-21T21:36:38.534155,False,ablation_evaluation_reports_missing,ICLR_results/swebench/ablation/qwen35b/d07__b20k__su-full/experiment_results.json,qwen35-a3b
d07__b20k__su-full,sympy__sympy-17630__summarization__r1,sympy__sympy-17630,1,evaluate_only,2026-04-21T22:13:43.022662,False,ablation_evaluation_reports_missing,ICLR_results/swebench/ablation/qwen35b/d07__b20k__su-full/experiment_results.json,qwen35-a3b
d07__b20k__su-partial,scikit-learn__scikit-learn-10908__summarization-partial__r2,scikit-learn__scikit-learn-10908,2,evaluate_only,2026-05-06T13:09:19.691608,False,ablation_evaluation_reports_missing,ICLR_results/swebench/ablation/qwen35b/d07__b20k__su-partial/experiment_results.json,qwen35-a3b
d07__b20k__su-partial,scikit-learn__scikit-learn-11310__summarization-partial__r2,scikit-learn__scikit-learn-11310,2,evaluate_only,2026-05-06T13:18:56.522785,False,ablation_evaluation_reports_missing,ICLR_results/swebench/ablation/qwen35b/d07__b20k__su-partial/experiment_results.json,qwen35-a3b
d07__b20k__su-partial,sympy__sympy-13031__summarization-partial__r1,sympy__sympy-13031,1,evaluate_only,2026-05-06T14:28:09.325522,False,ablation_evaluation_reports_missing,ICLR_results/swebench/ablation/qwen35b/d07__b20k__su-partial/experiment_results.json,qwen35-a3b
d07__b20k__su-partial,sympy__sympy-13091__summarization-partial__r1,sympy__sympy-13091,1,evaluate_only,2026-05-06T14:27:48.138623,False,ablation_evaluation_reports_missing,ICLR_results/swebench/ablation/qwen35b/d07__b20k__su-partial/experiment_results.json,qwen35-a3b
d07__b20k__su-partial,sympy__sympy-15017__summarization-partial__r1,sympy__sympy-15017,1,evaluate_only,2026-05-06T14:49:53.507678,False,ablation_evaluation_reports_missing,ICLR_results/swebench/ablation/qwen35b/d07__b20k__su-partial/experiment_results.json,qwen35-a3b
d07__b20k__su-partial,sympy__sympy-17630__summarization-partial__r1,sympy__sympy-17630,1,evaluate_only,2026-05-06T15:07:40.779452,False,ablation_evaluation_reports_missing,ICLR_results/swebench/ablation/qwen35b/d07__b20k__su-partial/experiment_results.json,qwen35-a3b
d07__b20k__su-partial,sympy__sympy-17630__summarization-partial__r2,sympy__sympy-17630,2,evaluate_only,2026-05-06T15:07:46.157391,False,ablation_evaluation_reports_missing,ICLR_results/swebench/ablation/qwen35b/d07__b20k__su-partial/experiment_results.json,qwen35-a3b
d07__b20k__tr,django__django-11292__truncation__r2,django__django-11292,2,evaluate_only,2026-04-21T19:24:08.279399,False,ablation_evaluation_reports_missing,ICLR_results/swebench/ablation/qwen35b/d07__b20k__tr/experiment_results.json,qwen35-a3b
d07__b20k__tr,django__django-14999__truncation__r1,django__django-14999,1,evaluate_only,2026-04-21T20:15:05.705629,False,ablation_evaluation_reports_missing,ICLR_results/swebench/ablation/qwen35b/d07__b20k__tr/experiment_results.json,qwen35-a3b
d07__b20k__tr,scikit-learn__scikit-learn-10908__truncation__r1,scikit-learn__scikit-learn-10908,1,evaluate_only,2026-04-21T20:41:29.685694,False,ablation_evaluation_reports_missing,ICLR_results/swebench/ablation/qwen35b/d07__b20k__tr/experiment_results.json,qwen35-a3b
d07__b20k__tr,sympy__sympy-15017__truncation__r2,sympy__sympy-15017,2,evaluate_only,2026-04-21T21:56:02.173549,False,ablation_evaluation_reports_missing,ICLR_results/swebench/ablation/qwen35b/d07__b20k__tr/experiment_results.json,qwen35-a3b
d07__b20k__tr,sympy__sympy-17630__truncation__r1,sympy__sympy-17630,1,evaluate_only,2026-04-21T22:10:48.687127,False,ablation_evaluation_reports_missing,ICLR_results/swebench/ablation/qwen35b/d07__b20k__tr/experiment_results.json,qwen35-a3b
di__b10k__otrc-ss-partial,sympy__sympy-13031__otrc-ss-partial__r2,sympy__sympy-13031,2,evaluate_only,2026-04-29T07:02:19.514581,False,ablation_evaluation_reports_missing,ICLR_results/swebench/ablation/qwen35b/di__b10k__otrc-ss-partial/experiment_results.json,qwen35-a3b
di__b10k__otrc-su-partial,scikit-learn__scikit-learn-11310__otrc-su-partial__r3,scikit-learn__scikit-learn-11310,3,evaluate_only,2026-08-28T00:47:10.540082,False,ablation_evaluation_reports_missing,ICLR_results/swebench/ablation/qwen35b/di__b10k__otrc-su-partial/experiment_results.json,qwen35-a3b
di__b10k__otrc-su-partial,sympy__sympy-11618__otrc-su-partial__r1,sympy__sympy-11618,1,evaluate_only,2026-04-29T06:58:15.825269,False,ablation_evaluation_reports_missing,ICLR_results/swebench/ablation/qwen35b/di__b10k__otrc-su-partial/experiment_results.json,qwen35-a3b
di__b10k__otrc-su-partial,sympy__sympy-13031__otrc-su-partial__r2,sympy__sympy-13031,2,evaluate_only,2026-04-29T06:59:52.096470,False,ablation_evaluation_reports_missing,ICLR_results/swebench/ablation/qwen35b/di__b10k__otrc-su-partial/experiment_results.json,qwen35-a3b
di__b10k__otrc-tr,scikit-learn__scikit-learn-11310__otrc-tr__r2,scikit-learn__scikit-learn-11310,2,evaluate_only,2026-04-29T06:19:58.684024,False,ablation_evaluation_reports_missing,ICLR_results/swebench/ablation/qwen35b/di__b10k__otrc-tr/experiment_results.json,qwen35-a3b
di__b10k__otrc-tr,sympy__sympy-13031__otrc-tr__r2,sympy__sympy-13031,2,evaluate_only,2026-04-29T06:59:46.308655,False,ablation_evaluation_reports_missing,ICLR_results/swebench/ablation/qwen35b/di__b10k__otrc-tr/experiment_results.json,qwen35-a3b
di__b10k__otrc-tr,sympy__sympy-13091__otrc-tr__r1,sympy__sympy-13091,1,evaluate_only,2026-04-29T07:09:16.405047,False,ablation_evaluation_reports_missing,ICLR_results/swebench/ablation/qwen35b/di__b10k__otrc-tr/experiment_results.json,qwen35-a3b
di__b10k__otrc-tr,sympy__sympy-17630__otrc-tr__r3,sympy__sympy-17630,3,evaluate_only,2026-08-28T01:15:37.676506,False,ablation_evaluation_reports_missing,ICLR_results/swebench/ablation/qwen35b/di__b10k__otrc-tr/experiment_results.json,qwen35-a3b
di__b10k__trc-ss,django__django-14999__trc-ss__r2,django__django-14999,2,evaluate_only,2026-04-26T16:46:01.597068,False,ablation_evaluation_reports_missing,ICLR_results/swebench/ablation/qwen35b/di__b10k__trc-ss/experiment_results.json,qwen35-a3b
di__b10k__trc-ss,sympy__sympy-13031__trc-ss__r3,sympy__sympy-13031,3,evaluate_only,2026-08-27T23:45:21.595616,False,ablation_evaluation_reports_missing,ICLR_results/swebench/ablation/qwen35b/di__b10k__trc-ss/experiment_results.json,qwen35-a3b
di__b10k__trc-su,django__django-11292__trc-su__r3,django__django-11292,3,evaluate_only,2026-08-27T23:15:44.702897,False,ablation_evaluation_reports_missing,ICLR_results/swebench/ablation/qwen35b/di__b10k__trc-su/experiment_results.json,qwen35-a3b
di__b10k__trc-su,django__django-13964__trc-su__r2,django__django-13964,2,evaluate_only,2026-04-26T16:32:09.531436,False,ablation_evaluation_reports_missing,ICLR_results/swebench/ablation/qwen35b/di__b10k__trc-su/experiment_results.json,qwen35-a3b
di__b10k__trc-su,sympy__sympy-13031__trc-su__r1,sympy__sympy-13031,1,evaluate_only,2026-04-26T17:16:15.464919,False,ablation_evaluation_reports_missing,ICLR_results/swebench/ablation/qwen35b/di__b10k__trc-su/experiment_results.json,qwen35-a3b
di__b10k__trc-su,sympy__sympy-17630__trc-su__r3,sympy__sympy-17630,3,evaluate_only,2026-08-27T23:43:27.969232,False,ablation_evaluation_reports_missing,ICLR_results/swebench/ablation/qwen35b/di__b10k__trc-su/experiment_results.json,qwen35-a3b
di__b10k__trc,django__django-11292__tool-result-clear__r2,django__django-11292,2,evaluate_only,2026-04-20T20:37:04.161685,False,ablation_evaluation_reports_missing,ICLR_results/swebench/ablation/qwen35b/di__b10k__trc/experiment_results.json,qwen35-a3b
di__b10k__trc,django__django-14580__tool-result-clear__r2,django__django-14580,2,evaluate_only,2026-04-20T21:31:23.623010,False,ablation_evaluation_reports_missing,ICLR_results/swebench/ablation/qwen35b/di__b10k__trc/experiment_results.json,qwen35-a3b
di__b10k__trc,django__django-14999__tool-result-clear__r1,django__django-14999,1,evaluate_only,2026-04-20T21:45:51.296281,False,ablation_evaluation_reports_missing,ICLR_results/swebench/ablation/qwen35b/di__b10k__trc/experiment_results.json,qwen35-a3b
di__b10k__trc,django__django-14999__tool-result-clear__r3,django__django-14999,3,evaluate_only,2026-08-27T19:18:22.616642,False,ablation_evaluation_reports_missing,ICLR_results/swebench/ablation/qwen35b/di__b10k__trc/experiment_results.json,qwen35-a3b
di__b10k__trc,scikit-learn__scikit-learn-10908__tool-result-clear__r2,scikit-learn__scikit-learn-10908,2,evaluate_only,2026-04-20T22:13:02.688663,False,ablation_evaluation_reports_missing,ICLR_results/swebench/ablation/qwen35b/di__b10k__trc/experiment_results.json,qwen35-a3b
di__b10k__trc,scikit-learn__scikit-learn-11310__tool-result-clear__r2,scikit-learn__scikit-learn-11310,2,evaluate_only,2026-04-20T22:16:07.366562,False,ablation_evaluation_reports_missing,ICLR_results/swebench/ablation/qwen35b/di__b10k__trc/experiment_results.json,qwen35-a3b
di__b10k__trc,sympy__sympy-11618__tool-result-clear__r2,sympy__sympy-11618,2,evaluate_only,2026-04-20T23:17:39.939480,False,ablation_evaluation_reports_missing,ICLR_results/swebench/ablation/qwen35b/di__b10k__trc/experiment_results.json,qwen35-a3b
di__b10k__trc,sympy__sympy-13031__tool-result-clear__r1,sympy__sympy-13031,1,evaluate_only,2026-04-20T23:22:31.654283,False,ablation_evaluation_reports_missing,ICLR_results/swebench/ablation/qwen35b/di__b10k__trc/experiment_results.json,qwen35-a3b
di__b10k__trc,sympy__sympy-13031__tool-result-clear__r2,sympy__sympy-13031,2,evaluate_only,2026-04-20T23:23:04.221649,False,ablation_evaluation_reports_missing,ICLR_results/swebench/ablation/qwen35b/di__b10k__trc/experiment_results.json,qwen35-a3b
di__b10k__trc,sympy__sympy-13091__tool-result-clear__r1,sympy__sympy-13091,1,evaluate_only,2026-04-20T23:30:53.808349,False,ablation_evaluation_reports_missing,ICLR_results/swebench/ablation/qwen35b/di__b10k__trc/experiment_results.json,qwen35-a3b
di__b10k__trc,sympy__sympy-15345__tool-result-clear__r1,sympy__sympy-15345,1,evaluate_only,2026-04-20T23:56:34.541922,False,ablation_evaluation_reports_missing,ICLR_results/swebench/ablation/qwen35b/di__b10k__trc/experiment_results.json,qwen35-a3b
di__b10k__trc,sympy__sympy-17630__tool-result-clear__r1,sympy__sympy-17630,1,evaluate_only,2026-04-21T00:00:10.303739,False,ablation_evaluation_reports_missing,ICLR_results/swebench/ablation/qwen35b/di__b10k__trc/experiment_results.json,qwen35-a3b
di__b10k__trc,sympy__sympy-17630__tool-result-clear__r2,sympy__sympy-17630,2,evaluate_only,2026-04-20T23:59:14.684431,False,ablation_evaluation_reports_missing,ICLR_results/swebench/ablation/qwen35b/di__b10k__trc/experiment_results.json,qwen35-a3b
di__b10k__trc,sympy__sympy-17630__tool-result-clear__r3,sympy__sympy-17630,3,evaluate_only,2026-08-27T19:26:24.119034,False,ablation_evaluation_reports_missing,ICLR_results/swebench/ablation/qwen35b/di__b10k__trc/experiment_results.json,qwen35-a3b
di__b10k__trc,sympy__sympy-19637__tool-result-clear__r2,sympy__sympy-19637,2,evaluate_only,2026-04-21T00:02:31.039220,False,ablation_evaluation_reports_missing,ICLR_results/swebench/ablation/qwen35b/di__b10k__trc/experiment_results.json,qwen35-a3b
di__b20k__otrc-ss-partial,django__django-14999__otrc-ss-partial__r1,django__django-14999,1,evaluate_only,2026-04-29T09:19:45.726927,False,ablation_evaluation_reports_missing,ICLR_results/swebench/ablation/qwen35b/di__b20k__otrc-ss-partial/experiment_results.json,qwen35-a3b
di__b20k__otrc-ss-partial,django__django-14999__otrc-ss-partial__r3,django__django-14999,3,evaluate_only,2026-08-28T03:34:11.898761,False,ablation_evaluation_reports_missing,ICLR_results/swebench/ablation/qwen35b/di__b20k__otrc-ss-partial/experiment_results.json,qwen35-a3b
di__b20k__otrc-ss-partial,scikit-learn__scikit-learn-10908__otrc-ss-partial__r1,scikit-learn__scikit-learn-10908,1,evaluate_only,2026-04-29T09:30:13.138036,False,ablation_evaluation_reports_missing,ICLR_results/swebench/ablation/qwen35b/di__b20k__otrc-ss-partial/experiment_results.json,qwen35-a3b
di__b20k__otrc-ss-partial,scikit-learn__scikit-learn-10908__otrc-ss-partial__r2,scikit-learn__scikit-learn-10908,2,evaluate_only,2026-04-29T09:42:59.312994,False,ablation_evaluation_reports_missing,ICLR_results/swebench/ablation/qwen35b/di__b20k__otrc-ss-partial/experiment_results.json,qwen35-a3b
di__b20k__otrc-ss-partial,scikit-learn__scikit-learn-10908__otrc-ss-partial__r3,scikit-learn__scikit-learn-10908,3,evaluate_only,2026-08-28T03:40:04.948810,False,ablation_evaluation_reports_missing,ICLR_results/swebench/ablation/qwen35b/di__b20k__otrc-ss-partial/experiment_results.json,qwen35-a3b
di__b20k__otrc-ss-partial,scikit-learn__scikit-learn-13328__otrc-ss-partial__r3,scikit-learn__scikit-learn-13328,3,evaluate_only,2026-08-28T03:40:50.682552,False,ablation_evaluation_reports_missing,ICLR_results/swebench/ablation/qwen35b/di__b20k__otrc-ss-partial/experiment_results.json,qwen35-a3b
di__b20k__otrc-ss-partial,sympy__sympy-13031__otrc-ss-partial__r2,sympy__sympy-13031,2,evaluate_only,2026-04-29T10:08:53.888086,False,ablation_evaluation_reports_missing,ICLR_results/swebench/ablation/qwen35b/di__b20k__otrc-ss-partial/experiment_results.json,qwen35-a3b
di__b20k__otrc-ss-partial,sympy__sympy-13091__otrc-ss-partial__r1,sympy__sympy-13091,1,evaluate_only,2026-04-29T10:09:21.327735,False,ablation_evaluation_reports_missing,ICLR_results/swebench/ablation/qwen35b/di__b20k__otrc-ss-partial/experiment_results.json,qwen35-a3b
di__b20k__otrc-su-partial,django__django-14580__otrc-su-partial__r1,django__django-14580,1,evaluate_only,2026-04-29T09:11:25.220994,False,ablation_evaluation_reports_missing,ICLR_results/swebench/ablation/qwen35b/di__b20k__otrc-su-partial/experiment_results.json,qwen35-a3b
di__b20k__otrc-su-partial,scikit-learn__scikit-learn-10908__otrc-su-partial__r1,scikit-learn__scikit-learn-10908,1,evaluate_only,2026-04-29T09:37:28.962566,False,ablation_evaluation_reports_missing,ICLR_results/swebench/ablation/qwen35b/di__b20k__otrc-su-partial/experiment_results.json,qwen35-a3b
di__b20k__otrc-su-partial,scikit-learn__scikit-learn-10908__otrc-su-partial__r3,scikit-learn__scikit-learn-10908,3,evaluate_only,2026-08-28T03:35:36.300450,False,ablation_evaluation_reports_missing,ICLR_results/swebench/ablation/qwen35b/di__b20k__otrc-su-partial/experiment_results.json,qwen35-a3b
di__b20k__otrc-su-partial,scikit-learn__scikit-learn-11310__otrc-su-partial__r1,scikit-learn__scikit-learn-11310,1,evaluate_only,2026-04-29T09:36:00.064305,False,ablation_evaluation_reports_missing,ICLR_results/swebench/ablation/qwen35b/di__b20k__otrc-su-partial/experiment_results.json,qwen35-a3b
di__b20k__otrc-su-partial,scikit-learn__scikit-learn-11310__otrc-su-partial__r2,scikit-learn__scikit-learn-11310,2,evaluate_only,2026-04-29T09:33:56.297215,False,ablation_evaluation_reports_missing,ICLR_results/swebench/ablation/qwen35b/di__b20k__otrc-su-partial/experiment_results.json,qwen35-a3b
di__b20k__otrc-su-partial,scikit-learn__scikit-learn-11310__otrc-su-partial__r3,scikit-learn__scikit-learn-11310,3,evaluate_only,2026-08-28T03:38:17.132044,False,ablation_evaluation_reports_missing,ICLR_results/swebench/ablation/qwen35b/di__b20k__otrc-su-partial/experiment_results.json,qwen35-a3b
di__b20k__otrc-su-partial,scikit-learn__scikit-learn-13328__otrc-su-partial__r1,scikit-learn__scikit-learn-13328,1,evaluate_only,2026-04-29T09:46:29.569764,False,ablation_evaluation_reports_missing,ICLR_results/swebench/ablation/qwen35b/di__b20k__otrc-su-partial/experiment_results.json,qwen35-a3b
di__b20k__otrc-su-partial,sympy__sympy-13031__otrc-su-partial__r2,sympy__sympy-13031,2,evaluate_only,2026-04-29T10:03:45.012035,False,ablation_evaluation_reports_missing,ICLR_results/swebench/ablation/qwen35b/di__b20k__otrc-su-partial/experiment_results.json,qwen35-a3b
di__b20k__otrc-su-partial,sympy__sympy-17630__otrc-su-partial__r3,sympy__sympy-17630,3,evaluate_only,2026-08-28T04:08:55.339689,False,ablation_evaluation_reports_missing,ICLR_results/swebench/ablation/qwen35b/di__b20k__otrc-su-partial/experiment_results.json,qwen35-a3b
di__b20k__otrc-tr,django__django-11299__otrc-tr__r3,django__django-11299,3,evaluate_only,2026-08-28T03:27:41.531900,False,ablation_evaluation_reports_missing,ICLR_results/swebench/ablation/qwen35b/di__b20k__otrc-tr/experiment_results.json,qwen35-a3b
di__b20k__otrc-tr,django__django-12273__otrc-tr__r2,django__django-12273,2,evaluate_only,2026-04-29T09:08:18.581881,False,ablation_evaluation_reports_missing,ICLR_results/swebench/ablation/qwen35b/di__b20k__otrc-tr/experiment_results.json,qwen35-a3b
di__b20k__otrc-tr,django__django-12273__otrc-tr__r3,django__django-12273,3,evaluate_only,2026-08-28T03:39:20.436690,False,ablation_evaluation_reports_missing,ICLR_results/swebench/ablation/qwen35b/di__b20k__otrc-tr/experiment_results.json,qwen35-a3b
di__b20k__otrc-tr,django__django-13012__otrc-tr__r3,django__django-13012,3,evaluate_only,2026-08-28T03:22:54.304020,False,ablation_evaluation_reports_missing,ICLR_results/swebench/ablation/qwen35b/di__b20k__otrc-tr/experiment_results.json,qwen35-a3b
di__b20k__otrc-tr,django__django-14999__otrc-tr__r3,django__django-14999,3,evaluate_only,2026-08-28T03:29:59.652077,False,ablation_evaluation_reports_missing,ICLR_results/swebench/ablation/qwen35b/di__b20k__otrc-tr/experiment_results.json,qwen35-a3b
di__b20k__otrc-tr,scikit-learn__scikit-learn-11310__otrc-tr__r2,scikit-learn__scikit-learn-11310,2,evaluate_only,2026-04-29T09:36:09.380879,False,ablation_evaluation_reports_missing,ICLR_results/swebench/ablation/qwen35b/di__b20k__otrc-tr/experiment_results.json,qwen35-a3b
di__b20k__otrc-tr,scikit-learn__scikit-learn-13328__otrc-tr__r1,scikit-learn__scikit-learn-13328,1,evaluate_only,2026-04-29T09:49:31.602306,False,ablation_evaluation_reports_missing,ICLR_results/swebench/ablation/qwen35b/di__b20k__otrc-tr/experiment_results.json,qwen35-a3b
di__b20k__otrc-tr,scikit-learn__scikit-learn-13328__otrc-tr__r2,scikit-learn__scikit-learn-13328,2,evaluate_only,2026-04-29T09:50:19.499730,False,ablation_evaluation_reports_missing,ICLR_results/swebench/ablation/qwen35b/di__b20k__otrc-tr/experiment_results.json,qwen35-a3b
di__b20k__otrc-tr,sympy__sympy-13031__otrc-tr__r1,sympy__sympy-13031,1,evaluate_only,2026-04-29T10:06:44.630708,False,ablation_evaluation_reports_missing,ICLR_results/swebench/ablation/qwen35b/di__b20k__otrc-tr/experiment_results.json,qwen35-a3b
di__b20k__otrc-tr,sympy__sympy-13031__otrc-tr__r2,sympy__sympy-13031,2,evaluate_only,2026-04-29T10:01:23.011826,False,ablation_evaluation_reports_missing,ICLR_results/swebench/ablation/qwen35b/di__b20k__otrc-tr/experiment_results.json,qwen35-a3b
di__b20k__otrc-tr,sympy__sympy-13091__otrc-tr__r1,sympy__sympy-13091,1,evaluate_only,2026-04-29T10:03:24.359782,False,ablation_evaluation_reports_missing,ICLR_results/swebench/ablation/qwen35b/di__b20k__otrc-tr/experiment_results.json,qwen35-a3b
di__b20k__otrc-tr,sympy__sympy-13091__otrc-tr__r3,sympy__sympy-13091,3,evaluate_only,2026-08-28T03:54:21.341384,False,ablation_evaluation_reports_missing,ICLR_results/swebench/ablation/qwen35b/di__b20k__otrc-tr/experiment_results.json,qwen35-a3b
di__b20k__otrc-tr,sympy__sympy-17630__otrc-tr__r2,sympy__sympy-17630,2,evaluate_only,2026-04-29T10:28:10.390776,False,ablation_evaluation_reports_missing,ICLR_results/swebench/ablation/qwen35b/di__b20k__otrc-tr/experiment_results.json,qwen35-a3b
di__b20k__trc-ss,django__django-12273__trc-ss__r2,django__django-12273,2,evaluate_only,2026-04-26T18:55:43.743280,False,ablation_evaluation_reports_missing,ICLR_results/swebench/ablation/qwen35b/di__b20k__trc-ss/experiment_results.json,qwen35-a3b
di__b20k__trc-ss,sympy__sympy-13031__trc-ss__r3,sympy__sympy-13031,3,evaluate_only,2026-08-28T02:45:05.287258,False,ablation_evaluation_reports_missing,ICLR_results/swebench/ablation/qwen35b/di__b20k__trc-ss/experiment_results.json,qwen35-a3b
di__b20k__trc-ss,sympy__sympy-13091__trc-ss__r1,sympy__sympy-13091,1,evaluate_only,2026-04-26T19:48:21.729009,False,ablation_evaluation_reports_missing,ICLR_results/swebench/ablation/qwen35b/di__b20k__trc-ss/experiment_results.json,qwen35-a3b
di__b20k__trc-ss,sympy__sympy-13091__trc-ss__r3,sympy__sympy-13091,3,evaluate_only,2026-08-28T02:33:42.785017,False,ablation_evaluation_reports_missing,ICLR_results/swebench/ablation/qwen35b/di__b20k__trc-ss/experiment_results.json,qwen35-a3b
di__b20k__trc-ss,sympy__sympy-17630__trc-ss__r1,sympy__sympy-17630,1,evaluate_only,2026-04-26T20:02:35.795996,False,ablation_evaluation_reports_missing,ICLR_results/swebench/ablation/qwen35b/di__b20k__trc-ss/experiment_results.json,qwen35-a3b
di__b20k__trc-ss,sympy__sympy-17630__trc-ss__r2,sympy__sympy-17630,2,evaluate_only,2026-04-26T20:03:11.078745,False,ablation_evaluation_reports_missing,ICLR_results/swebench/ablation/qwen35b/di__b20k__trc-ss/experiment_results.json,qwen35-a3b
di__b20k__trc-ss,sympy__sympy-17630__trc-ss__r3,sympy__sympy-17630,3,evaluate_only,2026-08-28T02:48:25.709436,False,ablation_evaluation_reports_missing,ICLR_results/swebench/ablation/qwen35b/di__b20k__trc-ss/experiment_results.json,qwen35-a3b
di__b20k__trc-su,django__django-13964__trc-su__r1,django__django-13964,1,evaluate_only,2026-04-26T18:57:34.769572,False,ablation_evaluation_reports_missing,ICLR_results/swebench/ablation/qwen35b/di__b20k__trc-su/experiment_results.json,qwen35-a3b
di__b20k__trc-su,django__django-13964__trc-su__r3,django__django-13964,3,evaluate_only,2026-08-28T02:16:40.355375,False,ablation_evaluation_reports_missing,ICLR_results/swebench/ablation/qwen35b/di__b20k__trc-su/experiment_results.json,qwen35-a3b
di__b20k__trc-su,scikit-learn__scikit-learn-10908__trc-su__r1,scikit-learn__scikit-learn-10908,1,evaluate_only,2026-04-26T19:16:28.541083,False,ablation_evaluation_reports_missing,ICLR_results/swebench/ablation/qwen35b/di__b20k__trc-su/experiment_results.json,qwen35-a3b
di__b20k__trc-su,sympy__sympy-13031__trc-su__r1,sympy__sympy-13031,1,evaluate_only,2026-04-26T19:45:54.705127,False,ablation_evaluation_reports_missing,ICLR_results/swebench/ablation/qwen35b/di__b20k__trc-su/experiment_results.json,qwen35-a3b
di__b20k__trc-su,sympy__sympy-13031__trc-su__r3,sympy__sympy-13031,3,evaluate_only,2026-08-28T02:33:59.186331,False,ablation_evaluation_reports_missing,ICLR_results/swebench/ablation/qwen35b/di__b20k__trc-su/experiment_results.json,qwen35-a3b
di__b20k__trc-su,sympy__sympy-13091__trc-su__r1,sympy__sympy-13091,1,evaluate_only,2026-04-26T19:53:35.395034,False,ablation_evaluation_reports_missing,ICLR_results/swebench/ablation/qwen35b/di__b20k__trc-su/experiment_results.json,qwen35-a3b
di__b20k__trc-su,sympy__sympy-13091__trc-su__r2,sympy__sympy-13091,2,evaluate_only,2026-04-26T19:40:57.353532,False,ablation_evaluation_reports_missing,ICLR_results/swebench/ablation/qwen35b/di__b20k__trc-su/experiment_results.json,qwen35-a3b
di__b20k__trc-su,sympy__sympy-17630__trc-su__r2,sympy__sympy-17630,2,evaluate_only,2026-04-26T19:57:21.964595,False,ablation_evaluation_reports_missing,ICLR_results/swebench/ablation/qwen35b/di__b20k__trc-su/experiment_results.json,qwen35-a3b
di__b20k__trc,django__django-14999__tool-result-clear__r2,django__django-14999,2,evaluate_only,2026-04-21T02:10:44.636541,False,ablation_evaluation_reports_missing,ICLR_results/swebench/ablation/qwen35b/di__b20k__trc/experiment_results.json,qwen35-a3b
di__b20k__trc,scikit-learn__scikit-learn-10908__tool-result-clear__r2,scikit-learn__scikit-learn-10908,2,evaluate_only,2026-04-21T02:31:54.094057,False,ablation_evaluation_reports_missing,ICLR_results/swebench/ablation/qwen35b/di__b20k__trc/experiment_results.json,qwen35-a3b
di__b20k__trc,scikit-learn__scikit-learn-11310__tool-result-clear__r2,scikit-learn__scikit-learn-11310,2,evaluate_only,2026-04-21T02:39:51.715667,False,ablation_evaluation_reports_missing,ICLR_results/swebench/ablation/qwen35b/di__b20k__trc/experiment_results.json,qwen35-a3b
di__b20k__trc,scikit-learn__scikit-learn-11310__tool-result-clear__r3,scikit-learn__scikit-learn-11310,3,evaluate_only,2026-08-27T19:53:41.372058,False,ablation_evaluation_reports_missing,ICLR_results/swebench/ablation/qwen35b/di__b20k__trc/experiment_results.json,qwen35-a3b
di__b20k__trc,sympy__sympy-13031__tool-result-clear__r1,sympy__sympy-13031,1,evaluate_only,2026-04-21T03:25:23.870587,False,ablation_evaluation_reports_missing,ICLR_results/swebench/ablation/qwen35b/di__b20k__trc/experiment_results.json,qwen35-a3b
di__b20k__trc,sympy__sympy-17630__tool-result-clear__r1,sympy__sympy-17630,1,evaluate_only,2026-04-21T03:58:40.472273,False,ablation_evaluation_reports_missing,ICLR_results/swebench/ablation/qwen35b/di__b20k__trc/experiment_results.json,qwen35-a3b
di__b20k__trc,sympy__sympy-17630__tool-result-clear__r2,sympy__sympy-17630,2,evaluate_only,2026-04-21T04:00:17.706100,False,ablation_evaluation_reports_missing,ICLR_results/swebench/ablation/qwen35b/di__b20k__trc/experiment_results.json,qwen35-a3b
di__b20k__trc,sympy__sympy-17630__tool-result-clear__r3,sympy__sympy-17630,3,evaluate_only,2026-08-27T19:57:43.689424,False,ablation_evaluation_reports_missing,ICLR_results/swebench/ablation/qwen35b/di__b20k__trc/experiment_results.json,qwen35-a3b
