benchmark,policy,resolve,dres,dres_lo,dres_hi,usage,usage_lo,usage_hi,bill,bill_lo,bill_hi,time,time_lo,time_hi,n_shared,resolve_lo,resolve_hi,n_success_tasks,n_attempts
swebench,FC,53.0,0.0,0.0,0.0,1.0,1.0,1.0,1.0,1.0,1.0,1.0,1.0,1.0,91,44.33333333333333,61.33333333333334,100,300
swebench,TR,44.33333333333333,-8.666666666666666,-14.666666666666664,-3.0000000000000004,0.6812740720285063,0.6105496551314017,0.7615857709378967,0.8664668656074975,0.7824843203958188,0.9606814502933603,0.9473238271689116,0.865529817211652,1.0373323600346442,91,36.0,52.66666666666667,100,300
swebench,TRC,53.666666666666664,0.6666666666666664,-3.9999999999999996,4.999999999999999,0.5665986982666673,0.504179372881002,0.6387365426806638,0.7138554599961907,0.6410440286947087,0.7917115276540146,0.7867366048888748,0.7248428570036197,0.8536689903627694,89,45.0,62.0,100,300
swebench,SU,42.0,-10.999999999999998,-16.0,-6.333333333333334,0.5922527276136448,0.5289320316530153,0.6621809166338575,0.9310391875035277,0.8367733764288984,1.032301902422711,1.0007045565778365,0.9169076395664865,1.0886916615650746,91,34.333333333333336,49.666666666666664,100,300
swebench,SU-p,48.99999999999999,-3.9999999999999987,-9.333333333333336,1.3333333333333328,0.5493015579821527,0.5006966516363803,0.60627587740344,0.8305528325514027,0.7551613622066288,0.9173971045359814,0.9042773836334893,0.8233608266330414,0.9911237631282809,88,40.666666666666664,57.333333333333336,100,300
swebench,SS,42.99999999999999,-10.000000000000002,-15.0,-5.0,0.545943773215309,0.4849239708355964,0.6174504533029913,0.8481249085825175,0.7572733995777721,0.9552717901708498,1.0016619840162313,0.8996692953032891,1.1198154233828146,88,35.0,51.0,100,300
swebench,SS-p,49.666666666666664,-3.333333333333334,-8.333333333333334,1.6666666666666652,0.599302531029517,0.5394570668866646,0.6693591261335632,0.8907088155637441,0.8036129598635172,0.9848929101203716,0.9187313191841285,0.8489034418829876,0.9967531063768736,90,41.33333333333333,57.99999999999999,100,300
swebench,TRC+SU,52.0,-1.0000000000000002,-6.333333333333334,4.333333333333333,0.571900204215111,0.5157533826362447,0.6358392801292813,0.8209213764007722,0.7475393768563546,0.9035376025148086,0.882061652525376,0.818864964638289,0.9521737042662773,90,43.333333333333336,60.34166666666655,100,300
swebench,TRC+SS,50.66666666666666,-2.3333333333333335,-7.000000000000001,2.6666666666666656,0.5797416758361584,0.5224157018875373,0.6411500051521076,0.8307041329533489,0.7533869369516746,0.9140629543710987,0.8975009637755296,0.8219555707865673,0.9903652830655449,90,42.333333333333336,58.666666666666664,100,300
swebench,OTRC+TR,45.33333333333333,-7.666666666666668,-13.333333333333332,-2.3250000000001205,0.5268558944612483,0.4768021142319276,0.5861856859318622,0.8744931237793835,0.7945937878304156,0.9657642151153022,0.8908021448638416,0.8152891138669965,0.972636186904874,91,37.324999999999996,53.333333333333336,100,300
swebench,OTRC+SU-p,49.0,-4.0,-9.0,1.3333333333333328,0.46179908086330806,0.412325081258905,0.5168188723310767,0.7992756986253529,0.7189927984756637,0.8818826489829662,0.794821667755217,0.7161037453828689,0.8829218616265919,89,40.65833333333333,57.666666666666664,100,300
swebench,OTRC+SS-p,46.99999999999999,-5.999999999999999,-11.999999999999998,-0.333333333333333,0.417644628193333,0.3671110715954936,0.4760861812603525,0.7277195444992767,0.6499403814958544,0.817253370824862,0.8851556909171975,0.7934588014077067,0.9863456553366295,88,38.333333333333336,55.66666666666668,100,300
swebench,OTRC,51.33333333333333,-1.666666666666667,-6.666666666666666,3.0,0.6198015413752562,0.5599746754873759,0.6891917121782982,0.9477829513607399,0.8652981976563617,1.0394961983928193,0.8811595442832292,0.812199611936509,0.9546930264091288,89,42.666666666666664,60.0,100,300
terminalbench,FC,42.5,0.0,0.0,0.0,1.0,1.0,1.0,1.0,1.0,1.0,1.0,1.0,1.0,34,29.166666666666664,55.83333333333332,40,120
terminalbench,TR,39.166666666666664,-3.3333333333333335,-14.166666666666666,6.666666666666666,0.45073358019417503,0.3251121339412754,0.6922075439502383,0.9629958172516129,0.6491495314220699,1.449271494759072,1.3014225371358754,1.0236420724401705,1.660707217453912,33,25.83333333333333,53.333333333333336,40,120
terminalbench,TRC,34.166666666666664,-8.333333333333334,-17.499999999999996,-0.8333333333333336,0.47140970286188866,0.3339203195716506,0.7309019376217207,1.0375667452805954,0.6858495833406475,1.5985267451365495,1.2502987482048313,0.9975306256797414,1.576244571759624,33,22.5,46.666666666666664,40,120
terminalbench,SU,31.66666666666666,-10.833333333333332,-20.833333333333332,-1.6666666666666665,0.42492171366037607,0.27467674026625155,0.8570464784396957,1.3172886584435641,0.8683829207837498,2.2391117398135227,2.347749166006983,1.6978011061610547,3.161158198236405,25,20.0,44.16666666666666,40,120
terminalbench,SU-p,36.666666666666664,-5.833333333333333,-12.5,0.8333333333333334,0.3320712357345694,0.21943990896805815,0.548018491520728,0.982204992140179,0.6249411319040192,1.4835501572110974,1.3815519298724306,1.00501459904582,1.811363981015206,30,24.166666666666664,50.0,40,117
terminalbench,SS,33.333333333333336,-9.166666666666666,-17.5,-1.6458333333336355,0.3338902443490681,0.205344266309135,0.6519236631844777,1.0398744541936262,0.6610221756055799,1.7981790369135182,1.9010350306139832,1.2700878581658568,2.7415885259990156,28,21.666666666666664,45.83333333333333,40,119
terminalbench,SS-p,30.0,-12.5,-21.666666666666664,-4.166666666666666,0.3634804460285566,0.2890506949869733,0.5097430294136763,1.0583458725223922,0.8470986294875422,1.4077242337077738,1.6610003785382277,1.3877551667375958,1.977386665174239,30,18.333333333333332,42.5,40,119
terminalbench,TRC+SU,32.5,-10.0,-19.166666666666664,-1.6666666666666656,0.3298575953778959,0.1996308104291335,0.6353257134043592,1.0384409520313824,0.6285015227869339,1.7597526804372738,1.737204255386318,1.1222961303542642,2.57867715390101,27,20.833333333333332,45.0,40,120
terminalbench,TRC+SS,37.5,-5.0,-13.333333333333332,2.5,0.27550749028493066,0.20306310052240434,0.4175146363781642,0.8241738048249656,0.6029031360578442,1.167137381497648,1.6059394845234443,1.2337453507512428,2.106261353059355,32,25.0,50.83333333333333,40,120
terminalbench,OTRC+TR,30.0,-12.499999999999998,-23.333333333333332,-2.4999999999999996,0.45066698703529506,0.3173880605795507,0.7317293365863673,0.7687628612167512,0.5434159345979506,1.1788174182817113,1.4830859855107967,1.208129171933137,1.8526952573513595,32,17.5,43.33333333333333,40,120
terminalbench,OTRC+SU-p,30.83333333333333,-11.666666666666668,-21.666666666666664,-2.499999999999999,0.35165044705557036,0.24050251800464717,0.6240344855758497,0.9522514594035885,0.6517957500538146,1.512101294120085,1.5345543673849698,1.151928051161937,2.0917651809418634,29,20.0,42.5,40,120
terminalbench,OTRC+SS-p,35.83333333333333,-6.666666666666667,-14.166666666666668,0.8333333333333333,0.390190114099887,0.27022564264095345,0.6506155196553329,1.053211895214632,0.7157166305142608,1.630362576267843,1.8275883292106214,1.3491873450785277,2.444347217428572,28,23.333333333333332,48.33333333333333,40,120
terminalbench,OTRC,42.5,-1.7763568394002506e-16,-8.333333333333332,8.333333333333332,0.6015477723822612,0.44295585093368195,0.8101756076705919,1.2660098211961923,0.9766518158204157,1.7115977740044306,1.1462394057804117,0.9554747856190807,1.346587414862872,32,29.166666666666664,55.833333333333336,40,120
