policy,resolve,dres,dres_lo,dres_hi,usage,usage_lo,usage_hi,bill,bill_lo,bill_hi,time,time_lo,time_hi,n_shared,resolve_lo,resolve_hi,n_success_tasks,n_attempts
FC,42.5,0.0,0.0,0.0,1.0,1.0,1.0,1.0,1.0,1.0,1.0,1.0,1.0,34,29.166666666666664,55.83333333333332,40,120
TR,39.166666666666664,-3.3333333333333335,-14.166666666666666,6.666666666666666,0.45073358019417503,0.3251121339412754,0.6922075439502383,0.9629958172516129,0.6491495314220699,1.449271494759072,1.3014225371358754,1.0236420724401705,1.660707217453912,33,25.83333333333333,53.333333333333336,40,120
TRC,34.166666666666664,-8.333333333333334,-17.499999999999996,-0.8333333333333336,0.47140970286188866,0.3339203195716506,0.7309019376217207,1.0375667452805954,0.6858495833406475,1.5985267451365495,1.2502987482048313,0.9975306256797414,1.576244571759624,33,22.5,46.666666666666664,40,120
SU,31.66666666666666,-10.833333333333332,-20.833333333333332,-1.6666666666666665,0.42492171366037607,0.27467674026625155,0.8570464784396957,1.3172886584435641,0.8683829207837498,2.2391117398135227,2.347749166006983,1.6978011061610547,3.161158198236405,25,20.0,44.16666666666666,40,120
SU-p,36.666666666666664,-5.833333333333333,-12.5,0.8333333333333334,0.3320712357345694,0.21943990896805815,0.548018491520728,0.982204992140179,0.6249411319040192,1.4835501572110974,1.3815519298724306,1.00501459904582,1.811363981015206,30,24.166666666666664,50.0,40,117
SS,33.333333333333336,-9.166666666666666,-17.5,-1.6458333333336355,0.3338902443490681,0.205344266309135,0.6519236631844777,1.0398744541936262,0.6610221756055799,1.7981790369135182,1.9010350306139832,1.2700878581658568,2.7415885259990156,28,21.666666666666664,45.83333333333333,40,119
SS-p,30.0,-12.5,-21.666666666666664,-4.166666666666666,0.3634804460285566,0.2890506949869733,0.5097430294136763,1.0583458725223922,0.8470986294875422,1.4077242337077738,1.6610003785382277,1.3877551667375958,1.977386665174239,30,18.333333333333332,42.5,40,119
TRC+SU,32.5,-10.0,-19.166666666666664,-1.6666666666666656,0.3298575953778959,0.1996308104291335,0.6353257134043592,1.0384409520313824,0.6285015227869339,1.7597526804372738,1.737204255386318,1.1222961303542642,2.57867715390101,27,20.833333333333332,45.0,40,120
TRC+SS,37.5,-5.0,-13.333333333333332,2.5,0.27550749028493066,0.20306310052240434,0.4175146363781642,0.8241738048249656,0.6029031360578442,1.167137381497648,1.6059394845234443,1.2337453507512428,2.106261353059355,32,25.0,50.83333333333333,40,120
OTRC+TR,30.0,-12.499999999999998,-23.333333333333332,-2.4999999999999996,0.45066698703529506,0.3173880605795507,0.7317293365863673,0.7687628612167512,0.5434159345979506,1.1788174182817113,1.4830859855107967,1.208129171933137,1.8526952573513595,32,17.5,43.33333333333333,40,120
OTRC+SU-p,30.83333333333333,-11.666666666666668,-21.666666666666664,-2.499999999999999,0.35165044705557036,0.24050251800464717,0.6240344855758497,0.9522514594035885,0.6517957500538146,1.512101294120085,1.5345543673849698,1.151928051161937,2.0917651809418634,29,20.0,42.5,40,120
OTRC+SS-p,35.83333333333333,-6.666666666666667,-14.166666666666668,0.8333333333333333,0.390190114099887,0.27022564264095345,0.6506155196553329,1.053211895214632,0.7157166305142608,1.630362576267843,1.8275883292106214,1.3491873450785277,2.444347217428572,28,23.333333333333332,48.33333333333333,40,120
OTRC,42.5,-1.7763568394002506e-16,-8.333333333333332,8.333333333333332,0.6015477723822612,0.44295585093368195,0.8101756076705919,1.2660098211961923,0.9766518158204157,1.7115977740044306,1.1462394057804117,0.9554747856190807,1.346587414862872,32,29.166666666666664,55.833333333333336,40,120
