policy,sweep,x,n,events,removed,calls,calls_lo,calls_hi,resolve_lo,resolve_hi,bill,e2e,n_completed,capped,stepcap,resolve
FC,primary,0.0,75,0.0,0.0,57.44,47.50533333333333,66.98666666666666,0.4933333333333333,0.7999999999999998,108986.1652173913,513.3734782608697,69,0.08,0.013333333333333334,0.6533333333333333
TR,threshold,10.0,75,6.746666666666667,29367.213333333333,84.0,69.09233333333333,98.05366666666667,0.26666666666666666,0.5733333333333333,101028.6361111111,426.25388888888887,72,0.04,0.14666666666666667,0.41333333333333333
TR,primary,15.0,75,3.48,23340.893333333333,79.16,64.72666666666667,92.13333333333333,0.30666666666666664,0.6266666666666666,113039.21323529411,551.5745588235294,68,0.09333333333333334,0.09333333333333334,0.4666666666666667
TR,threshold,20.0,75,1.7733333333333334,15992.106666666667,66.08,54.813,77.48066666666666,0.4666666666666666,0.76,111255.12428571431,479.5239999999999,70,0.06666666666666667,0.06666666666666667,0.6266666666666667
TR,depth,0.3,75,4.12,15881.76,67.50666666666666,54.61333333333333,80.60466666666663,0.4533333333333333,0.7733333333333333,116954.2075757576,496.14787878787877,66,0.12,0.02666666666666667,0.6133333333333333
TR,depth,0.7,75,2.6266666666666665,25119.373333333333,78.81333333333333,64.99966666666668,91.86766666666666,0.3466666666666666,0.6666666666666665,99559.30571428571,609.5251428571428,70,0.06666666666666667,0.09333333333333334,0.5066666666666667
SU,threshold,10.0,75,4.653333333333333,27630.493333333332,71.24,60.745666666666665,81.534,0.36,0.64,118441.4811594203,579.0775362318841,69,0.08,0.0,0.5066666666666667
SU,primary,15.0,75,1.9066666666666667,20600.986666666668,66.62666666666667,55.933,77.254,0.4,0.6533333333333333,99686.0955882353,564.2535294117647,68,0.09333333333333334,0.013333333333333334,0.5333333333333333
SU,threshold,20.0,75,1.0266666666666666,15809.32,59.92,50.17300000000001,69.32166666666664,0.4666666666666666,0.7733333333333333,97243.44776119402,491.20746268656717,67,0.10666666666666667,0.013333333333333334,0.6266666666666667
SU,depth,0.3,75,2.1333333333333333,22399.933333333334,71.94666666666667,60.27966666666667,83.84033333333333,0.3466666666666666,0.6533333333333333,117582.57971014493,606.9252173913042,69,0.08,0.05333333333333334,0.5066666666666667
SU,depth,0.7,75,1.8666666666666667,19775.573333333334,62.973333333333336,52.786,73.32,0.44,0.7466666666666667,106855.49166666667,574.5258333333334,72,0.04,0.0,0.6
SU-p,threshold,10.0,75,4.84,25734.653333333332,74.70666666666666,60.933,87.52333333333331,0.3066666666666667,0.6266666666666666,120539.55,608.299,70,0.06666666666666667,0.04,0.4666666666666667
SU-p,primary,15.0,75,1.76,14835.546666666667,58.586666666666666,45.739666666666665,70.60099999999998,0.43966666666666665,0.7466666666666667,92180.09264705882,515.125,68,0.09333333333333334,0.013333333333333334,0.6
SU-p,threshold,20.0,75,1.0533333333333332,12396.413333333334,59.16,49.812666666666665,68.84066666666666,0.5066666666666666,0.7866666666666667,102593.07285714286,574.1198571428571,70,0.06666666666666667,0.0,0.6533333333333333
SU-p,depth,0.3,75,2.5866666666666664,16102.986666666666,63.61333333333334,52.18599999999999,75.89533333333333,0.4933333333333333,0.8133333333333332,113039.16119402986,559.226567164179,67,0.10666666666666667,0.0,0.6666666666666666
SU-p,depth,0.7,75,1.9866666666666666,20410.773333333334,65.14666666666666,53.06633333333334,76.56166666666665,0.4933333333333333,0.7733333333333333,103739.07014925375,536.2176119402985,67,0.10666666666666667,0.013333333333333334,0.64
SS,threshold,10.0,75,3.9466666666666668,22864.0,64.4,53.29066666666666,75.85566666666665,0.36,0.68,104339.08428571427,559.8031428571429,70,0.06666666666666667,0.0,0.52
SS,primary,15.0,75,1.6533333333333333,17740.04,62.17333333333333,51.43966666666667,71.82999999999998,0.38666666666666666,0.7066666666666667,93942.05254237287,604.4872881355931,59,0.21333333333333335,0.0,0.5466666666666666
SS,threshold,20.0,75,1.0,15545.6,65.62666666666667,53.67833333333334,78.02666666666667,0.42666666666666664,0.7333333333333333,103709.36406250001,535.51109375,64,0.14666666666666667,0.04,0.5866666666666667
SS,depth,0.3,75,2.066666666666667,21747.88,68.08,56.94633333333333,79.34766666666665,0.4133333333333333,0.72,111351.43661971831,609.9667605633803,71,0.05333333333333334,0.013333333333333334,0.5733333333333334
SS,depth,0.7,75,1.88,19884.88,64.78666666666666,52.491,77.067,0.4,0.72,105204.27083333333,581.2979166666667,72,0.04,0.013333333333333334,0.56
SS-p,threshold,10.0,75,4.04,21496.506666666668,65.61333333333333,53.13300000000001,77.76066666666667,0.34666666666666673,0.6533333333333334,101624.28857142858,516.1142857142856,70,0.06666666666666667,0.05333333333333334,0.5066666666666667
SS-p,primary,15.0,75,1.8533333333333333,16432.013333333332,61.946666666666665,51.105000000000004,71.76066666666667,0.42666666666666664,0.7466666666666666,93710.22903225805,504.3103225806451,62,0.17333333333333334,0.04,0.6
SS-p,threshold,20.0,75,0.9066666666666666,10715.92,53.0,43.89300000000001,62.14666666666667,0.5733333333333333,0.88,92867.25714285714,525.6097142857141,70,0.06666666666666667,0.0,0.7333333333333333
SS-p,depth,0.3,75,2.12,13935.826666666666,58.25333333333333,47.10633333333334,68.74799999999998,0.5466666666666666,0.8533333333333333,108472.91971830987,524.8904225352113,71,0.05333333333333334,0.0,0.7066666666666667
SS-p,depth,0.7,75,1.8666666666666667,19345.066666666666,63.266666666666666,50.26466666666667,76.34666666666666,0.44,0.7466666666666667,104692.73287671233,538.0735616438357,73,0.02666666666666667,0.02666666666666667,0.6
