benchmark,section,cohort_model_path,cell,model,primitive,budget_tokens,depth,runs_scanned,runs_with_query_errors,runs_with_summary_marker_errors,query_error_events,summary_marker_errors
swebench,ablation,devstral24b,d03__b17k__ss,hosted_vllm/mistralai/Devstral-Small-2-24B-Instruct-2512,structured_summarize,17000,0.3,90,22,3,246,219
swebench,ablation,devstral24b,d03__b17k__ss-partial,hosted_vllm/mistralai/Devstral-Small-2-24B-Instruct-2512,structured_summarize_partial,17000,0.3,90,58,51,978,932
swebench,ablation,devstral24b,d03__b17k__su-full,hosted_vllm/mistralai/Devstral-Small-2-24B-Instruct-2512,summarization,17000,0.3,90,19,0,34,0
swebench,ablation,devstral24b,d03__b17k__su-partial,hosted_vllm/mistralai/Devstral-Small-2-24B-Instruct-2512,summarization_partial,17000,0.3,90,74,0,1180,0
swebench,ablation,devstral24b,d03__b17k__tr,hosted_vllm/mistralai/Devstral-Small-2-24B-Instruct-2512,truncation,17000,0.3,90,9,0,12,0
swebench,ablation,devstral24b,d03__b21k__ss,hosted_vllm/mistralai/Devstral-Small-2-24B-Instruct-2512,structured_summarize,21000,0.3,90,19,1,61,37
swebench,ablation,devstral24b,d03__b21k__ss-partial,hosted_vllm/mistralai/Devstral-Small-2-24B-Instruct-2512,structured_summarize_partial,21000,0.3,90,72,62,1130,1087
swebench,ablation,devstral24b,d03__b21k__su-full,hosted_vllm/mistralai/Devstral-Small-2-24B-Instruct-2512,summarization,21000,0.3,90,27,0,165,0
swebench,ablation,devstral24b,d03__b21k__su-partial,hosted_vllm/mistralai/Devstral-Small-2-24B-Instruct-2512,summarization_partial,21000,0.3,90,77,0,1411,0
swebench,ablation,devstral24b,d03__b21k__tr,hosted_vllm/mistralai/Devstral-Small-2-24B-Instruct-2512,truncation,21000,0.3,90,9,0,10,0
swebench,ablation,devstral24b,d03__b24k__ss,hosted_vllm/mistralai/Devstral-Small-2-24B-Instruct-2512,structured_summarize,24000,0.3,90,29,2,272,220
swebench,ablation,devstral24b,d03__b24k__ss-partial,hosted_vllm/mistralai/Devstral-Small-2-24B-Instruct-2512,structured_summarize_partial,24000,0.3,90,78,54,1143,1080
swebench,ablation,devstral24b,d03__b24k__su-full,hosted_vllm/mistralai/Devstral-Small-2-24B-Instruct-2512,summarization,24000,0.3,90,32,0,57,0
swebench,ablation,devstral24b,d03__b24k__su-partial,hosted_vllm/mistralai/Devstral-Small-2-24B-Instruct-2512,summarization_partial,24000,0.3,90,78,0,1284,0
swebench,ablation,devstral24b,d03__b24k__tr,hosted_vllm/mistralai/Devstral-Small-2-24B-Instruct-2512,truncation,24000,0.3,90,14,0,20,0
swebench,ablation,devstral24b,d05__b17k__ss,hosted_vllm/mistralai/Devstral-Small-2-24B-Instruct-2512,structured_summarize,17000,0.5,90,22,3,311,272
swebench,ablation,devstral24b,d05__b17k__ss-partial,hosted_vllm/mistralai/Devstral-Small-2-24B-Instruct-2512,structured_summarize_partial,17000,0.5,90,73,65,1571,1514
swebench,ablation,devstral24b,d05__b17k__su-full,hosted_vllm/mistralai/Devstral-Small-2-24B-Instruct-2512,summarization,17000,0.5,90,23,1,59,1
swebench,ablation,devstral24b,d05__b17k__su-partial,hosted_vllm/mistralai/Devstral-Small-2-24B-Instruct-2512,summarization_partial,17000,0.5,90,82,0,2250,0
swebench,ablation,devstral24b,d05__b17k__tr,hosted_vllm/mistralai/Devstral-Small-2-24B-Instruct-2512,truncation,17000,0.5,90,12,0,21,0
swebench,ablation,devstral24b,d05__b24k__ss,hosted_vllm/mistralai/Devstral-Small-2-24B-Instruct-2512,structured_summarize,24000,0.5,90,28,1,114,67
swebench,ablation,devstral24b,d05__b24k__ss-partial,hosted_vllm/mistralai/Devstral-Small-2-24B-Instruct-2512,structured_summarize_partial,24000,0.5,90,72,57,1508,1459
swebench,ablation,devstral24b,d05__b24k__su-full,hosted_vllm/mistralai/Devstral-Small-2-24B-Instruct-2512,summarization,24000,0.5,90,35,0,57,0
swebench,ablation,devstral24b,d05__b24k__su-partial,hosted_vllm/mistralai/Devstral-Small-2-24B-Instruct-2512,summarization_partial,24000,0.5,90,79,0,1674,0
swebench,ablation,devstral24b,d05__b24k__tr,hosted_vllm/mistralai/Devstral-Small-2-24B-Instruct-2512,truncation,24000,0.5,90,18,0,23,0
swebench,ablation,devstral24b,d07__b17k__ss,hosted_vllm/mistralai/Devstral-Small-2-24B-Instruct-2512,structured_summarize,17000,0.7,90,18,1,36,3
swebench,ablation,devstral24b,d07__b17k__ss-partial,hosted_vllm/mistralai/Devstral-Small-2-24B-Instruct-2512,structured_summarize_partial,17000,0.7,90,73,69,2383,2346
swebench,ablation,devstral24b,d07__b17k__su-full,hosted_vllm/mistralai/Devstral-Small-2-24B-Instruct-2512,summarization,17000,0.7,90,33,0,246,0
swebench,ablation,devstral24b,d07__b17k__su-partial,hosted_vllm/mistralai/Devstral-Small-2-24B-Instruct-2512,summarization_partial,17000,0.7,90,85,0,2978,0
swebench,ablation,devstral24b,d07__b17k__tr,hosted_vllm/mistralai/Devstral-Small-2-24B-Instruct-2512,truncation,17000,0.7,90,8,0,11,0
swebench,ablation,devstral24b,d07__b21k__ss,hosted_vllm/mistralai/Devstral-Small-2-24B-Instruct-2512,structured_summarize,21000,0.7,90,27,3,174,116
swebench,ablation,devstral24b,d07__b21k__ss-partial,hosted_vllm/mistralai/Devstral-Small-2-24B-Instruct-2512,structured_summarize_partial,21000,0.7,90,70,55,1837,1777
swebench,ablation,devstral24b,d07__b21k__su-full,hosted_vllm/mistralai/Devstral-Small-2-24B-Instruct-2512,summarization,21000,0.7,90,32,0,136,0
swebench,ablation,devstral24b,d07__b21k__su-partial,hosted_vllm/mistralai/Devstral-Small-2-24B-Instruct-2512,summarization_partial,21000,0.7,90,78,0,2310,0
swebench,ablation,devstral24b,d07__b21k__tr,hosted_vllm/mistralai/Devstral-Small-2-24B-Instruct-2512,truncation,21000,0.7,90,15,0,33,0
swebench,ablation,devstral24b,d07__b24k__ss,hosted_vllm/mistralai/Devstral-Small-2-24B-Instruct-2512,structured_summarize,24000,0.7,90,30,2,201,146
swebench,ablation,devstral24b,d07__b24k__ss-partial,hosted_vllm/mistralai/Devstral-Small-2-24B-Instruct-2512,structured_summarize_partial,24000,0.7,90,70,51,1483,1414
swebench,ablation,devstral24b,d07__b24k__su-full,hosted_vllm/mistralai/Devstral-Small-2-24B-Instruct-2512,summarization,24000,0.7,90,24,0,41,0
swebench,ablation,devstral24b,d07__b24k__su-partial,hosted_vllm/mistralai/Devstral-Small-2-24B-Instruct-2512,summarization_partial,24000,0.7,90,73,0,1632,0
swebench,ablation,devstral24b,d07__b24k__tr,hosted_vllm/mistralai/Devstral-Small-2-24B-Instruct-2512,truncation,24000,0.7,90,27,0,48,0
swebench,ablation,devstral24b,di__b17k__otrc-ss-partial,hosted_vllm/mistralai/Devstral-Small-2-24B-Instruct-2512,online_trc_structured_summarize_partial,17000,0.5,90,63,18,1128,647
swebench,ablation,devstral24b,di__b17k__otrc-su-partial,hosted_vllm/mistralai/Devstral-Small-2-24B-Instruct-2512,online_trc_summarize_partial,17000,0.5,90,72,0,944,0
swebench,ablation,devstral24b,di__b17k__otrc-tr,hosted_vllm/mistralai/Devstral-Small-2-24B-Instruct-2512,online_trc,17000,0.5,90,52,0,276,0
swebench,ablation,devstral24b,di__b17k__trc,hosted_vllm/mistralai/Devstral-Small-2-24B-Instruct-2512,tool_result_clear,17000,0.5,90,21,0,42,0
swebench,ablation,devstral24b,di__b17k__trc-ss,hosted_vllm/mistralai/Devstral-Small-2-24B-Instruct-2512,trc_structured_summarize,17000,0.5,90,46,2,77,3
swebench,ablation,devstral24b,di__b17k__trc-su,hosted_vllm/mistralai/Devstral-Small-2-24B-Instruct-2512,trc_summarize,17000,0.5,90,45,0,101,0
swebench,ablation,devstral24b,di__b24k__otrc-ss-partial,hosted_vllm/mistralai/Devstral-Small-2-24B-Instruct-2512,online_trc_structured_summarize_partial,24000,0.5,90,67,10,633,327
swebench,ablation,devstral24b,di__b24k__otrc-su-partial,hosted_vllm/mistralai/Devstral-Small-2-24B-Instruct-2512,online_trc_summarize_partial,24000,0.5,90,65,0,559,0
swebench,ablation,devstral24b,di__b24k__otrc-tr,hosted_vllm/mistralai/Devstral-Small-2-24B-Instruct-2512,online_trc,24000,0.5,90,61,0,430,0
swebench,ablation,devstral24b,di__b24k__trc,hosted_vllm/mistralai/Devstral-Small-2-24B-Instruct-2512,tool_result_clear,24000,0.5,90,38,0,70,0
swebench,ablation,devstral24b,di__b24k__trc-ss,hosted_vllm/mistralai/Devstral-Small-2-24B-Instruct-2512,trc_structured_summarize,24000,0.5,90,47,0,92,0
swebench,ablation,devstral24b,di__b24k__trc-su,hosted_vllm/mistralai/Devstral-Small-2-24B-Instruct-2512,trc_summarize,24000,0.5,90,53,0,97,0
swebench,ablation,qwen35b,d03__b10k__ss,hosted_vllm/Qwen/Qwen3.5-35B-A3B,structured_summarize,10000,0.3,90,58,46,1817,1774
swebench,ablation,qwen35b,d03__b10k__ss-partial,hosted_vllm/Qwen/Qwen3.5-35B-A3B,structured_summarize_partial,10000,0.3,90,76,65,2041,1877
swebench,ablation,qwen35b,d03__b10k__su-full,hosted_vllm/Qwen/Qwen3.5-35B-A3B,summarization,10000,0.3,90,45,0,785,0
swebench,ablation,qwen35b,d03__b10k__su-partial,hosted_vllm/Qwen/Qwen3.5-35B-A3B,summarization_partial,10000,0.3,90,69,0,1104,0
swebench,ablation,qwen35b,d03__b10k__tr,hosted_vllm/Qwen/Qwen3.5-35B-A3B,truncation,10000,0.3,90,30,0,48,0
swebench,ablation,qwen35b,d03__b15k__ss,hosted_vllm/Qwen/Qwen3.5-35B-A3B,structured_summarize,15000,0.3,90,42,19,428,355
swebench,ablation,qwen35b,d03__b15k__ss-partial,hosted_vllm/Qwen/Qwen3.5-35B-A3B,structured_summarize_partial,15000,0.3,90,61,40,492,385
swebench,ablation,qwen35b,d03__b15k__su-full,hosted_vllm/Qwen/Qwen3.5-35B-A3B,summarization,15000,0.3,90,43,0,215,0
swebench,ablation,qwen35b,d03__b15k__su-partial,hosted_vllm/Qwen/Qwen3.5-35B-A3B,summarization_partial,15000,0.3,90,63,0,275,0
swebench,ablation,qwen35b,d03__b15k__tr,hosted_vllm/Qwen/Qwen3.5-35B-A3B,truncation,15000,0.3,90,35,0,70,0
swebench,ablation,qwen35b,d03__b20k__ss,hosted_vllm/Qwen/Qwen3.5-35B-A3B,structured_summarize,20000,0.3,90,44,9,204,137
swebench,ablation,qwen35b,d03__b20k__ss-partial,hosted_vllm/Qwen/Qwen3.5-35B-A3B,structured_summarize_partial,20000,0.3,90,61,27,242,128
swebench,ablation,qwen35b,d03__b20k__su-full,hosted_vllm/Qwen/Qwen3.5-35B-A3B,summarization,20000,0.3,90,40,0,106,0
swebench,ablation,qwen35b,d03__b20k__su-partial,hosted_vllm/Qwen/Qwen3.5-35B-A3B,summarization_partial,20000,0.3,90,53,0,181,0
swebench,ablation,qwen35b,d03__b20k__tr,hosted_vllm/Qwen/Qwen3.5-35B-A3B,truncation,20000,0.3,90,43,0,78,0
swebench,ablation,qwen35b,d07__b10k__ss,hosted_vllm/Qwen/Qwen3.5-35B-A3B,structured_summarize,10000,0.7,90,56,41,1341,1285
swebench,ablation,qwen35b,d07__b10k__ss-partial,hosted_vllm/Qwen/Qwen3.5-35B-A3B,structured_summarize_partial,10000,0.7,90,81,68,1131,1011
swebench,ablation,qwen35b,d07__b10k__su-full,hosted_vllm/Qwen/Qwen3.5-35B-A3B,summarization,10000,0.7,90,49,1,477,1
swebench,ablation,qwen35b,d07__b10k__su-partial,hosted_vllm/Qwen/Qwen3.5-35B-A3B,summarization_partial,10000,0.7,90,70,1,619,1
swebench,ablation,qwen35b,d07__b10k__tr,hosted_vllm/Qwen/Qwen3.5-35B-A3B,truncation,10000,0.7,90,33,0,43,0
swebench,ablation,qwen35b,d07__b15k__ss,hosted_vllm/Qwen/Qwen3.5-35B-A3B,structured_summarize,15000,0.7,90,39,20,397,345
swebench,ablation,qwen35b,d07__b15k__ss-partial,hosted_vllm/Qwen/Qwen3.5-35B-A3B,structured_summarize_partial,15000,0.7,90,67,46,498,384
swebench,ablation,qwen35b,d07__b15k__su-full,hosted_vllm/Qwen/Qwen3.5-35B-A3B,summarization,15000,0.7,90,41,1,145,1
swebench,ablation,qwen35b,d07__b15k__su-partial,hosted_vllm/Qwen/Qwen3.5-35B-A3B,summarization_partial,15000,0.7,90,65,0,322,0
swebench,ablation,qwen35b,d07__b15k__tr,hosted_vllm/Qwen/Qwen3.5-35B-A3B,truncation,15000,0.7,90,46,0,96,0
swebench,ablation,qwen35b,d07__b20k__ss,hosted_vllm/Qwen/Qwen3.5-35B-A3B,structured_summarize,20000,0.7,90,39,14,251,184
swebench,ablation,qwen35b,d07__b20k__ss-partial,hosted_vllm/Qwen/Qwen3.5-35B-A3B,structured_summarize_partial,20000,0.7,90,70,32,262,128
swebench,ablation,qwen35b,d07__b20k__su-full,hosted_vllm/Qwen/Qwen3.5-35B-A3B,summarization,20000,0.7,90,43,0,124,0
swebench,ablation,qwen35b,d07__b20k__su-partial,hosted_vllm/Qwen/Qwen3.5-35B-A3B,summarization_partial,20000,0.7,90,55,0,207,0
swebench,ablation,qwen35b,d07__b20k__tr,hosted_vllm/Qwen/Qwen3.5-35B-A3B,truncation,20000,0.7,90,46,0,93,0
swebench,main,devstral24b,d05__b21k__ss,hosted_vllm/mistralai/Devstral-Small-2-24B-Instruct-2512,structured_summarize,21000,0.5,300,74,10,502,266
swebench,main,devstral24b,d05__b21k__ss-partial,hosted_vllm/mistralai/Devstral-Small-2-24B-Instruct-2512,structured_summarize_partial,21000,0.5,300,234,210,5826,5660
swebench,main,devstral24b,d05__b21k__su-full,hosted_vllm/mistralai/Devstral-Small-2-24B-Instruct-2512,summarization,21000,0.5,300,93,0,225,0
swebench,main,devstral24b,d05__b21k__su-partial,hosted_vllm/mistralai/Devstral-Small-2-24B-Instruct-2512,summarization_partial,21000,0.5,300,267,0,6402,0
swebench,main,devstral24b,d05__b21k__tr,hosted_vllm/mistralai/Devstral-Small-2-24B-Instruct-2512,truncation,21000,0.5,300,39,0,66,0
swebench,main,devstral24b,di__b21k__otrc-ss-partial,hosted_vllm/mistralai/Devstral-Small-2-24B-Instruct-2512,online_trc_structured_summarize_partial,21000,0.5,300,231,35,1800,635
swebench,main,devstral24b,di__b21k__otrc-su-partial,hosted_vllm/mistralai/Devstral-Small-2-24B-Instruct-2512,online_trc_summarize_partial,21000,0.5,300,217,0,1713,0
swebench,main,devstral24b,di__b21k__otrc-tr,hosted_vllm/mistralai/Devstral-Small-2-24B-Instruct-2512,online_trc,21000,0.5,300,189,0,1135,0
swebench,main,devstral24b,di__b21k__trc,hosted_vllm/mistralai/Devstral-Small-2-24B-Instruct-2512,tool_result_clear,21000,0.5,300,98,0,172,0
swebench,main,devstral24b,di__b21k__trc-ss,hosted_vllm/mistralai/Devstral-Small-2-24B-Instruct-2512,trc_structured_summarize,21000,0.5,300,157,1,268,1
swebench,main,devstral24b,di__b21k__trc-su,hosted_vllm/mistralai/Devstral-Small-2-24B-Instruct-2512,trc_summarize,21000,0.5,300,167,0,292,0
swebench,main,devstral24b,di__binf__fc,hosted_vllm/mistralai/Devstral-Small-2-24B-Instruct-2512,truncation,999999999,0.5,293,176,0,338,0
swebench,main,devstral24b,di__binf__otrc,hosted_vllm/mistralai/Devstral-Small-2-24B-Instruct-2512,online_trc,999999999,0.5,300,222,0,1244,0
swebench,main,glm47flash,d05__bP__ss,hosted_vllm/zai-org/GLM-4.7-Flash,structured_summarize,13000,0.5,206,126,25,718,59
swebench,main,glm47flash,d05__bP__su-full,hosted_vllm/zai-org/GLM-4.7-Flash,summarization,13000,0.5,300,174,1,940,1
swebench,main,glm47flash,d05__bP__su-partial,hosted_vllm/zai-org/GLM-4.7-Flash,summarization_partial,13000,0.5,300,278,3,2486,4
swebench,main,glm47flash,d05__bP__tr,hosted_vllm/zai-org/GLM-4.7-Flash,truncation,13000,0.5,300,144,0,230,0
swebench,main,glm47flash,di__binf__fc,hosted_vllm/zai-org/GLM-4.7-Flash,truncation,999999999,0.5,100,67,0,179,0
swebench,main,qwen35b,d05__b10k__ss,hosted_vllm/Qwen/Qwen3.5-35B-A3B,structured_summarize,10000,0.5,300,202,177,4759,4477
swebench,main,qwen35b,d05__b10k__ss-partial,hosted_vllm/Qwen/Qwen3.5-35B-A3B,structured_summarize_partial,10000,0.5,300,267,230,3958,3452
swebench,main,qwen35b,d05__b10k__su-full,hosted_vllm/Qwen/Qwen3.5-35B-A3B,summarization,10000,0.5,300,172,2,2005,2
swebench,main,qwen35b,d05__b10k__su-partial,hosted_vllm/Qwen/Qwen3.5-35B-A3B,summarization_partial,10000,0.5,300,257,3,2368,3
swebench,main,qwen35b,d05__b10k__tr,hosted_vllm/Qwen/Qwen3.5-35B-A3B,truncation,10000,0.5,300,99,0,136,0
swebench,main,qwen35b,d05__b15k__ss,hosted_vllm/Qwen/Qwen3.5-35B-A3B,structured_summarize,15000,0.5,300,171,74,1462,1111
swebench,main,qwen35b,d05__b15k__ss-partial,hosted_vllm/Qwen/Qwen3.5-35B-A3B,structured_summarize_partial,15000,0.5,300,232,156,1327,910
swebench,main,qwen35b,d05__b15k__su-full,hosted_vllm/Qwen/Qwen3.5-35B-A3B,summarization,15000,0.5,300,160,1,819,1
swebench,main,qwen35b,d05__b15k__su-partial,hosted_vllm/Qwen/Qwen3.5-35B-A3B,summarization_partial,15000,0.5,300,216,0,1026,0
swebench,main,qwen35b,d05__b15k__tr,hosted_vllm/Qwen/Qwen3.5-35B-A3B,truncation,15000,0.5,300,127,0,211,0
swebench,main,qwen35b,d05__b20k__ss,hosted_vllm/Qwen/Qwen3.5-35B-A3B,structured_summarize,20000,0.5,300,159,27,574,314
swebench,main,qwen35b,d05__b20k__ss-partial,hosted_vllm/Qwen/Qwen3.5-35B-A3B,structured_summarize_partial,20000,0.5,300,212,86,760,331
swebench,main,qwen35b,d05__b20k__su-full,hosted_vllm/Qwen/Qwen3.5-35B-A3B,summarization,20000,0.5,300,144,0,458,0
swebench,main,qwen35b,d05__b20k__su-partial,hosted_vllm/Qwen/Qwen3.5-35B-A3B,summarization_partial,20000,0.5,300,204,0,624,0
swebench,main,qwen35b,d05__b20k__tr,hosted_vllm/Qwen/Qwen3.5-35B-A3B,truncation,20000,0.5,300,158,0,305,0
swebench,main,qwen35b,di__b10k__otrc-ss-partial,hosted_vllm/Qwen/Qwen3.5-35B-A3B,online_trc_structured_summarize_partial,10000,0.5,300,274,184,3955,3231
swebench,main,qwen35b,di__b10k__otrc-su-partial,hosted_vllm/Qwen/Qwen3.5-35B-A3B,online_trc_summarize_partial,10000,0.5,300,273,1,2610,1
swebench,main,qwen35b,di__b10k__otrc-tr,hosted_vllm/Qwen/Qwen3.5-35B-A3B,online_trc,10000,0.5,300,216,0,456,0
swebench,main,qwen35b,di__b10k__trc,hosted_vllm/Qwen/Qwen3.5-35B-A3B,tool_result_clear,10000,,20,10,0,13,0
swebench,main,qwen35b,di__b10k__trc,hosted_vllm/Qwen/Qwen3.5-35B-A3B,tool_result_clear,10000,0.5,280,126,0,235,0
swebench,main,qwen35b,di__b10k__trc-ss,hosted_vllm/Qwen/Qwen3.5-35B-A3B,trc_structured_summarize,10000,0.5,300,175,47,994,669
swebench,main,qwen35b,di__b10k__trc-su,hosted_vllm/Qwen/Qwen3.5-35B-A3B,trc_summarize,10000,0.5,300,169,0,551,0
swebench,main,qwen35b,di__b15k__otrc-ss-partial,hosted_vllm/Qwen/Qwen3.5-35B-A3B,online_trc_structured_summarize_partial,15000,0.5,300,273,89,1703,880
swebench,main,qwen35b,di__b15k__otrc-su-partial,hosted_vllm/Qwen/Qwen3.5-35B-A3B,online_trc_summarize_partial,15000,0.5,300,279,0,1553,0
swebench,main,qwen35b,di__b15k__otrc-tr,hosted_vllm/Qwen/Qwen3.5-35B-A3B,online_trc,15000,0.5,300,252,0,645,0
swebench,main,qwen35b,di__b15k__trc,hosted_vllm/Qwen/Qwen3.5-35B-A3B,tool_result_clear,15000,,106,62,0,112,0
swebench,main,qwen35b,di__b15k__trc,hosted_vllm/Qwen/Qwen3.5-35B-A3B,tool_result_clear,15000,0.5,194,126,0,323,0
swebench,main,qwen35b,di__b15k__trc-ss,hosted_vllm/Qwen/Qwen3.5-35B-A3B,trc_structured_summarize,15000,0.5,300,181,8,528,107
swebench,main,qwen35b,di__b15k__trc-su,hosted_vllm/Qwen/Qwen3.5-35B-A3B,trc_summarize,15000,0.5,300,194,0,526,0
swebench,main,qwen35b,di__b20k__otrc-ss-partial,hosted_vllm/Qwen/Qwen3.5-35B-A3B,online_trc_structured_summarize_partial,20000,0.5,300,273,44,1094,251
swebench,main,qwen35b,di__b20k__otrc-su-partial,hosted_vllm/Qwen/Qwen3.5-35B-A3B,online_trc_summarize_partial,20000,0.5,300,278,0,1118,0
swebench,main,qwen35b,di__b20k__otrc-tr,hosted_vllm/Qwen/Qwen3.5-35B-A3B,online_trc,20000,0.5,300,264,0,797,0
swebench,main,qwen35b,di__b20k__trc,hosted_vllm/Qwen/Qwen3.5-35B-A3B,tool_result_clear,20000,,24,15,0,28,0
swebench,main,qwen35b,di__b20k__trc,hosted_vllm/Qwen/Qwen3.5-35B-A3B,tool_result_clear,20000,0.5,276,201,0,483,0
swebench,main,qwen35b,di__b20k__trc-ss,hosted_vllm/Qwen/Qwen3.5-35B-A3B,trc_structured_summarize,20000,0.5,300,208,4,673,18
swebench,main,qwen35b,di__b20k__trc-su,hosted_vllm/Qwen/Qwen3.5-35B-A3B,trc_summarize,20000,0.5,300,207,0,577,0
swebench,main,qwen35b,di__binf__fc,hosted_vllm/Qwen/Qwen3.5-35B-A3B,truncation,999999999,,105,71,0,148,0
swebench,main,qwen35b,di__binf__fc,hosted_vllm/Qwen/Qwen3.5-35B-A3B,truncation,999999999,0.5,195,150,0,348,0
swebench,main,qwen35b,di__binf__otrc,hosted_vllm/Qwen/Qwen3.5-35B-A3B,online_trc,999999999,,149,141,0,414,0
swebench,main,qwen35b,di__binf__otrc,hosted_vllm/Qwen/Qwen3.5-35B-A3B,online_trc,999999999,0.5,151,140,0,476,0
