cell	key	task	condition	run	started_at_CDT	source_run_dir	source_job_dir
d05__b3k__ss	blind-maze-explorer-5x5__structured-summarize__r1	blind-maze-explorer-5x5	structured-summarize	1	2026-09-06T07:31:54.395065-05:00	ICLR_results/terminalbench/main/glm47flash/d05__b3k__ss/blind-maze-explorer-5x5/structured-summarize/run_1	logs/harbor_jobs/terminalbench/glm47flash/glm47flash-structured-summarize-r1-1788693189827
d05__b3k__ss	blind-maze-explorer-algorithm__structured-summarize__r1	blind-maze-explorer-algorithm	structured-summarize	1	2026-09-06T06:48:00.545636-05:00	ICLR_results/terminalbench/main/glm47flash/d05__b3k__ss/blind-maze-explorer-algorithm/structured-summarize/run_1	logs/harbor_jobs/terminalbench/glm47flash/glm47flash-structured-summarize-r1-1788693189827
d05__b3k__ss	cartpole-rl-training__structured-summarize__r1	cartpole-rl-training	structured-summarize	1	2026-09-06T07:32:48.984492-05:00	ICLR_results/terminalbench/main/glm47flash/d05__b3k__ss/cartpole-rl-training/structured-summarize/run_1	logs/harbor_jobs/terminalbench/glm47flash/glm47flash-structured-summarize-r1-1788693189827
d05__b3k__ss	count-dataset-tokens__structured-summarize__r1	count-dataset-tokens	structured-summarize	1	2026-09-06T06:19:39.062649-05:00	ICLR_results/terminalbench/main/glm47flash/d05__b3k__ss/count-dataset-tokens/structured-summarize/run_1	logs/harbor_jobs/terminalbench/glm47flash/glm47flash-structured-summarize-r1-1788693189827
d05__b3k__ss	crack-7z-hash.hard__structured-summarize__r1	crack-7z-hash.hard	structured-summarize	1	2026-09-06T07:09:07.934103-05:00	ICLR_results/terminalbench/main/glm47flash/d05__b3k__ss/crack-7z-hash.hard/structured-summarize/run_1	logs/harbor_jobs/terminalbench/glm47flash/glm47flash-structured-summarize-r1-1788693189827
d05__b3k__ss	csv-to-parquet__structured-summarize__r1	csv-to-parquet	structured-summarize	1	2026-09-06T06:39:53.109213-05:00	ICLR_results/terminalbench/main/glm47flash/d05__b3k__ss/csv-to-parquet/structured-summarize/run_1	logs/harbor_jobs/terminalbench/glm47flash/glm47flash-structured-summarize-r1-1788693189827
d05__b3k__ss	decommissioning-service-with-sensitive-data__structured-summarize__r1	decommissioning-service-with-sensitive-data	structured-summarize	1	2026-09-06T07:28:17.413710-05:00	ICLR_results/terminalbench/main/glm47flash/d05__b3k__ss/decommissioning-service-with-sensitive-data/structured-summarize/run_1	logs/harbor_jobs/terminalbench/glm47flash/glm47flash-structured-summarize-r1-1788693189827
d05__b3k__ss	download-youtube__structured-summarize__r1	download-youtube	structured-summarize	1	2026-09-06T07:15:31.447098-05:00	ICLR_results/terminalbench/main/glm47flash/d05__b3k__ss/download-youtube/structured-summarize/run_1	logs/harbor_jobs/terminalbench/glm47flash/glm47flash-structured-summarize-r1-1788693189827
d05__b3k__ss	eval-mteb__structured-summarize__r1	eval-mteb	structured-summarize	1	2026-09-06T06:30:41.151370-05:00	ICLR_results/terminalbench/main/glm47flash/d05__b3k__ss/eval-mteb/structured-summarize/run_1	logs/harbor_jobs/terminalbench/glm47flash/glm47flash-structured-summarize-r1-1788693189827
d05__b3k__ss	eval-mteb.hard__structured-summarize__r1	eval-mteb.hard	structured-summarize	1	2026-09-06T07:24:21.429904-05:00	ICLR_results/terminalbench/main/glm47flash/d05__b3k__ss/eval-mteb.hard/structured-summarize/run_1	logs/harbor_jobs/terminalbench/glm47flash/glm47flash-structured-summarize-r1-1788693189827
d05__b3k__ss	extract-moves-from-video__structured-summarize__r1	extract-moves-from-video	structured-summarize	1	2026-09-06T06:52:46.235374-05:00	ICLR_results/terminalbench/main/glm47flash/d05__b3k__ss/extract-moves-from-video/structured-summarize/run_1	logs/harbor_jobs/terminalbench/glm47flash/glm47flash-structured-summarize-r1-1788693189827
d05__b3k__ss	fibonacci-server__structured-summarize__r1	fibonacci-server	structured-summarize	1	2026-09-06T06:27:01.966560-05:00	ICLR_results/terminalbench/main/glm47flash/d05__b3k__ss/fibonacci-server/structured-summarize/run_1	logs/harbor_jobs/terminalbench/glm47flash/glm47flash-structured-summarize-r1-1788693189827
d05__b3k__ss	fix-git__structured-summarize__r1	fix-git	structured-summarize	1	2026-09-06T07:03:25.340710-05:00	ICLR_results/terminalbench/main/glm47flash/d05__b3k__ss/fix-git/structured-summarize/run_1	logs/harbor_jobs/terminalbench/glm47flash/glm47flash-structured-summarize-r1-1788693189827
d05__b3k__ss	fix-pandas-version__structured-summarize__r1	fix-pandas-version	structured-summarize	1	2026-09-06T06:36:27.011716-05:00	ICLR_results/terminalbench/main/glm47flash/d05__b3k__ss/fix-pandas-version/structured-summarize/run_1	logs/harbor_jobs/terminalbench/glm47flash/glm47flash-structured-summarize-r1-1788693189827
d05__b3k__ss	fix-permissions__structured-summarize__r1	fix-permissions	structured-summarize	1	2026-09-06T06:23:37.136891-05:00	ICLR_results/terminalbench/main/glm47flash/d05__b3k__ss/fix-permissions/structured-summarize/run_1	logs/harbor_jobs/terminalbench/glm47flash/glm47flash-structured-summarize-r1-1788693189827
d05__b3k__ss	git-workflow-hack__structured-summarize__r1	git-workflow-hack	structured-summarize	1	2026-09-06T07:01:03.834855-05:00	ICLR_results/terminalbench/main/glm47flash/d05__b3k__ss/git-workflow-hack/structured-summarize/run_1	logs/harbor_jobs/terminalbench/glm47flash/glm47flash-structured-summarize-r1-1788693189827
d05__b3k__ss	gpt2-codegolf__structured-summarize__r1	gpt2-codegolf	structured-summarize	1	2026-09-06T06:30:03.767280-05:00	ICLR_results/terminalbench/main/glm47flash/d05__b3k__ss/gpt2-codegolf/structured-summarize/run_1	logs/harbor_jobs/terminalbench/glm47flash/glm47flash-structured-summarize-r1-1788693189827
d05__b3k__ss	heterogeneous-dates__structured-summarize__r1	heterogeneous-dates	structured-summarize	1	2026-09-06T08:28:47.371078-05:00	ICLR_results/terminalbench/main/glm47flash/d05__b3k__ss/heterogeneous-dates/structured-summarize/run_1	logs/harbor_jobs/terminalbench/glm47flash/glm47flash-structured-summarize-r1-1788693189827
d05__b3k__ss	hf-model-inference__structured-summarize__r1	hf-model-inference	structured-summarize	1	2026-09-06T06:33:29.654338-05:00	ICLR_results/terminalbench/main/glm47flash/d05__b3k__ss/hf-model-inference/structured-summarize/run_1	logs/harbor_jobs/terminalbench/glm47flash/glm47flash-structured-summarize-r1-1788693189827
d05__b3k__ss	incompatible-python-fasttext__structured-summarize__r1	incompatible-python-fasttext	structured-summarize	1	2026-09-06T06:13:11.469735-05:00	ICLR_results/terminalbench/main/glm47flash/d05__b3k__ss/incompatible-python-fasttext/structured-summarize/run_1	logs/harbor_jobs/terminalbench/glm47flash/glm47flash-structured-summarize-r1-1788693189827
d05__b3k__ss	intrusion-detection__structured-summarize__r1	intrusion-detection	structured-summarize	1	2026-09-06T07:00:30.732138-05:00	ICLR_results/terminalbench/main/glm47flash/d05__b3k__ss/intrusion-detection/structured-summarize/run_1	logs/harbor_jobs/terminalbench/glm47flash/glm47flash-structured-summarize-r1-1788693189827
d05__b3k__ss	modernize-fortran-build__structured-summarize__r1	modernize-fortran-build	structured-summarize	1	2026-09-06T06:46:18.151203-05:00	ICLR_results/terminalbench/main/glm47flash/d05__b3k__ss/modernize-fortran-build/structured-summarize/run_1	logs/harbor_jobs/terminalbench/glm47flash/glm47flash-structured-summarize-r1-1788693189827
d05__b3k__ss	new-encrypt-command__structured-summarize__r1	new-encrypt-command	structured-summarize	1	2026-09-06T06:59:12.278448-05:00	ICLR_results/terminalbench/main/glm47flash/d05__b3k__ss/new-encrypt-command/structured-summarize/run_1	logs/harbor_jobs/terminalbench/glm47flash/glm47flash-structured-summarize-r1-1788693189827
d05__b3k__ss	password-recovery__structured-summarize__r1	password-recovery	structured-summarize	1	2026-09-06T07:07:29.024201-05:00	ICLR_results/terminalbench/main/glm47flash/d05__b3k__ss/password-recovery/structured-summarize/run_1	logs/harbor_jobs/terminalbench/glm47flash/glm47flash-structured-summarize-r1-1788693189827
d05__b3k__ss	path-tracing-reverse__structured-summarize__r1	path-tracing-reverse	structured-summarize	1	2026-09-06T06:17:25.843885-05:00	ICLR_results/terminalbench/main/glm47flash/d05__b3k__ss/path-tracing-reverse/structured-summarize/run_1	logs/harbor_jobs/terminalbench/glm47flash/glm47flash-structured-summarize-r1-1788693189827
d05__b3k__ss	processing-pipeline__structured-summarize__r1	processing-pipeline	structured-summarize	1	2026-09-06T06:44:49.438741-05:00	ICLR_results/terminalbench/main/glm47flash/d05__b3k__ss/processing-pipeline/structured-summarize/run_1	logs/harbor_jobs/terminalbench/glm47flash/glm47flash-structured-summarize-r1-1788693189827
d05__b3k__ss	prove-plus-comm__structured-summarize__r1	prove-plus-comm	structured-summarize	1	2026-09-06T06:13:11.474034-05:00	ICLR_results/terminalbench/main/glm47flash/d05__b3k__ss/prove-plus-comm/structured-summarize/run_1	logs/harbor_jobs/terminalbench/glm47flash/glm47flash-structured-summarize-r1-1788693189827
d05__b3k__ss	pytorch-model-cli.hard__structured-summarize__r1	pytorch-model-cli.hard	structured-summarize	1	2026-09-06T06:19:42.186454-05:00	ICLR_results/terminalbench/main/glm47flash/d05__b3k__ss/pytorch-model-cli.hard/structured-summarize/run_1	logs/harbor_jobs/terminalbench/glm47flash/glm47flash-structured-summarize-r1-1788693189827
d05__b3k__ss	qemu-alpine-ssh__structured-summarize__r1	qemu-alpine-ssh	structured-summarize	1	2026-09-06T06:30:21.142488-05:00	ICLR_results/terminalbench/main/glm47flash/d05__b3k__ss/qemu-alpine-ssh/structured-summarize/run_1	logs/harbor_jobs/terminalbench/glm47flash/glm47flash-structured-summarize-r1-1788693189827
d05__b3k__ss	qemu-startup__structured-summarize__r1	qemu-startup	structured-summarize	1	2026-09-06T07:13:55.364106-05:00	ICLR_results/terminalbench/main/glm47flash/d05__b3k__ss/qemu-startup/structured-summarize/run_1	logs/harbor_jobs/terminalbench/glm47flash/glm47flash-structured-summarize-r1-1788693189827
d05__b3k__ss	raman-fitting.easy__structured-summarize__r1	raman-fitting.easy	structured-summarize	1	2026-09-06T06:13:11.465529-05:00	ICLR_results/terminalbench/main/glm47flash/d05__b3k__ss/raman-fitting.easy/structured-summarize/run_1	logs/harbor_jobs/terminalbench/glm47flash/glm47flash-structured-summarize-r1-1788693189827
d05__b3k__ss	sanitize-git-repo__structured-summarize__r1	sanitize-git-repo	structured-summarize	1	2026-09-06T06:38:26.467013-05:00	ICLR_results/terminalbench/main/glm47flash/d05__b3k__ss/sanitize-git-repo/structured-summarize/run_1	logs/harbor_jobs/terminalbench/glm47flash/glm47flash-structured-summarize-r1-1788693189827
d05__b3k__ss	sanitize-git-repo.hard__structured-summarize__r1	sanitize-git-repo.hard	structured-summarize	1	2026-09-06T07:21:54.949054-05:00	ICLR_results/terminalbench/main/glm47flash/d05__b3k__ss/sanitize-git-repo.hard/structured-summarize/run_1	logs/harbor_jobs/terminalbench/glm47flash/glm47flash-structured-summarize-r1-1788693189827
d05__b3k__ss	solana-data__structured-summarize__r1	solana-data	structured-summarize	1	2026-09-06T06:23:49.206887-05:00	ICLR_results/terminalbench/main/glm47flash/d05__b3k__ss/solana-data/structured-summarize/run_1	logs/harbor_jobs/terminalbench/glm47flash/glm47flash-structured-summarize-r1-1788693189827
d05__b3k__ss	sqlite-with-gcov__structured-summarize__r1	sqlite-with-gcov	structured-summarize	1	2026-09-06T06:24:16.797155-05:00	ICLR_results/terminalbench/main/glm47flash/d05__b3k__ss/sqlite-with-gcov/structured-summarize/run_1	logs/harbor_jobs/terminalbench/glm47flash/glm47flash-structured-summarize-r1-1788693189827
d05__b3k__ss	super-benchmark-upet__structured-summarize__r1	super-benchmark-upet	structured-summarize	1	2026-09-06T06:58:20.378933-05:00	ICLR_results/terminalbench/main/glm47flash/d05__b3k__ss/super-benchmark-upet/structured-summarize/run_1	logs/harbor_jobs/terminalbench/glm47flash/glm47flash-structured-summarize-r1-1788693189827
d05__b3k__ss	swe-bench-astropy-2__structured-summarize__r1	swe-bench-astropy-2	structured-summarize	1	2026-09-06T07:13:23.360206-05:00	ICLR_results/terminalbench/main/glm47flash/d05__b3k__ss/swe-bench-astropy-2/structured-summarize/run_1	logs/harbor_jobs/terminalbench/glm47flash/glm47flash-structured-summarize-r1-1788693189827
d05__b3k__ss	swe-bench-fsspec__structured-summarize__r1	swe-bench-fsspec	structured-summarize	1	2026-09-06T06:40:46.291496-05:00	ICLR_results/terminalbench/main/glm47flash/d05__b3k__ss/swe-bench-fsspec/structured-summarize/run_1	logs/harbor_jobs/terminalbench/glm47flash/glm47flash-structured-summarize-r1-1788693189827
d05__b3k__ss	tmux-advanced-workflow__structured-summarize__r1	tmux-advanced-workflow	structured-summarize	1	2026-09-06T06:13:11.425007-05:00	ICLR_results/terminalbench/main/glm47flash/d05__b3k__ss/tmux-advanced-workflow/structured-summarize/run_1	logs/harbor_jobs/terminalbench/glm47flash/glm47flash-structured-summarize-r1-1788693189827
d05__b3k__ss	write-compressor__structured-summarize__r1	write-compressor	structured-summarize	1	2026-09-06T07:06:58.458755-05:00	ICLR_results/terminalbench/main/glm47flash/d05__b3k__ss/write-compressor/structured-summarize/run_1	logs/harbor_jobs/terminalbench/glm47flash/glm47flash-structured-summarize-r1-1788693189827
d05__b3k__ss	blind-maze-explorer-5x5__structured-summarize__r2	blind-maze-explorer-5x5	structured-summarize	2	2026-09-06T10:18:41.525871-05:00	ICLR_results/terminalbench/main/glm47flash/d05__b3k__ss/blind-maze-explorer-5x5/structured-summarize/run_2	logs/harbor_jobs/terminalbench/glm47flash/glm47flash-structured-summarize-r2-1788703495918
d05__b3k__ss	blind-maze-explorer-algorithm__structured-summarize__r2	blind-maze-explorer-algorithm	structured-summarize	2	2026-09-06T09:36:09.469484-05:00	ICLR_results/terminalbench/main/glm47flash/d05__b3k__ss/blind-maze-explorer-algorithm/structured-summarize/run_2	logs/harbor_jobs/terminalbench/glm47flash/glm47flash-structured-summarize-r2-1788703495918
d05__b3k__ss	cartpole-rl-training__structured-summarize__r2	cartpole-rl-training	structured-summarize	2	2026-09-06T10:19:20.455305-05:00	ICLR_results/terminalbench/main/glm47flash/d05__b3k__ss/cartpole-rl-training/structured-summarize/run_2	logs/harbor_jobs/terminalbench/glm47flash/glm47flash-structured-summarize-r2-1788703495918
d05__b3k__ss	count-dataset-tokens__structured-summarize__r2	count-dataset-tokens	structured-summarize	2	2026-09-06T09:07:13.630707-05:00	ICLR_results/terminalbench/main/glm47flash/d05__b3k__ss/count-dataset-tokens/structured-summarize/run_2	logs/harbor_jobs/terminalbench/glm47flash/glm47flash-structured-summarize-r2-1788703495918
d05__b3k__ss	crack-7z-hash.hard__structured-summarize__r2	crack-7z-hash.hard	structured-summarize	2	2026-09-06T09:58:01.010753-05:00	ICLR_results/terminalbench/main/glm47flash/d05__b3k__ss/crack-7z-hash.hard/structured-summarize/run_2	logs/harbor_jobs/terminalbench/glm47flash/glm47flash-structured-summarize-r2-1788703495918
d05__b3k__ss	csv-to-parquet__structured-summarize__r2	csv-to-parquet	structured-summarize	2	2026-09-06T09:28:21.031406-05:00	ICLR_results/terminalbench/main/glm47flash/d05__b3k__ss/csv-to-parquet/structured-summarize/run_2	logs/harbor_jobs/terminalbench/glm47flash/glm47flash-structured-summarize-r2-1788703495918
d05__b3k__ss	decommissioning-service-with-sensitive-data__structured-summarize__r2	decommissioning-service-with-sensitive-data	structured-summarize	2	2026-09-06T10:17:15.445558-05:00	ICLR_results/terminalbench/main/glm47flash/d05__b3k__ss/decommissioning-service-with-sensitive-data/structured-summarize/run_2	logs/harbor_jobs/terminalbench/glm47flash/glm47flash-structured-summarize-r2-1788703495918
d05__b3k__ss	download-youtube__structured-summarize__r2	download-youtube	structured-summarize	2	2026-09-06T10:04:26.212529-05:00	ICLR_results/terminalbench/main/glm47flash/d05__b3k__ss/download-youtube/structured-summarize/run_2	logs/harbor_jobs/terminalbench/glm47flash/glm47flash-structured-summarize-r2-1788703495918
d05__b3k__ss	eval-mteb__structured-summarize__r2	eval-mteb	structured-summarize	2	2026-09-06T09:19:10.439309-05:00	ICLR_results/terminalbench/main/glm47flash/d05__b3k__ss/eval-mteb/structured-summarize/run_2	logs/harbor_jobs/terminalbench/glm47flash/glm47flash-structured-summarize-r2-1788703495918
d05__b3k__ss	eval-mteb.hard__structured-summarize__r2	eval-mteb.hard	structured-summarize	2	2026-09-06T10:13:46.173621-05:00	ICLR_results/terminalbench/main/glm47flash/d05__b3k__ss/eval-mteb.hard/structured-summarize/run_2	logs/harbor_jobs/terminalbench/glm47flash/glm47flash-structured-summarize-r2-1788703495918
d05__b3k__ss	extract-moves-from-video__structured-summarize__r2	extract-moves-from-video	structured-summarize	2	2026-09-06T09:36:19.107476-05:00	ICLR_results/terminalbench/main/glm47flash/d05__b3k__ss/extract-moves-from-video/structured-summarize/run_2	logs/harbor_jobs/terminalbench/glm47flash/glm47flash-structured-summarize-r2-1788703495918
d05__b3k__ss	fibonacci-server__structured-summarize__r2	fibonacci-server	structured-summarize	2	2026-09-06T09:17:38.000536-05:00	ICLR_results/terminalbench/main/glm47flash/d05__b3k__ss/fibonacci-server/structured-summarize/run_2	logs/harbor_jobs/terminalbench/glm47flash/glm47flash-structured-summarize-r2-1788703495918
d05__b3k__ss	fix-git__structured-summarize__r2	fix-git	structured-summarize	2	2026-09-06T09:51:37.759528-05:00	ICLR_results/terminalbench/main/glm47flash/d05__b3k__ss/fix-git/structured-summarize/run_2	logs/harbor_jobs/terminalbench/glm47flash/glm47flash-structured-summarize-r2-1788703495918
d05__b3k__ss	fix-pandas-version__structured-summarize__r2	fix-pandas-version	structured-summarize	2	2026-09-06T09:25:03.315304-05:00	ICLR_results/terminalbench/main/glm47flash/d05__b3k__ss/fix-pandas-version/structured-summarize/run_2	logs/harbor_jobs/terminalbench/glm47flash/glm47flash-structured-summarize-r2-1788703495918
d05__b3k__ss	fix-permissions__structured-summarize__r2	fix-permissions	structured-summarize	2	2026-09-06T09:11:27.693567-05:00	ICLR_results/terminalbench/main/glm47flash/d05__b3k__ss/fix-permissions/structured-summarize/run_2	logs/harbor_jobs/terminalbench/glm47flash/glm47flash-structured-summarize-r2-1788703495918
d05__b3k__ss	git-workflow-hack__structured-summarize__r2	git-workflow-hack	structured-summarize	2	2026-09-06T09:49:36.851785-05:00	ICLR_results/terminalbench/main/glm47flash/d05__b3k__ss/git-workflow-hack/structured-summarize/run_2	logs/harbor_jobs/terminalbench/glm47flash/glm47flash-structured-summarize-r2-1788703495918
d05__b3k__ss	gpt2-codegolf__structured-summarize__r2	gpt2-codegolf	structured-summarize	2	2026-09-06T09:18:35.882060-05:00	ICLR_results/terminalbench/main/glm47flash/d05__b3k__ss/gpt2-codegolf/structured-summarize/run_2	logs/harbor_jobs/terminalbench/glm47flash/glm47flash-structured-summarize-r2-1788703495918
d05__b3k__ss	heterogeneous-dates__structured-summarize__r2	heterogeneous-dates	structured-summarize	2	2026-09-06T10:23:06.293186-05:00	ICLR_results/terminalbench/main/glm47flash/d05__b3k__ss/heterogeneous-dates/structured-summarize/run_2	logs/harbor_jobs/terminalbench/glm47flash/glm47flash-structured-summarize-r2-1788703495918
d05__b3k__ss	hf-model-inference__structured-summarize__r2	hf-model-inference	structured-summarize	2	2026-09-06T09:24:05.107635-05:00	ICLR_results/terminalbench/main/glm47flash/d05__b3k__ss/hf-model-inference/structured-summarize/run_2	logs/harbor_jobs/terminalbench/glm47flash/glm47flash-structured-summarize-r2-1788703495918
d05__b3k__ss	incompatible-python-fasttext__structured-summarize__r2	incompatible-python-fasttext	structured-summarize	2	2026-09-06T09:04:57.773098-05:00	ICLR_results/terminalbench/main/glm47flash/d05__b3k__ss/incompatible-python-fasttext/structured-summarize/run_2	logs/harbor_jobs/terminalbench/glm47flash/glm47flash-structured-summarize-r2-1788703495918
d05__b3k__ss	intrusion-detection__structured-summarize__r2	intrusion-detection	structured-summarize	2	2026-09-06T09:47:45.779024-05:00	ICLR_results/terminalbench/main/glm47flash/d05__b3k__ss/intrusion-detection/structured-summarize/run_2	logs/harbor_jobs/terminalbench/glm47flash/glm47flash-structured-summarize-r2-1788703495918
d05__b3k__ss	modernize-fortran-build__structured-summarize__r2	modernize-fortran-build	structured-summarize	2	2026-09-06T09:34:47.367397-05:00	ICLR_results/terminalbench/main/glm47flash/d05__b3k__ss/modernize-fortran-build/structured-summarize/run_2	logs/harbor_jobs/terminalbench/glm47flash/glm47flash-structured-summarize-r2-1788703495918
d05__b3k__ss	new-encrypt-command__structured-summarize__r2	new-encrypt-command	structured-summarize	2	2026-09-06T09:46:36.252445-05:00	ICLR_results/terminalbench/main/glm47flash/d05__b3k__ss/new-encrypt-command/structured-summarize/run_2	logs/harbor_jobs/terminalbench/glm47flash/glm47flash-structured-summarize-r2-1788703495918
d05__b3k__ss	password-recovery__structured-summarize__r2	password-recovery	structured-summarize	2	2026-09-06T09:56:01.439852-05:00	ICLR_results/terminalbench/main/glm47flash/d05__b3k__ss/password-recovery/structured-summarize/run_2	logs/harbor_jobs/terminalbench/glm47flash/glm47flash-structured-summarize-r2-1788703495918
d05__b3k__ss	path-tracing-reverse__structured-summarize__r2	path-tracing-reverse	structured-summarize	2	2026-09-06T09:06:20.383516-05:00	ICLR_results/terminalbench/main/glm47flash/d05__b3k__ss/path-tracing-reverse/structured-summarize/run_2	logs/harbor_jobs/terminalbench/glm47flash/glm47flash-structured-summarize-r2-1788703495918
d05__b3k__ss	processing-pipeline__structured-summarize__r2	processing-pipeline	structured-summarize	2	2026-09-06T09:32:59.692588-05:00	ICLR_results/terminalbench/main/glm47flash/d05__b3k__ss/processing-pipeline/structured-summarize/run_2	logs/harbor_jobs/terminalbench/glm47flash/glm47flash-structured-summarize-r2-1788703495918
d05__b3k__ss	prove-plus-comm__structured-summarize__r2	prove-plus-comm	structured-summarize	2	2026-09-06T09:04:57.778099-05:00	ICLR_results/terminalbench/main/glm47flash/d05__b3k__ss/prove-plus-comm/structured-summarize/run_2	logs/harbor_jobs/terminalbench/glm47flash/glm47flash-structured-summarize-r2-1788703495918
d05__b3k__ss	pytorch-model-cli.hard__structured-summarize__r2	pytorch-model-cli.hard	structured-summarize	2	2026-09-06T09:11:25.908931-05:00	ICLR_results/terminalbench/main/glm47flash/d05__b3k__ss/pytorch-model-cli.hard/structured-summarize/run_2	logs/harbor_jobs/terminalbench/glm47flash/glm47flash-structured-summarize-r2-1788703495918
d05__b3k__ss	qemu-alpine-ssh__structured-summarize__r2	qemu-alpine-ssh	structured-summarize	2	2026-09-06T09:18:39.429297-05:00	ICLR_results/terminalbench/main/glm47flash/d05__b3k__ss/qemu-alpine-ssh/structured-summarize/run_2	logs/harbor_jobs/terminalbench/glm47flash/glm47flash-structured-summarize-r2-1788703495918
d05__b3k__ss	qemu-startup__structured-summarize__r2	qemu-startup	structured-summarize	2	2026-09-06T10:02:28.912770-05:00	ICLR_results/terminalbench/main/glm47flash/d05__b3k__ss/qemu-startup/structured-summarize/run_2	logs/harbor_jobs/terminalbench/glm47flash/glm47flash-structured-summarize-r2-1788703495918
d05__b3k__ss	raman-fitting.easy__structured-summarize__r2	raman-fitting.easy	structured-summarize	2	2026-09-06T09:04:57.768207-05:00	ICLR_results/terminalbench/main/glm47flash/d05__b3k__ss/raman-fitting.easy/structured-summarize/run_2	logs/harbor_jobs/terminalbench/glm47flash/glm47flash-structured-summarize-r2-1788703495918
d05__b3k__ss	sanitize-git-repo__structured-summarize__r2	sanitize-git-repo	structured-summarize	2	2026-09-06T09:26:36.736149-05:00	ICLR_results/terminalbench/main/glm47flash/d05__b3k__ss/sanitize-git-repo/structured-summarize/run_2	logs/harbor_jobs/terminalbench/glm47flash/glm47flash-structured-summarize-r2-1788703495918
d05__b3k__ss	sanitize-git-repo.hard__structured-summarize__r2	sanitize-git-repo.hard	structured-summarize	2	2026-09-06T10:10:50.664699-05:00	ICLR_results/terminalbench/main/glm47flash/d05__b3k__ss/sanitize-git-repo.hard/structured-summarize/run_2	logs/harbor_jobs/terminalbench/glm47flash/glm47flash-structured-summarize-r2-1788703495918
d05__b3k__ss	solana-data__structured-summarize__r2	solana-data	structured-summarize	2	2026-09-06T09:12:08.183665-05:00	ICLR_results/terminalbench/main/glm47flash/d05__b3k__ss/solana-data/structured-summarize/run_2	logs/harbor_jobs/terminalbench/glm47flash/glm47flash-structured-summarize-r2-1788703495918
d05__b3k__ss	sqlite-with-gcov__structured-summarize__r2	sqlite-with-gcov	structured-summarize	2	2026-09-06T09:12:46.391346-05:00	ICLR_results/terminalbench/main/glm47flash/d05__b3k__ss/sqlite-with-gcov/structured-summarize/run_2	logs/harbor_jobs/terminalbench/glm47flash/glm47flash-structured-summarize-r2-1788703495918
d05__b3k__ss	super-benchmark-upet__structured-summarize__r2	super-benchmark-upet	structured-summarize	2	2026-09-06T09:42:43.353838-05:00	ICLR_results/terminalbench/main/glm47flash/d05__b3k__ss/super-benchmark-upet/structured-summarize/run_2	logs/harbor_jobs/terminalbench/glm47flash/glm47flash-structured-summarize-r2-1788703495918
d05__b3k__ss	swe-bench-astropy-2__structured-summarize__r2	swe-bench-astropy-2	structured-summarize	2	2026-09-06T10:00:40.852792-05:00	ICLR_results/terminalbench/main/glm47flash/d05__b3k__ss/swe-bench-astropy-2/structured-summarize/run_2	logs/harbor_jobs/terminalbench/glm47flash/glm47flash-structured-summarize-r2-1788703495918
d05__b3k__ss	swe-bench-fsspec__structured-summarize__r2	swe-bench-fsspec	structured-summarize	2	2026-09-06T09:29:03.941285-05:00	ICLR_results/terminalbench/main/glm47flash/d05__b3k__ss/swe-bench-fsspec/structured-summarize/run_2	logs/harbor_jobs/terminalbench/glm47flash/glm47flash-structured-summarize-r2-1788703495918
d05__b3k__ss	tmux-advanced-workflow__structured-summarize__r2	tmux-advanced-workflow	structured-summarize	2	2026-09-06T09:04:57.724645-05:00	ICLR_results/terminalbench/main/glm47flash/d05__b3k__ss/tmux-advanced-workflow/structured-summarize/run_2	logs/harbor_jobs/terminalbench/glm47flash/glm47flash-structured-summarize-r2-1788703495918
d05__b3k__ss	write-compressor__structured-summarize__r2	write-compressor	structured-summarize	2	2026-09-06T09:54:12.751196-05:00	ICLR_results/terminalbench/main/glm47flash/d05__b3k__ss/write-compressor/structured-summarize/run_2	logs/harbor_jobs/terminalbench/glm47flash/glm47flash-structured-summarize-r2-1788703495918
d05__b3k__ss	blind-maze-explorer-5x5__structured-summarize__r3	blind-maze-explorer-5x5	structured-summarize	3	2026-09-06T12:29:16.258380-05:00	ICLR_results/terminalbench/main/glm47flash/d05__b3k__ss/blind-maze-explorer-5x5/structured-summarize/run_3	logs/harbor_jobs/terminalbench/glm47flash/glm47flash-structured-summarize-r3-1788711077451
d05__b3k__ss	blind-maze-explorer-algorithm__structured-summarize__r3	blind-maze-explorer-algorithm	structured-summarize	3	2026-09-06T11:47:01.292155-05:00	ICLR_results/terminalbench/main/glm47flash/d05__b3k__ss/blind-maze-explorer-algorithm/structured-summarize/run_3	logs/harbor_jobs/terminalbench/glm47flash/glm47flash-structured-summarize-r3-1788711077451
d05__b3k__ss	cartpole-rl-training__structured-summarize__r3	cartpole-rl-training	structured-summarize	3	2026-09-06T12:30:13.897931-05:00	ICLR_results/terminalbench/main/glm47flash/d05__b3k__ss/cartpole-rl-training/structured-summarize/run_3	logs/harbor_jobs/terminalbench/glm47flash/glm47flash-structured-summarize-r3-1788711077451
d05__b3k__ss	count-dataset-tokens__structured-summarize__r3	count-dataset-tokens	structured-summarize	3	2026-09-06T11:17:47.998483-05:00	ICLR_results/terminalbench/main/glm47flash/d05__b3k__ss/count-dataset-tokens/structured-summarize/run_3	logs/harbor_jobs/terminalbench/glm47flash/glm47flash-structured-summarize-r3-1788711077451
d05__b3k__ss	crack-7z-hash.hard__structured-summarize__r3	crack-7z-hash.hard	structured-summarize	3	2026-09-06T12:08:36.107550-05:00	ICLR_results/terminalbench/main/glm47flash/d05__b3k__ss/crack-7z-hash.hard/structured-summarize/run_3	logs/harbor_jobs/terminalbench/glm47flash/glm47flash-structured-summarize-r3-1788711077451
d05__b3k__ss	csv-to-parquet__structured-summarize__r3	csv-to-parquet	structured-summarize	3	2026-09-06T11:37:50.979679-05:00	ICLR_results/terminalbench/main/glm47flash/d05__b3k__ss/csv-to-parquet/structured-summarize/run_3	logs/harbor_jobs/terminalbench/glm47flash/glm47flash-structured-summarize-r3-1788711077451
d05__b3k__ss	decommissioning-service-with-sensitive-data__structured-summarize__r3	decommissioning-service-with-sensitive-data	structured-summarize	3	2026-09-06T12:27:48.356811-05:00	ICLR_results/terminalbench/main/glm47flash/d05__b3k__ss/decommissioning-service-with-sensitive-data/structured-summarize/run_3	logs/harbor_jobs/terminalbench/glm47flash/glm47flash-structured-summarize-r3-1788711077451
d05__b3k__ss	download-youtube__structured-summarize__r3	download-youtube	structured-summarize	3	2026-09-06T12:14:59.331117-05:00	ICLR_results/terminalbench/main/glm47flash/d05__b3k__ss/download-youtube/structured-summarize/run_3	logs/harbor_jobs/terminalbench/glm47flash/glm47flash-structured-summarize-r3-1788711077451
d05__b3k__ss	eval-mteb__structured-summarize__r3	eval-mteb	structured-summarize	3	2026-09-06T11:28:12.190109-05:00	ICLR_results/terminalbench/main/glm47flash/d05__b3k__ss/eval-mteb/structured-summarize/run_3	logs/harbor_jobs/terminalbench/glm47flash/glm47flash-structured-summarize-r3-1788711077451
d05__b3k__ss	eval-mteb.hard__structured-summarize__r3	eval-mteb.hard	structured-summarize	3	2026-09-06T12:22:07.012259-05:00	ICLR_results/terminalbench/main/glm47flash/d05__b3k__ss/eval-mteb.hard/structured-summarize/run_3	logs/harbor_jobs/terminalbench/glm47flash/glm47flash-structured-summarize-r3-1788711077451
d05__b3k__ss	extract-moves-from-video__structured-summarize__r3	extract-moves-from-video	structured-summarize	3	2026-09-06T11:48:20.133957-05:00	ICLR_results/terminalbench/main/glm47flash/d05__b3k__ss/extract-moves-from-video/structured-summarize/run_3	logs/harbor_jobs/terminalbench/glm47flash/glm47flash-structured-summarize-r3-1788711077451
d05__b3k__ss	fibonacci-server__structured-summarize__r3	fibonacci-server	structured-summarize	3	2026-09-06T11:25:01.201606-05:00	ICLR_results/terminalbench/main/glm47flash/d05__b3k__ss/fibonacci-server/structured-summarize/run_3	logs/harbor_jobs/terminalbench/glm47flash/glm47flash-structured-summarize-r3-1788711077451
d05__b3k__ss	fix-git__structured-summarize__r3	fix-git	structured-summarize	3	2026-09-06T12:02:26.975682-05:00	ICLR_results/terminalbench/main/glm47flash/d05__b3k__ss/fix-git/structured-summarize/run_3	logs/harbor_jobs/terminalbench/glm47flash/glm47flash-structured-summarize-r3-1788711077451
d05__b3k__ss	fix-pandas-version__structured-summarize__r3	fix-pandas-version	structured-summarize	3	2026-09-06T11:31:31.265821-05:00	ICLR_results/terminalbench/main/glm47flash/d05__b3k__ss/fix-pandas-version/structured-summarize/run_3	logs/harbor_jobs/terminalbench/glm47flash/glm47flash-structured-summarize-r3-1788711077451
d05__b3k__ss	fix-permissions__structured-summarize__r3	fix-permissions	structured-summarize	3	2026-09-06T11:17:51.313320-05:00	ICLR_results/terminalbench/main/glm47flash/d05__b3k__ss/fix-permissions/structured-summarize/run_3	logs/harbor_jobs/terminalbench/glm47flash/glm47flash-structured-summarize-r3-1788711077451
d05__b3k__ss	git-workflow-hack__structured-summarize__r3	git-workflow-hack	structured-summarize	3	2026-09-06T11:58:45.268372-05:00	ICLR_results/terminalbench/main/glm47flash/d05__b3k__ss/git-workflow-hack/structured-summarize/run_3	logs/harbor_jobs/terminalbench/glm47flash/glm47flash-structured-summarize-r3-1788711077451
d05__b3k__ss	gpt2-codegolf__structured-summarize__r3	gpt2-codegolf	structured-summarize	3	2026-09-06T11:25:02.988065-05:00	ICLR_results/terminalbench/main/glm47flash/d05__b3k__ss/gpt2-codegolf/structured-summarize/run_3	logs/harbor_jobs/terminalbench/glm47flash/glm47flash-structured-summarize-r3-1788711077451
d05__b3k__ss	heterogeneous-dates__structured-summarize__r3	heterogeneous-dates	structured-summarize	3	2026-09-06T12:37:47.313692-05:00	ICLR_results/terminalbench/main/glm47flash/d05__b3k__ss/heterogeneous-dates/structured-summarize/run_3	logs/harbor_jobs/terminalbench/glm47flash/glm47flash-structured-summarize-r3-1788711077451
d05__b3k__ss	hf-model-inference__structured-summarize__r3	hf-model-inference	structured-summarize	3	2026-09-06T11:31:27.110411-05:00	ICLR_results/terminalbench/main/glm47flash/d05__b3k__ss/hf-model-inference/structured-summarize/run_3	logs/harbor_jobs/terminalbench/glm47flash/glm47flash-structured-summarize-r3-1788711077451
d05__b3k__ss	incompatible-python-fasttext__structured-summarize__r3	incompatible-python-fasttext	structured-summarize	3	2026-09-06T11:11:19.109982-05:00	ICLR_results/terminalbench/main/glm47flash/d05__b3k__ss/incompatible-python-fasttext/structured-summarize/run_3	logs/harbor_jobs/terminalbench/glm47flash/glm47flash-structured-summarize-r3-1788711077451
d05__b3k__ss	intrusion-detection__structured-summarize__r3	intrusion-detection	structured-summarize	3	2026-09-06T11:58:37.705312-05:00	ICLR_results/terminalbench/main/glm47flash/d05__b3k__ss/intrusion-detection/structured-summarize/run_3	logs/harbor_jobs/terminalbench/glm47flash/glm47flash-structured-summarize-r3-1788711077451
d05__b3k__ss	modernize-fortran-build__structured-summarize__r3	modernize-fortran-build	structured-summarize	3	2026-09-06T11:41:55.202106-05:00	ICLR_results/terminalbench/main/glm47flash/d05__b3k__ss/modernize-fortran-build/structured-summarize/run_3	logs/harbor_jobs/terminalbench/glm47flash/glm47flash-structured-summarize-r3-1788711077451
d05__b3k__ss	new-encrypt-command__structured-summarize__r3	new-encrypt-command	structured-summarize	3	2026-09-06T11:55:59.352789-05:00	ICLR_results/terminalbench/main/glm47flash/d05__b3k__ss/new-encrypt-command/structured-summarize/run_3	logs/harbor_jobs/terminalbench/glm47flash/glm47flash-structured-summarize-r3-1788711077451
d05__b3k__ss	password-recovery__structured-summarize__r3	password-recovery	structured-summarize	3	2026-09-06T12:05:12.698014-05:00	ICLR_results/terminalbench/main/glm47flash/d05__b3k__ss/password-recovery/structured-summarize/run_3	logs/harbor_jobs/terminalbench/glm47flash/glm47flash-structured-summarize-r3-1788711077451
d05__b3k__ss	path-tracing-reverse__structured-summarize__r3	path-tracing-reverse	structured-summarize	3	2026-09-06T11:12:11.271348-05:00	ICLR_results/terminalbench/main/glm47flash/d05__b3k__ss/path-tracing-reverse/structured-summarize/run_3	logs/harbor_jobs/terminalbench/glm47flash/glm47flash-structured-summarize-r3-1788711077451
d05__b3k__ss	processing-pipeline__structured-summarize__r3	processing-pipeline	structured-summarize	3	2026-09-06T11:40:35.851896-05:00	ICLR_results/terminalbench/main/glm47flash/d05__b3k__ss/processing-pipeline/structured-summarize/run_3	logs/harbor_jobs/terminalbench/glm47flash/glm47flash-structured-summarize-r3-1788711077451
d05__b3k__ss	prove-plus-comm__structured-summarize__r3	prove-plus-comm	structured-summarize	3	2026-09-06T11:11:19.114262-05:00	ICLR_results/terminalbench/main/glm47flash/d05__b3k__ss/prove-plus-comm/structured-summarize/run_3	logs/harbor_jobs/terminalbench/glm47flash/glm47flash-structured-summarize-r3-1788711077451
d05__b3k__ss	pytorch-model-cli.hard__structured-summarize__r3	pytorch-model-cli.hard	structured-summarize	3	2026-09-06T11:17:49.936830-05:00	ICLR_results/terminalbench/main/glm47flash/d05__b3k__ss/pytorch-model-cli.hard/structured-summarize/run_3	logs/harbor_jobs/terminalbench/glm47flash/glm47flash-structured-summarize-r3-1788711077451
d05__b3k__ss	qemu-alpine-ssh__structured-summarize__r3	qemu-alpine-ssh	structured-summarize	3	2026-09-06T11:25:07.685373-05:00	ICLR_results/terminalbench/main/glm47flash/d05__b3k__ss/qemu-alpine-ssh/structured-summarize/run_3	logs/harbor_jobs/terminalbench/glm47flash/glm47flash-structured-summarize-r3-1788711077451
d05__b3k__ss	qemu-startup__structured-summarize__r3	qemu-startup	structured-summarize	3	2026-09-06T12:11:37.568202-05:00	ICLR_results/terminalbench/main/glm47flash/d05__b3k__ss/qemu-startup/structured-summarize/run_3	logs/harbor_jobs/terminalbench/glm47flash/glm47flash-structured-summarize-r3-1788711077451
d05__b3k__ss	raman-fitting.easy__structured-summarize__r3	raman-fitting.easy	structured-summarize	3	2026-09-06T11:11:19.105766-05:00	ICLR_results/terminalbench/main/glm47flash/d05__b3k__ss/raman-fitting.easy/structured-summarize/run_3	logs/harbor_jobs/terminalbench/glm47flash/glm47flash-structured-summarize-r3-1788711077451
d05__b3k__ss	sanitize-git-repo__structured-summarize__r3	sanitize-git-repo	structured-summarize	3	2026-09-06T11:35:32.363175-05:00	ICLR_results/terminalbench/main/glm47flash/d05__b3k__ss/sanitize-git-repo/structured-summarize/run_3	logs/harbor_jobs/terminalbench/glm47flash/glm47flash-structured-summarize-r3-1788711077451
d05__b3k__ss	sanitize-git-repo.hard__structured-summarize__r3	sanitize-git-repo.hard	structured-summarize	3	2026-09-06T12:21:24.297351-05:00	ICLR_results/terminalbench/main/glm47flash/d05__b3k__ss/sanitize-git-repo.hard/structured-summarize/run_3	logs/harbor_jobs/terminalbench/glm47flash/glm47flash-structured-summarize-r3-1788711077451
d05__b3k__ss	solana-data__structured-summarize__r3	solana-data	structured-summarize	3	2026-09-06T11:18:35.622296-05:00	ICLR_results/terminalbench/main/glm47flash/d05__b3k__ss/solana-data/structured-summarize/run_3	logs/harbor_jobs/terminalbench/glm47flash/glm47flash-structured-summarize-r3-1788711077451
d05__b3k__ss	sqlite-with-gcov__structured-summarize__r3	sqlite-with-gcov	structured-summarize	3	2026-09-06T11:18:37.050208-05:00	ICLR_results/terminalbench/main/glm47flash/d05__b3k__ss/sqlite-with-gcov/structured-summarize/run_3	logs/harbor_jobs/terminalbench/glm47flash/glm47flash-structured-summarize-r3-1788711077451
d05__b3k__ss	super-benchmark-upet__structured-summarize__r3	super-benchmark-upet	structured-summarize	3	2026-09-06T11:54:55.207401-05:00	ICLR_results/terminalbench/main/glm47flash/d05__b3k__ss/super-benchmark-upet/structured-summarize/run_3	logs/harbor_jobs/terminalbench/glm47flash/glm47flash-structured-summarize-r3-1788711077451
d05__b3k__ss	swe-bench-astropy-2__structured-summarize__r3	swe-bench-astropy-2	structured-summarize	3	2026-09-06T12:11:35.972705-05:00	ICLR_results/terminalbench/main/glm47flash/d05__b3k__ss/swe-bench-astropy-2/structured-summarize/run_3	logs/harbor_jobs/terminalbench/glm47flash/glm47flash-structured-summarize-r3-1788711077451
d05__b3k__ss	swe-bench-fsspec__structured-summarize__r3	swe-bench-fsspec	structured-summarize	3	2026-09-06T11:37:51.687758-05:00	ICLR_results/terminalbench/main/glm47flash/d05__b3k__ss/swe-bench-fsspec/structured-summarize/run_3	logs/harbor_jobs/terminalbench/glm47flash/glm47flash-structured-summarize-r3-1788711077451
d05__b3k__ss	tmux-advanced-workflow__structured-summarize__r3	tmux-advanced-workflow	structured-summarize	3	2026-09-06T11:11:19.060865-05:00	ICLR_results/terminalbench/main/glm47flash/d05__b3k__ss/tmux-advanced-workflow/structured-summarize/run_3	logs/harbor_jobs/terminalbench/glm47flash/glm47flash-structured-summarize-r3-1788711077451
d05__b3k__ss	write-compressor__structured-summarize__r3	write-compressor	structured-summarize	3	2026-09-06T12:05:08.929280-05:00	ICLR_results/terminalbench/main/glm47flash/d05__b3k__ss/write-compressor/structured-summarize/run_3	logs/harbor_jobs/terminalbench/glm47flash/glm47flash-structured-summarize-r3-1788711077451
d05__b3k__su-partial	blind-maze-explorer-5x5__summarization-partial__r1	blind-maze-explorer-5x5	summarization-partial	1	2026-09-05T16:14:57.465219-05:00	ICLR_results/terminalbench/main/glm47flash/d05__b3k__su-partial/blind-maze-explorer-5x5/summarization-partial/run_1	logs/harbor_jobs/terminalbench/glm47flash/glm47flash-summarization-partial-r1-1788638234822
d05__b3k__su-partial	blind-maze-explorer-algorithm__summarization-partial__r1	blind-maze-explorer-algorithm	summarization-partial	1	2026-09-05T15:31:47.025994-05:00	ICLR_results/terminalbench/main/glm47flash/d05__b3k__su-partial/blind-maze-explorer-algorithm/summarization-partial/run_1	logs/harbor_jobs/terminalbench/glm47flash/glm47flash-summarization-partial-r1-1788638234822
d05__b3k__su-partial	cartpole-rl-training__summarization-partial__r1	cartpole-rl-training	summarization-partial	1	2026-09-05T18:01:26.784682-05:00	ICLR_results/terminalbench/main/glm47flash/d05__b3k__su-partial/cartpole-rl-training/summarization-partial/run_1	logs/harbor_jobs/terminalbench/glm47flash/glm47flash-summarization-partial-r1-1788638234822
d05__b3k__su-partial	count-dataset-tokens__summarization-partial__r1	count-dataset-tokens	summarization-partial	1	2026-09-05T15:03:47.848577-05:00	ICLR_results/terminalbench/main/glm47flash/d05__b3k__su-partial/count-dataset-tokens/summarization-partial/run_1	logs/harbor_jobs/terminalbench/glm47flash/glm47flash-summarization-partial-r1-1788638234822
d05__b3k__su-partial	crack-7z-hash.hard__summarization-partial__r1	crack-7z-hash.hard	summarization-partial	1	2026-09-05T15:54:18.433368-05:00	ICLR_results/terminalbench/main/glm47flash/d05__b3k__su-partial/crack-7z-hash.hard/summarization-partial/run_1	logs/harbor_jobs/terminalbench/glm47flash/glm47flash-summarization-partial-r1-1788638234822
d05__b3k__su-partial	csv-to-parquet__summarization-partial__r1	csv-to-parquet	summarization-partial	1	2026-09-05T15:23:56.634262-05:00	ICLR_results/terminalbench/main/glm47flash/d05__b3k__su-partial/csv-to-parquet/summarization-partial/run_1	logs/harbor_jobs/terminalbench/glm47flash/glm47flash-summarization-partial-r1-1788638234822
d05__b3k__su-partial	decommissioning-service-with-sensitive-data__summarization-partial__r1	decommissioning-service-with-sensitive-data	summarization-partial	1	2026-09-05T16:13:27.356402-05:00	ICLR_results/terminalbench/main/glm47flash/d05__b3k__su-partial/decommissioning-service-with-sensitive-data/summarization-partial/run_1	logs/harbor_jobs/terminalbench/glm47flash/glm47flash-summarization-partial-r1-1788638234822
d05__b3k__su-partial	download-youtube__summarization-partial__r1	download-youtube	summarization-partial	1	2026-09-05T16:00:41.190118-05:00	ICLR_results/terminalbench/main/glm47flash/d05__b3k__su-partial/download-youtube/summarization-partial/run_1	logs/harbor_jobs/terminalbench/glm47flash/glm47flash-summarization-partial-r1-1788638234822
d05__b3k__su-partial	eval-mteb__summarization-partial__r1	eval-mteb	summarization-partial	1	2026-09-05T15:14:13.482451-05:00	ICLR_results/terminalbench/main/glm47flash/d05__b3k__su-partial/eval-mteb/summarization-partial/run_1	logs/harbor_jobs/terminalbench/glm47flash/glm47flash-summarization-partial-r1-1788638234822
d05__b3k__su-partial	eval-mteb.hard__summarization-partial__r1	eval-mteb.hard	summarization-partial	1	2026-09-05T16:11:20.081098-05:00	ICLR_results/terminalbench/main/glm47flash/d05__b3k__su-partial/eval-mteb.hard/summarization-partial/run_1	logs/harbor_jobs/terminalbench/glm47flash/glm47flash-summarization-partial-r1-1788638234822
d05__b3k__su-partial	extract-moves-from-video__summarization-partial__r1	extract-moves-from-video	summarization-partial	1	2026-09-05T15:35:43.486417-05:00	ICLR_results/terminalbench/main/glm47flash/d05__b3k__su-partial/extract-moves-from-video/summarization-partial/run_1	logs/harbor_jobs/terminalbench/glm47flash/glm47flash-summarization-partial-r1-1788638234822
d05__b3k__su-partial	fibonacci-server__summarization-partial__r1	fibonacci-server	summarization-partial	1	2026-09-05T15:11:07.575242-05:00	ICLR_results/terminalbench/main/glm47flash/d05__b3k__su-partial/fibonacci-server/summarization-partial/run_1	logs/harbor_jobs/terminalbench/glm47flash/glm47flash-summarization-partial-r1-1788638234822
d05__b3k__su-partial	fix-git__summarization-partial__r1	fix-git	summarization-partial	1	2026-09-05T15:47:55.239720-05:00	ICLR_results/terminalbench/main/glm47flash/d05__b3k__su-partial/fix-git/summarization-partial/run_1	logs/harbor_jobs/terminalbench/glm47flash/glm47flash-summarization-partial-r1-1788638234822
d05__b3k__su-partial	fix-pandas-version__summarization-partial__r1	fix-pandas-version	summarization-partial	1	2026-09-05T15:17:33.780850-05:00	ICLR_results/terminalbench/main/glm47flash/d05__b3k__su-partial/fix-pandas-version/summarization-partial/run_1	logs/harbor_jobs/terminalbench/glm47flash/glm47flash-summarization-partial-r1-1788638234822
d05__b3k__su-partial	fix-permissions__summarization-partial__r1	fix-permissions	summarization-partial	1	2026-09-05T15:03:49.972841-05:00	ICLR_results/terminalbench/main/glm47flash/d05__b3k__su-partial/fix-permissions/summarization-partial/run_1	logs/harbor_jobs/terminalbench/glm47flash/glm47flash-summarization-partial-r1-1788638234822
d05__b3k__su-partial	git-workflow-hack__summarization-partial__r1	git-workflow-hack	summarization-partial	1	2026-09-05T15:47:11.797838-05:00	ICLR_results/terminalbench/main/glm47flash/d05__b3k__su-partial/git-workflow-hack/summarization-partial/run_1	logs/harbor_jobs/terminalbench/glm47flash/glm47flash-summarization-partial-r1-1788638234822
d05__b3k__su-partial	gpt2-codegolf__summarization-partial__r1	gpt2-codegolf	summarization-partial	1	2026-09-05T15:11:09.371238-05:00	ICLR_results/terminalbench/main/glm47flash/d05__b3k__su-partial/gpt2-codegolf/summarization-partial/run_1	logs/harbor_jobs/terminalbench/glm47flash/glm47flash-summarization-partial-r1-1788638234822
d05__b3k__su-partial	heterogeneous-dates__summarization-partial__r1	heterogeneous-dates	summarization-partial	1	2026-09-05T18:01:26.791922-05:00	ICLR_results/terminalbench/main/glm47flash/d05__b3k__su-partial/heterogeneous-dates/summarization-partial/run_1	logs/harbor_jobs/terminalbench/glm47flash/glm47flash-summarization-partial-r1-1788638234822
d05__b3k__su-partial	hf-model-inference__summarization-partial__r1	hf-model-inference	summarization-partial	1	2026-09-05T15:17:33.048777-05:00	ICLR_results/terminalbench/main/glm47flash/d05__b3k__su-partial/hf-model-inference/summarization-partial/run_1	logs/harbor_jobs/terminalbench/glm47flash/glm47flash-summarization-partial-r1-1788638234822
d05__b3k__su-partial	incompatible-python-fasttext__summarization-partial__r1	incompatible-python-fasttext	summarization-partial	1	2026-09-05T14:57:16.395166-05:00	ICLR_results/terminalbench/main/glm47flash/d05__b3k__su-partial/incompatible-python-fasttext/summarization-partial/run_1	logs/harbor_jobs/terminalbench/glm47flash/glm47flash-summarization-partial-r1-1788638234822
d05__b3k__su-partial	intrusion-detection__summarization-partial__r1	intrusion-detection	summarization-partial	1	2026-09-05T15:44:35.473323-05:00	ICLR_results/terminalbench/main/glm47flash/d05__b3k__su-partial/intrusion-detection/summarization-partial/run_1	logs/harbor_jobs/terminalbench/glm47flash/glm47flash-summarization-partial-r1-1788638234822
d05__b3k__su-partial	modernize-fortran-build__summarization-partial__r1	modernize-fortran-build	summarization-partial	1	2026-09-05T15:30:22.364604-05:00	ICLR_results/terminalbench/main/glm47flash/d05__b3k__su-partial/modernize-fortran-build/summarization-partial/run_1	logs/harbor_jobs/terminalbench/glm47flash/glm47flash-summarization-partial-r1-1788638234822
d05__b3k__su-partial	new-encrypt-command__summarization-partial__r1	new-encrypt-command	summarization-partial	1	2026-09-05T15:42:11.869121-05:00	ICLR_results/terminalbench/main/glm47flash/d05__b3k__su-partial/new-encrypt-command/summarization-partial/run_1	logs/harbor_jobs/terminalbench/glm47flash/glm47flash-summarization-partial-r1-1788638234822
d05__b3k__su-partial	password-recovery__summarization-partial__r1	password-recovery	summarization-partial	1	2026-09-05T15:53:37.325112-05:00	ICLR_results/terminalbench/main/glm47flash/d05__b3k__su-partial/password-recovery/summarization-partial/run_1	logs/harbor_jobs/terminalbench/glm47flash/glm47flash-summarization-partial-r1-1788638234822
d05__b3k__su-partial	path-tracing-reverse__summarization-partial__r1	path-tracing-reverse	summarization-partial	1	2026-09-05T15:01:23.933663-05:00	ICLR_results/terminalbench/main/glm47flash/d05__b3k__su-partial/path-tracing-reverse/summarization-partial/run_1	logs/harbor_jobs/terminalbench/glm47flash/glm47flash-summarization-partial-r1-1788638234822
d05__b3k__su-partial	processing-pipeline__summarization-partial__r1	processing-pipeline	summarization-partial	1	2026-09-05T15:29:18.041762-05:00	ICLR_results/terminalbench/main/glm47flash/d05__b3k__su-partial/processing-pipeline/summarization-partial/run_1	logs/harbor_jobs/terminalbench/glm47flash/glm47flash-summarization-partial-r1-1788638234822
d05__b3k__su-partial	prove-plus-comm__summarization-partial__r1	prove-plus-comm	summarization-partial	1	2026-09-05T14:57:16.399742-05:00	ICLR_results/terminalbench/main/glm47flash/d05__b3k__su-partial/prove-plus-comm/summarization-partial/run_1	logs/harbor_jobs/terminalbench/glm47flash/glm47flash-summarization-partial-r1-1788638234822
d05__b3k__su-partial	pytorch-model-cli.hard__summarization-partial__r1	pytorch-model-cli.hard	summarization-partial	1	2026-09-05T15:03:49.254474-05:00	ICLR_results/terminalbench/main/glm47flash/d05__b3k__su-partial/pytorch-model-cli.hard/summarization-partial/run_1	logs/harbor_jobs/terminalbench/glm47flash/glm47flash-summarization-partial-r1-1788638234822
d05__b3k__su-partial	qemu-alpine-ssh__summarization-partial__r1	qemu-alpine-ssh	summarization-partial	1	2026-09-05T15:14:12.739926-05:00	ICLR_results/terminalbench/main/glm47flash/d05__b3k__su-partial/qemu-alpine-ssh/summarization-partial/run_1	logs/harbor_jobs/terminalbench/glm47flash/glm47flash-summarization-partial-r1-1788638234822
d05__b3k__su-partial	qemu-startup__summarization-partial__r1	qemu-startup	summarization-partial	1	2026-09-05T16:00:02.859598-05:00	ICLR_results/terminalbench/main/glm47flash/d05__b3k__su-partial/qemu-startup/summarization-partial/run_1	logs/harbor_jobs/terminalbench/glm47flash/glm47flash-summarization-partial-r1-1788638234822
d05__b3k__su-partial	raman-fitting.easy__summarization-partial__r1	raman-fitting.easy	summarization-partial	1	2026-09-05T14:57:16.390750-05:00	ICLR_results/terminalbench/main/glm47flash/d05__b3k__su-partial/raman-fitting.easy/summarization-partial/run_1	logs/harbor_jobs/terminalbench/glm47flash/glm47flash-summarization-partial-r1-1788638234822
d05__b3k__su-partial	sanitize-git-repo__summarization-partial__r1	sanitize-git-repo	summarization-partial	1	2026-09-05T15:22:55.113144-05:00	ICLR_results/terminalbench/main/glm47flash/d05__b3k__su-partial/sanitize-git-repo/summarization-partial/run_1	logs/harbor_jobs/terminalbench/glm47flash/glm47flash-summarization-partial-r1-1788638234822
d05__b3k__su-partial	sanitize-git-repo.hard__summarization-partial__r1	sanitize-git-repo.hard	summarization-partial	1	2026-09-05T16:07:04.511385-05:00	ICLR_results/terminalbench/main/glm47flash/d05__b3k__su-partial/sanitize-git-repo.hard/summarization-partial/run_1	logs/harbor_jobs/terminalbench/glm47flash/glm47flash-summarization-partial-r1-1788638234822
d05__b3k__su-partial	solana-data__summarization-partial__r1	solana-data	summarization-partial	1	2026-09-05T15:04:29.774674-05:00	ICLR_results/terminalbench/main/glm47flash/d05__b3k__su-partial/solana-data/summarization-partial/run_1	logs/harbor_jobs/terminalbench/glm47flash/glm47flash-summarization-partial-r1-1788638234822
d05__b3k__su-partial	sqlite-with-gcov__summarization-partial__r1	sqlite-with-gcov	summarization-partial	1	2026-09-05T15:07:48.514537-05:00	ICLR_results/terminalbench/main/glm47flash/d05__b3k__su-partial/sqlite-with-gcov/summarization-partial/run_1	logs/harbor_jobs/terminalbench/glm47flash/glm47flash-summarization-partial-r1-1788638234822
d05__b3k__su-partial	super-benchmark-upet__summarization-partial__r1	super-benchmark-upet	summarization-partial	1	2026-09-05T15:42:10.063895-05:00	ICLR_results/terminalbench/main/glm47flash/d05__b3k__su-partial/super-benchmark-upet/summarization-partial/run_1	logs/harbor_jobs/terminalbench/glm47flash/glm47flash-summarization-partial-r1-1788638234822
d05__b3k__su-partial	swe-bench-astropy-2__summarization-partial__r1	swe-bench-astropy-2	summarization-partial	1	2026-09-05T15:57:28.654276-05:00	ICLR_results/terminalbench/main/glm47flash/d05__b3k__su-partial/swe-bench-astropy-2/summarization-partial/run_1	logs/harbor_jobs/terminalbench/glm47flash/glm47flash-summarization-partial-r1-1788638234822
d05__b3k__su-partial	swe-bench-fsspec__summarization-partial__r1	swe-bench-fsspec	summarization-partial	1	2026-09-05T15:24:38.268953-05:00	ICLR_results/terminalbench/main/glm47flash/d05__b3k__su-partial/swe-bench-fsspec/summarization-partial/run_1	logs/harbor_jobs/terminalbench/glm47flash/glm47flash-summarization-partial-r1-1788638234822
d05__b3k__su-partial	tmux-advanced-workflow__summarization-partial__r1	tmux-advanced-workflow	summarization-partial	1	2026-09-05T14:57:16.342715-05:00	ICLR_results/terminalbench/main/glm47flash/d05__b3k__su-partial/tmux-advanced-workflow/summarization-partial/run_1	logs/harbor_jobs/terminalbench/glm47flash/glm47flash-summarization-partial-r1-1788638234822
d05__b3k__su-partial	write-compressor__summarization-partial__r1	write-compressor	summarization-partial	1	2026-09-05T15:51:02.598010-05:00	ICLR_results/terminalbench/main/glm47flash/d05__b3k__su-partial/write-compressor/summarization-partial/run_1	logs/harbor_jobs/terminalbench/glm47flash/glm47flash-summarization-partial-r1-1788638234822
d05__b3k__su-partial	blind-maze-explorer-5x5__summarization-partial__r2	blind-maze-explorer-5x5	summarization-partial	2	2026-09-05T23:17:00.134801-05:00	ICLR_results/terminalbench/main/glm47flash/d05__b3k__su-partial/blind-maze-explorer-5x5/summarization-partial/run_2	logs/harbor_jobs/terminalbench/glm47flash/glm47flash-summarization-partial-r2-1788653044362
d05__b3k__su-partial	blind-maze-explorer-algorithm__summarization-partial__r2	blind-maze-explorer-algorithm	summarization-partial	2	2026-09-05T19:38:32.669559-05:00	ICLR_results/terminalbench/main/glm47flash/d05__b3k__su-partial/blind-maze-explorer-algorithm/summarization-partial/run_2	logs/harbor_jobs/terminalbench/glm47flash/glm47flash-summarization-partial-r2-1788653044362
d05__b3k__su-partial	cartpole-rl-training__summarization-partial__r2	cartpole-rl-training	summarization-partial	2	2026-09-05T23:17:00.142257-05:00	ICLR_results/terminalbench/main/glm47flash/d05__b3k__su-partial/cartpole-rl-training/summarization-partial/run_2	logs/harbor_jobs/terminalbench/glm47flash/glm47flash-summarization-partial-r2-1788653044362
d05__b3k__su-partial	count-dataset-tokens__summarization-partial__r2	count-dataset-tokens	summarization-partial	2	2026-09-05T19:10:35.743432-05:00	ICLR_results/terminalbench/main/glm47flash/d05__b3k__su-partial/count-dataset-tokens/summarization-partial/run_2	logs/harbor_jobs/terminalbench/glm47flash/glm47flash-summarization-partial-r2-1788653044362
d05__b3k__su-partial	crack-7z-hash.hard__summarization-partial__r2	crack-7z-hash.hard	summarization-partial	2	2026-09-05T20:02:08.534689-05:00	ICLR_results/terminalbench/main/glm47flash/d05__b3k__su-partial/crack-7z-hash.hard/summarization-partial/run_2	logs/harbor_jobs/terminalbench/glm47flash/glm47flash-summarization-partial-r2-1788653044362
d05__b3k__su-partial	csv-to-parquet__summarization-partial__r2	csv-to-parquet	summarization-partial	2	2026-09-05T19:30:50.744655-05:00	ICLR_results/terminalbench/main/glm47flash/d05__b3k__su-partial/csv-to-parquet/summarization-partial/run_2	logs/harbor_jobs/terminalbench/glm47flash/glm47flash-summarization-partial-r2-1788653044362
d05__b3k__su-partial	decommissioning-service-with-sensitive-data__summarization-partial__r2	decommissioning-service-with-sensitive-data	summarization-partial	2	2026-09-05T23:17:00.126706-05:00	ICLR_results/terminalbench/main/glm47flash/d05__b3k__su-partial/decommissioning-service-with-sensitive-data/summarization-partial/run_2	logs/harbor_jobs/terminalbench/glm47flash/glm47flash-summarization-partial-r2-1788653044362
d05__b3k__su-partial	download-youtube__summarization-partial__r2	download-youtube	summarization-partial	2	2026-09-05T20:08:34.999518-05:00	ICLR_results/terminalbench/main/glm47flash/d05__b3k__su-partial/download-youtube/summarization-partial/run_2	logs/harbor_jobs/terminalbench/glm47flash/glm47flash-summarization-partial-r2-1788653044362
d05__b3k__su-partial	eval-mteb__summarization-partial__r2	eval-mteb	summarization-partial	2	2026-09-05T19:21:04.359231-05:00	ICLR_results/terminalbench/main/glm47flash/d05__b3k__su-partial/eval-mteb/summarization-partial/run_2	logs/harbor_jobs/terminalbench/glm47flash/glm47flash-summarization-partial-r2-1788653044362
d05__b3k__su-partial	eval-mteb.hard__summarization-partial__r2	eval-mteb.hard	summarization-partial	2	2026-09-05T23:17:00.120559-05:00	ICLR_results/terminalbench/main/glm47flash/d05__b3k__su-partial/eval-mteb.hard/summarization-partial/run_2	logs/harbor_jobs/terminalbench/glm47flash/glm47flash-summarization-partial-r2-1788653044362
d05__b3k__su-partial	extract-moves-from-video__summarization-partial__r2	extract-moves-from-video	summarization-partial	2	2026-09-05T19:42:53.480341-05:00	ICLR_results/terminalbench/main/glm47flash/d05__b3k__su-partial/extract-moves-from-video/summarization-partial/run_2	logs/harbor_jobs/terminalbench/glm47flash/glm47flash-summarization-partial-r2-1788653044362
d05__b3k__su-partial	fibonacci-server__summarization-partial__r2	fibonacci-server	summarization-partial	2	2026-09-05T19:17:56.866208-05:00	ICLR_results/terminalbench/main/glm47flash/d05__b3k__su-partial/fibonacci-server/summarization-partial/run_2	logs/harbor_jobs/terminalbench/glm47flash/glm47flash-summarization-partial-r2-1788653044362
d05__b3k__su-partial	fix-git__summarization-partial__r2	fix-git	summarization-partial	2	2026-09-05T19:55:42.821853-05:00	ICLR_results/terminalbench/main/glm47flash/d05__b3k__su-partial/fix-git/summarization-partial/run_2	logs/harbor_jobs/terminalbench/glm47flash/glm47flash-summarization-partial-r2-1788653044362
d05__b3k__su-partial	fix-pandas-version__summarization-partial__r2	fix-pandas-version	summarization-partial	2	2026-09-05T19:24:30.689620-05:00	ICLR_results/terminalbench/main/glm47flash/d05__b3k__su-partial/fix-pandas-version/summarization-partial/run_2	logs/harbor_jobs/terminalbench/glm47flash/glm47flash-summarization-partial-r2-1788653044362
d05__b3k__su-partial	fix-permissions__summarization-partial__r2	fix-permissions	summarization-partial	2	2026-09-05T19:10:37.960013-05:00	ICLR_results/terminalbench/main/glm47flash/d05__b3k__su-partial/fix-permissions/summarization-partial/run_2	logs/harbor_jobs/terminalbench/glm47flash/glm47flash-summarization-partial-r2-1788653044362
d05__b3k__su-partial	git-workflow-hack__summarization-partial__r2	git-workflow-hack	summarization-partial	2	2026-09-05T19:53:58.425539-05:00	ICLR_results/terminalbench/main/glm47flash/d05__b3k__su-partial/git-workflow-hack/summarization-partial/run_2	logs/harbor_jobs/terminalbench/glm47flash/glm47flash-summarization-partial-r2-1788653044362
d05__b3k__su-partial	gpt2-codegolf__summarization-partial__r2	gpt2-codegolf	summarization-partial	2	2026-09-05T19:17:58.598288-05:00	ICLR_results/terminalbench/main/glm47flash/d05__b3k__su-partial/gpt2-codegolf/summarization-partial/run_2	logs/harbor_jobs/terminalbench/glm47flash/glm47flash-summarization-partial-r2-1788653044362
d05__b3k__su-partial	heterogeneous-dates__summarization-partial__r2	heterogeneous-dates	summarization-partial	2	2026-09-06T00:56:42.158315-05:00	ICLR_results/terminalbench/main/glm47flash/d05__b3k__su-partial/heterogeneous-dates/summarization-partial/run_2	logs/harbor_jobs/terminalbench/glm47flash/glm47flash-summarization-partial-r2-1788653044362
d05__b3k__su-partial	hf-model-inference__summarization-partial__r2	hf-model-inference	summarization-partial	2	2026-09-05T19:24:25.445620-05:00	ICLR_results/terminalbench/main/glm47flash/d05__b3k__su-partial/hf-model-inference/summarization-partial/run_2	logs/harbor_jobs/terminalbench/glm47flash/glm47flash-summarization-partial-r2-1788653044362
d05__b3k__su-partial	incompatible-python-fasttext__summarization-partial__r2	incompatible-python-fasttext	summarization-partial	2	2026-09-05T19:04:05.965499-05:00	ICLR_results/terminalbench/main/glm47flash/d05__b3k__su-partial/incompatible-python-fasttext/summarization-partial/run_2	logs/harbor_jobs/terminalbench/glm47flash/glm47flash-summarization-partial-r2-1788653044362
d05__b3k__su-partial	intrusion-detection__summarization-partial__r2	intrusion-detection	summarization-partial	2	2026-09-05T19:51:26.401988-05:00	ICLR_results/terminalbench/main/glm47flash/d05__b3k__su-partial/intrusion-detection/summarization-partial/run_2	logs/harbor_jobs/terminalbench/glm47flash/glm47flash-summarization-partial-r2-1788653044362
d05__b3k__su-partial	modernize-fortran-build__summarization-partial__r2	modernize-fortran-build	summarization-partial	2	2026-09-05T19:37:17.216842-05:00	ICLR_results/terminalbench/main/glm47flash/d05__b3k__su-partial/modernize-fortran-build/summarization-partial/run_2	logs/harbor_jobs/terminalbench/glm47flash/glm47flash-summarization-partial-r2-1788653044362
d05__b3k__su-partial	new-encrypt-command__summarization-partial__r2	new-encrypt-command	summarization-partial	2	2026-09-05T19:49:20.046623-05:00	ICLR_results/terminalbench/main/glm47flash/d05__b3k__su-partial/new-encrypt-command/summarization-partial/run_2	logs/harbor_jobs/terminalbench/glm47flash/glm47flash-summarization-partial-r2-1788653044362
d05__b3k__su-partial	password-recovery__summarization-partial__r2	password-recovery	summarization-partial	2	2026-09-05T20:00:27.073000-05:00	ICLR_results/terminalbench/main/glm47flash/d05__b3k__su-partial/password-recovery/summarization-partial/run_2	logs/harbor_jobs/terminalbench/glm47flash/glm47flash-summarization-partial-r2-1788653044362
d05__b3k__su-partial	path-tracing-reverse__summarization-partial__r2	path-tracing-reverse	summarization-partial	2	2026-09-05T19:06:50.270967-05:00	ICLR_results/terminalbench/main/glm47flash/d05__b3k__su-partial/path-tracing-reverse/summarization-partial/run_2	logs/harbor_jobs/terminalbench/glm47flash/glm47flash-summarization-partial-r2-1788653044362
d05__b3k__su-partial	processing-pipeline__summarization-partial__r2	processing-pipeline	summarization-partial	2	2026-09-05T19:36:28.176577-05:00	ICLR_results/terminalbench/main/glm47flash/d05__b3k__su-partial/processing-pipeline/summarization-partial/run_2	logs/harbor_jobs/terminalbench/glm47flash/glm47flash-summarization-partial-r2-1788653044362
d05__b3k__su-partial	prove-plus-comm__summarization-partial__r2	prove-plus-comm	summarization-partial	2	2026-09-05T19:04:05.969893-05:00	ICLR_results/terminalbench/main/glm47flash/d05__b3k__su-partial/prove-plus-comm/summarization-partial/run_2	logs/harbor_jobs/terminalbench/glm47flash/glm47flash-summarization-partial-r2-1788653044362
d05__b3k__su-partial	pytorch-model-cli.hard__summarization-partial__r2	pytorch-model-cli.hard	summarization-partial	2	2026-09-05T19:10:37.210822-05:00	ICLR_results/terminalbench/main/glm47flash/d05__b3k__su-partial/pytorch-model-cli.hard/summarization-partial/run_2	logs/harbor_jobs/terminalbench/glm47flash/glm47flash-summarization-partial-r2-1788653044362
d05__b3k__su-partial	qemu-alpine-ssh__summarization-partial__r2	qemu-alpine-ssh	summarization-partial	2	2026-09-05T19:19:38.022389-05:00	ICLR_results/terminalbench/main/glm47flash/d05__b3k__su-partial/qemu-alpine-ssh/summarization-partial/run_2	logs/harbor_jobs/terminalbench/glm47flash/glm47flash-summarization-partial-r2-1788653044362
d05__b3k__su-partial	qemu-startup__summarization-partial__r2	qemu-startup	summarization-partial	2	2026-09-05T20:06:54.431440-05:00	ICLR_results/terminalbench/main/glm47flash/d05__b3k__su-partial/qemu-startup/summarization-partial/run_2	logs/harbor_jobs/terminalbench/glm47flash/glm47flash-summarization-partial-r2-1788653044362
d05__b3k__su-partial	raman-fitting.easy__summarization-partial__r2	raman-fitting.easy	summarization-partial	2	2026-09-05T19:04:05.961187-05:00	ICLR_results/terminalbench/main/glm47flash/d05__b3k__su-partial/raman-fitting.easy/summarization-partial/run_2	logs/harbor_jobs/terminalbench/glm47flash/glm47flash-summarization-partial-r2-1788653044362
d05__b3k__su-partial	sanitize-git-repo__summarization-partial__r2	sanitize-git-repo	summarization-partial	2	2026-09-05T19:30:03.984447-05:00	ICLR_results/terminalbench/main/glm47flash/d05__b3k__su-partial/sanitize-git-repo/summarization-partial/run_2	logs/harbor_jobs/terminalbench/glm47flash/glm47flash-summarization-partial-r2-1788653044362
d05__b3k__su-partial	sanitize-git-repo.hard__summarization-partial__r2	sanitize-git-repo.hard	summarization-partial	2	2026-09-05T20:14:59.152156-05:00	ICLR_results/terminalbench/main/glm47flash/d05__b3k__su-partial/sanitize-git-repo.hard/summarization-partial/run_2	logs/harbor_jobs/terminalbench/glm47flash/glm47flash-summarization-partial-r2-1788653044362
d05__b3k__su-partial	solana-data__summarization-partial__r2	solana-data	summarization-partial	2	2026-09-05T19:11:21.687855-05:00	ICLR_results/terminalbench/main/glm47flash/d05__b3k__su-partial/solana-data/summarization-partial/run_2	logs/harbor_jobs/terminalbench/glm47flash/glm47flash-summarization-partial-r2-1788653044362
d05__b3k__su-partial	sqlite-with-gcov__summarization-partial__r2	sqlite-with-gcov	summarization-partial	2	2026-09-05T19:13:15.155386-05:00	ICLR_results/terminalbench/main/glm47flash/d05__b3k__su-partial/sqlite-with-gcov/summarization-partial/run_2	logs/harbor_jobs/terminalbench/glm47flash/glm47flash-summarization-partial-r2-1788653044362
d05__b3k__su-partial	super-benchmark-upet__summarization-partial__r2	super-benchmark-upet	summarization-partial	2	2026-09-05T19:48:26.334440-05:00	ICLR_results/terminalbench/main/glm47flash/d05__b3k__su-partial/super-benchmark-upet/summarization-partial/run_2	logs/harbor_jobs/terminalbench/glm47flash/glm47flash-summarization-partial-r2-1788653044362
d05__b3k__su-partial	swe-bench-astropy-2__summarization-partial__r2	swe-bench-astropy-2	summarization-partial	2	2026-09-05T20:04:21.677868-05:00	ICLR_results/terminalbench/main/glm47flash/d05__b3k__su-partial/swe-bench-astropy-2/summarization-partial/run_2	logs/harbor_jobs/terminalbench/glm47flash/glm47flash-summarization-partial-r2-1788653044362
d05__b3k__su-partial	swe-bench-fsspec__summarization-partial__r2	swe-bench-fsspec	summarization-partial	2	2026-09-05T19:30:51.476326-05:00	ICLR_results/terminalbench/main/glm47flash/d05__b3k__su-partial/swe-bench-fsspec/summarization-partial/run_2	logs/harbor_jobs/terminalbench/glm47flash/glm47flash-summarization-partial-r2-1788653044362
d05__b3k__su-partial	tmux-advanced-workflow__summarization-partial__r2	tmux-advanced-workflow	summarization-partial	2	2026-09-05T19:04:05.914141-05:00	ICLR_results/terminalbench/main/glm47flash/d05__b3k__su-partial/tmux-advanced-workflow/summarization-partial/run_2	logs/harbor_jobs/terminalbench/glm47flash/glm47flash-summarization-partial-r2-1788653044362
d05__b3k__su-partial	write-compressor__summarization-partial__r2	write-compressor	summarization-partial	2	2026-09-05T19:57:55.938524-05:00	ICLR_results/terminalbench/main/glm47flash/d05__b3k__su-partial/write-compressor/summarization-partial/run_2	logs/harbor_jobs/terminalbench/glm47flash/glm47flash-summarization-partial-r2-1788653044362
d05__b3k__su-partial	blind-maze-explorer-5x5__summarization-partial__r3	blind-maze-explorer-5x5	summarization-partial	3	2026-09-06T05:16:29.117293-05:00	ICLR_results/terminalbench/main/glm47flash/d05__b3k__su-partial/blind-maze-explorer-5x5/summarization-partial/run_3	logs/harbor_jobs/terminalbench/glm47flash/glm47flash-summarization-partial-r3-1788678255724
d05__b3k__su-partial	blind-maze-explorer-algorithm__summarization-partial__r3	blind-maze-explorer-algorithm	summarization-partial	3	2026-09-06T02:40:06.669040-05:00	ICLR_results/terminalbench/main/glm47flash/d05__b3k__su-partial/blind-maze-explorer-algorithm/summarization-partial/run_3	logs/harbor_jobs/terminalbench/glm47flash/glm47flash-summarization-partial-r3-1788678255724
d05__b3k__su-partial	cartpole-rl-training__summarization-partial__r3	cartpole-rl-training	summarization-partial	3	2026-09-06T05:16:29.124956-05:00	ICLR_results/terminalbench/main/glm47flash/d05__b3k__su-partial/cartpole-rl-training/summarization-partial/run_3	logs/harbor_jobs/terminalbench/glm47flash/glm47flash-summarization-partial-r3-1788678255724
d05__b3k__su-partial	count-dataset-tokens__summarization-partial__r3	count-dataset-tokens	summarization-partial	3	2026-09-06T02:10:51.355667-05:00	ICLR_results/terminalbench/main/glm47flash/d05__b3k__su-partial/count-dataset-tokens/summarization-partial/run_3	logs/harbor_jobs/terminalbench/glm47flash/glm47flash-summarization-partial-r3-1788678255724
d05__b3k__su-partial	crack-7z-hash.hard__summarization-partial__r3	crack-7z-hash.hard	summarization-partial	3	2026-09-06T03:01:53.741149-05:00	ICLR_results/terminalbench/main/glm47flash/d05__b3k__su-partial/crack-7z-hash.hard/summarization-partial/run_3	logs/harbor_jobs/terminalbench/glm47flash/glm47flash-summarization-partial-r3-1788678255724
d05__b3k__su-partial	csv-to-parquet__summarization-partial__r3	csv-to-parquet	summarization-partial	3	2026-09-06T02:32:22.752329-05:00	ICLR_results/terminalbench/main/glm47flash/d05__b3k__su-partial/csv-to-parquet/summarization-partial/run_3	logs/harbor_jobs/terminalbench/glm47flash/glm47flash-summarization-partial-r3-1788678255724
d05__b3k__su-partial	decommissioning-service-with-sensitive-data__summarization-partial__r3	decommissioning-service-with-sensitive-data	summarization-partial	3	2026-09-06T03:15:52.106996-05:00	ICLR_results/terminalbench/main/glm47flash/d05__b3k__su-partial/decommissioning-service-with-sensitive-data/summarization-partial/run_3	logs/harbor_jobs/terminalbench/glm47flash/glm47flash-summarization-partial-r3-1788678255724
d05__b3k__su-partial	download-youtube__summarization-partial__r3	download-youtube	summarization-partial	3	2026-09-06T03:08:16.420659-05:00	ICLR_results/terminalbench/main/glm47flash/d05__b3k__su-partial/download-youtube/summarization-partial/run_3	logs/harbor_jobs/terminalbench/glm47flash/glm47flash-summarization-partial-r3-1788678255724
d05__b3k__su-partial	eval-mteb__summarization-partial__r3	eval-mteb	summarization-partial	3	2026-09-06T02:23:34.823169-05:00	ICLR_results/terminalbench/main/glm47flash/d05__b3k__su-partial/eval-mteb/summarization-partial/run_3	logs/harbor_jobs/terminalbench/glm47flash/glm47flash-summarization-partial-r3-1788678255724
d05__b3k__su-partial	eval-mteb.hard__summarization-partial__r3	eval-mteb.hard	summarization-partial	3	2026-09-06T03:14:39.608979-05:00	ICLR_results/terminalbench/main/glm47flash/d05__b3k__su-partial/eval-mteb.hard/summarization-partial/run_3	logs/harbor_jobs/terminalbench/glm47flash/glm47flash-summarization-partial-r3-1788678255724
d05__b3k__su-partial	extract-moves-from-video__summarization-partial__r3	extract-moves-from-video	summarization-partial	3	2026-09-06T02:43:45.900853-05:00	ICLR_results/terminalbench/main/glm47flash/d05__b3k__su-partial/extract-moves-from-video/summarization-partial/run_3	logs/harbor_jobs/terminalbench/glm47flash/glm47flash-summarization-partial-r3-1788678255724
d05__b3k__su-partial	fibonacci-server__summarization-partial__r3	fibonacci-server	summarization-partial	3	2026-09-06T02:18:08.695008-05:00	ICLR_results/terminalbench/main/glm47flash/d05__b3k__su-partial/fibonacci-server/summarization-partial/run_3	logs/harbor_jobs/terminalbench/glm47flash/glm47flash-summarization-partial-r3-1788678255724
d05__b3k__su-partial	fix-git__summarization-partial__r3	fix-git	summarization-partial	3	2026-09-06T02:55:31.284858-05:00	ICLR_results/terminalbench/main/glm47flash/d05__b3k__su-partial/fix-git/summarization-partial/run_3	logs/harbor_jobs/terminalbench/glm47flash/glm47flash-summarization-partial-r3-1788678255724
d05__b3k__su-partial	fix-pandas-version__summarization-partial__r3	fix-pandas-version	summarization-partial	3	2026-09-06T02:27:39.659303-05:00	ICLR_results/terminalbench/main/glm47flash/d05__b3k__su-partial/fix-pandas-version/summarization-partial/run_3	logs/harbor_jobs/terminalbench/glm47flash/glm47flash-summarization-partial-r3-1788678255724
d05__b3k__su-partial	fix-permissions__summarization-partial__r3	fix-permissions	summarization-partial	3	2026-09-06T02:14:42.666171-05:00	ICLR_results/terminalbench/main/glm47flash/d05__b3k__su-partial/fix-permissions/summarization-partial/run_3	logs/harbor_jobs/terminalbench/glm47flash/glm47flash-summarization-partial-r3-1788678255724
d05__b3k__su-partial	git-workflow-hack__summarization-partial__r3	git-workflow-hack	summarization-partial	3	2026-09-06T02:53:56.685305-05:00	ICLR_results/terminalbench/main/glm47flash/d05__b3k__su-partial/git-workflow-hack/summarization-partial/run_3	logs/harbor_jobs/terminalbench/glm47flash/glm47flash-summarization-partial-r3-1788678255724
d05__b3k__su-partial	gpt2-codegolf__summarization-partial__r3	gpt2-codegolf	summarization-partial	3	2026-09-06T02:21:15.385072-05:00	ICLR_results/terminalbench/main/glm47flash/d05__b3k__su-partial/gpt2-codegolf/summarization-partial/run_3	logs/harbor_jobs/terminalbench/glm47flash/glm47flash-summarization-partial-r3-1788678255724
d05__b3k__su-partial	heterogeneous-dates__summarization-partial__r3	heterogeneous-dates	summarization-partial	3	2026-09-06T05:16:29.140187-05:00	ICLR_results/terminalbench/main/glm47flash/d05__b3k__su-partial/heterogeneous-dates/summarization-partial/run_3	logs/harbor_jobs/terminalbench/glm47flash/glm47flash-summarization-partial-r3-1788678255724
d05__b3k__su-partial	hf-model-inference__summarization-partial__r3	hf-model-inference	summarization-partial	3	2026-09-06T02:24:34.428020-05:00	ICLR_results/terminalbench/main/glm47flash/d05__b3k__su-partial/hf-model-inference/summarization-partial/run_3	logs/harbor_jobs/terminalbench/glm47flash/glm47flash-summarization-partial-r3-1788678255724
d05__b3k__su-partial	incompatible-python-fasttext__summarization-partial__r3	incompatible-python-fasttext	summarization-partial	3	2026-09-06T02:04:17.314409-05:00	ICLR_results/terminalbench/main/glm47flash/d05__b3k__su-partial/incompatible-python-fasttext/summarization-partial/run_3	logs/harbor_jobs/terminalbench/glm47flash/glm47flash-summarization-partial-r3-1788678255724
d05__b3k__su-partial	intrusion-detection__summarization-partial__r3	intrusion-detection	summarization-partial	3	2026-09-06T02:52:47.768951-05:00	ICLR_results/terminalbench/main/glm47flash/d05__b3k__su-partial/intrusion-detection/summarization-partial/run_3	logs/harbor_jobs/terminalbench/glm47flash/glm47flash-summarization-partial-r3-1788678255724
d05__b3k__su-partial	modernize-fortran-build__summarization-partial__r3	modernize-fortran-build	summarization-partial	3	2026-09-06T02:38:47.868176-05:00	ICLR_results/terminalbench/main/glm47flash/d05__b3k__su-partial/modernize-fortran-build/summarization-partial/run_3	logs/harbor_jobs/terminalbench/glm47flash/glm47flash-summarization-partial-r3-1788678255724
d05__b3k__su-partial	new-encrypt-command__summarization-partial__r3	new-encrypt-command	summarization-partial	3	2026-09-06T02:51:32.025406-05:00	ICLR_results/terminalbench/main/glm47flash/d05__b3k__su-partial/new-encrypt-command/summarization-partial/run_3	logs/harbor_jobs/terminalbench/glm47flash/glm47flash-summarization-partial-r3-1788678255724
d05__b3k__su-partial	password-recovery__summarization-partial__r3	password-recovery	summarization-partial	3	2026-09-06T03:00:21.787743-05:00	ICLR_results/terminalbench/main/glm47flash/d05__b3k__su-partial/password-recovery/summarization-partial/run_3	logs/harbor_jobs/terminalbench/glm47flash/glm47flash-summarization-partial-r3-1788678255724
d05__b3k__su-partial	path-tracing-reverse__summarization-partial__r3	path-tracing-reverse	summarization-partial	3	2026-09-06T02:10:50.624028-05:00	ICLR_results/terminalbench/main/glm47flash/d05__b3k__su-partial/path-tracing-reverse/summarization-partial/run_3	logs/harbor_jobs/terminalbench/glm47flash/glm47flash-summarization-partial-r3-1788678255724
d05__b3k__su-partial	processing-pipeline__summarization-partial__r3	processing-pipeline	summarization-partial	3	2026-09-06T02:37:20.585367-05:00	ICLR_results/terminalbench/main/glm47flash/d05__b3k__su-partial/processing-pipeline/summarization-partial/run_3	logs/harbor_jobs/terminalbench/glm47flash/glm47flash-summarization-partial-r3-1788678255724
d05__b3k__su-partial	prove-plus-comm__summarization-partial__r3	prove-plus-comm	summarization-partial	3	2026-09-06T02:04:17.318764-05:00	ICLR_results/terminalbench/main/glm47flash/d05__b3k__su-partial/prove-plus-comm/summarization-partial/run_3	logs/harbor_jobs/terminalbench/glm47flash/glm47flash-summarization-partial-r3-1788678255724
d05__b3k__su-partial	pytorch-model-cli.hard__summarization-partial__r3	pytorch-model-cli.hard	summarization-partial	3	2026-09-06T02:10:52.544509-05:00	ICLR_results/terminalbench/main/glm47flash/d05__b3k__su-partial/pytorch-model-cli.hard/summarization-partial/run_3	logs/harbor_jobs/terminalbench/glm47flash/glm47flash-summarization-partial-r3-1788678255724
d05__b3k__su-partial	qemu-alpine-ssh__summarization-partial__r3	qemu-alpine-ssh	summarization-partial	3	2026-09-06T02:21:57.508989-05:00	ICLR_results/terminalbench/main/glm47flash/d05__b3k__su-partial/qemu-alpine-ssh/summarization-partial/run_3	logs/harbor_jobs/terminalbench/glm47flash/glm47flash-summarization-partial-r3-1788678255724
d05__b3k__su-partial	qemu-startup__summarization-partial__r3	qemu-startup	summarization-partial	3	2026-09-06T03:06:47.161220-05:00	ICLR_results/terminalbench/main/glm47flash/d05__b3k__su-partial/qemu-startup/summarization-partial/run_3	logs/harbor_jobs/terminalbench/glm47flash/glm47flash-summarization-partial-r3-1788678255724
d05__b3k__su-partial	raman-fitting.easy__summarization-partial__r3	raman-fitting.easy	summarization-partial	3	2026-09-06T02:04:17.310165-05:00	ICLR_results/terminalbench/main/glm47flash/d05__b3k__su-partial/raman-fitting.easy/summarization-partial/run_3	logs/harbor_jobs/terminalbench/glm47flash/glm47flash-summarization-partial-r3-1788678255724
d05__b3k__su-partial	sanitize-git-repo__summarization-partial__r3	sanitize-git-repo	summarization-partial	3	2026-09-06T02:30:57.732955-05:00	ICLR_results/terminalbench/main/glm47flash/d05__b3k__su-partial/sanitize-git-repo/summarization-partial/run_3	logs/harbor_jobs/terminalbench/glm47flash/glm47flash-summarization-partial-r3-1788678255724
d05__b3k__su-partial	sanitize-git-repo.hard__summarization-partial__r3	sanitize-git-repo.hard	summarization-partial	3	2026-09-06T03:09:29.436294-05:00	ICLR_results/terminalbench/main/glm47flash/d05__b3k__su-partial/sanitize-git-repo.hard/summarization-partial/run_3	logs/harbor_jobs/terminalbench/glm47flash/glm47flash-summarization-partial-r3-1788678255724
d05__b3k__su-partial	solana-data__summarization-partial__r3	solana-data	summarization-partial	3	2026-09-06T02:15:26.250030-05:00	ICLR_results/terminalbench/main/glm47flash/d05__b3k__su-partial/solana-data/summarization-partial/run_3	logs/harbor_jobs/terminalbench/glm47flash/glm47flash-summarization-partial-r3-1788678255724
d05__b3k__su-partial	sqlite-with-gcov__summarization-partial__r3	sqlite-with-gcov	summarization-partial	3	2026-09-06T02:17:16.276595-05:00	ICLR_results/terminalbench/main/glm47flash/d05__b3k__su-partial/sqlite-with-gcov/summarization-partial/run_3	logs/harbor_jobs/terminalbench/glm47flash/glm47flash-summarization-partial-r3-1788678255724
d05__b3k__su-partial	super-benchmark-upet__summarization-partial__r3	super-benchmark-upet	summarization-partial	3	2026-09-06T02:50:10.703222-05:00	ICLR_results/terminalbench/main/glm47flash/d05__b3k__su-partial/super-benchmark-upet/summarization-partial/run_3	logs/harbor_jobs/terminalbench/glm47flash/glm47flash-summarization-partial-r3-1788678255724
d05__b3k__su-partial	swe-bench-astropy-2__summarization-partial__r3	swe-bench-astropy-2	summarization-partial	3	2026-09-06T03:05:39.463297-05:00	ICLR_results/terminalbench/main/glm47flash/d05__b3k__su-partial/swe-bench-astropy-2/summarization-partial/run_3	logs/harbor_jobs/terminalbench/glm47flash/glm47flash-summarization-partial-r3-1788678255724
d05__b3k__su-partial	swe-bench-fsspec__summarization-partial__r3	swe-bench-fsspec	summarization-partial	3	2026-09-06T02:33:59.580284-05:00	ICLR_results/terminalbench/main/glm47flash/d05__b3k__su-partial/swe-bench-fsspec/summarization-partial/run_3	logs/harbor_jobs/terminalbench/glm47flash/glm47flash-summarization-partial-r3-1788678255724
d05__b3k__su-partial	tmux-advanced-workflow__summarization-partial__r3	tmux-advanced-workflow	summarization-partial	3	2026-09-06T02:04:17.266984-05:00	ICLR_results/terminalbench/main/glm47flash/d05__b3k__su-partial/tmux-advanced-workflow/summarization-partial/run_3	logs/harbor_jobs/terminalbench/glm47flash/glm47flash-summarization-partial-r3-1788678255724
d05__b3k__su-partial	write-compressor__summarization-partial__r3	write-compressor	summarization-partial	3	2026-09-06T02:59:14.083028-05:00	ICLR_results/terminalbench/main/glm47flash/d05__b3k__su-partial/write-compressor/summarization-partial/run_3	logs/harbor_jobs/terminalbench/glm47flash/glm47flash-summarization-partial-r3-1788678255724
