model,threshold,budget,depth_removed,cohort,policy,solved,gained,lost,fc_solved,n_tasks
qwen35b,tight,10000,0.3,ABL-25,TR,10,1,7,16,25
qwen35b,tight,10000,0.3,ABL-25,TRC,13,1,4,16,25
qwen35b,tight,10000,0.3,ABL-25,SU,14,2,4,16,25
qwen35b,tight,10000,0.3,ABL-25,SU-p,12,1,5,16,25
qwen35b,tight,10000,0.3,ABL-25,SS,14,2,4,16,25
qwen35b,tight,10000,0.3,ABL-25,SS-p,16,2,2,16,25
qwen35b,tight,10000,0.3,ABL-25,TRC+SU,15,2,3,16,25
qwen35b,tight,10000,0.3,ABL-25,TRC+SS,17,2,1,16,25
qwen35b,tight,10000,0.3,ABL-25,OTRC+TR,9,1,8,16,25
qwen35b,tight,10000,0.3,ABL-25,OTRC+SU-p,12,1,5,16,25
qwen35b,tight,10000,0.3,ABL-25,OTRC+SS-p,12,1,5,16,25
qwen35b,tight,10000,0.3,ABL-25,OTRC,15,1,2,16,25
qwen35b,tight,10000,0.3,ABL-25,Oracle,20,4,0,16,25
qwen35b,tight,10000,0.3,ABL-25,FC,16,0,0,16,25
qwen35b,tight,10000,0.5,ABL-25,TR,11,1,6,16,25
qwen35b,tight,10000,0.5,ABL-25,TRC,13,1,4,16,25
qwen35b,tight,10000,0.5,ABL-25,SU,13,1,4,16,25
qwen35b,tight,10000,0.5,ABL-25,SU-p,12,1,5,16,25
qwen35b,tight,10000,0.5,ABL-25,SS,14,1,3,16,25
qwen35b,tight,10000,0.5,ABL-25,SS-p,11,0,5,16,25
qwen35b,tight,10000,0.5,ABL-25,TRC+SU,15,2,3,16,25
qwen35b,tight,10000,0.5,ABL-25,TRC+SS,17,2,1,16,25
qwen35b,tight,10000,0.5,ABL-25,OTRC+TR,9,1,8,16,25
qwen35b,tight,10000,0.5,ABL-25,OTRC+SU-p,12,1,5,16,25
qwen35b,tight,10000,0.5,ABL-25,OTRC+SS-p,12,1,5,16,25
qwen35b,tight,10000,0.5,ABL-25,OTRC,15,1,2,16,25
qwen35b,tight,10000,0.5,ABL-25,Oracle,19,3,0,16,25
qwen35b,tight,10000,0.5,ABL-25,FC,16,0,0,16,25
qwen35b,tight,10000,0.7,ABL-25,TR,10,1,7,16,25
qwen35b,tight,10000,0.7,ABL-25,TRC,13,1,4,16,25
qwen35b,tight,10000,0.7,ABL-25,SU,10,1,7,16,25
qwen35b,tight,10000,0.7,ABL-25,SU-p,12,1,5,16,25
qwen35b,tight,10000,0.7,ABL-25,SS,10,0,6,16,25
qwen35b,tight,10000,0.7,ABL-25,SS-p,15,1,2,16,25
qwen35b,tight,10000,0.7,ABL-25,TRC+SU,15,2,3,16,25
qwen35b,tight,10000,0.7,ABL-25,TRC+SS,17,2,1,16,25
qwen35b,tight,10000,0.7,ABL-25,OTRC+TR,9,1,8,16,25
qwen35b,tight,10000,0.7,ABL-25,OTRC+SU-p,12,1,5,16,25
qwen35b,tight,10000,0.7,ABL-25,OTRC+SS-p,12,1,5,16,25
qwen35b,tight,10000,0.7,ABL-25,OTRC,15,1,2,16,25
qwen35b,tight,10000,0.7,ABL-25,Oracle,19,3,0,16,25
qwen35b,tight,10000,0.7,ABL-25,FC,16,0,0,16,25
qwen35b,primary,15000,0.3,ABL-25,TR,16,1,1,16,25
qwen35b,primary,15000,0.3,ABL-25,TRC,18,2,0,16,25
qwen35b,primary,15000,0.3,ABL-25,SU,13,1,4,16,25
qwen35b,primary,15000,0.3,ABL-25,SU-p,17,2,1,16,25
qwen35b,primary,15000,0.3,ABL-25,SS,15,1,2,16,25
qwen35b,primary,15000,0.3,ABL-25,SS-p,19,3,0,16,25
qwen35b,primary,15000,0.3,ABL-25,TRC+SU,17,2,1,16,25
qwen35b,primary,15000,0.3,ABL-25,TRC+SS,16,1,1,16,25
qwen35b,primary,15000,0.3,ABL-25,OTRC+TR,14,2,4,16,25
qwen35b,primary,15000,0.3,ABL-25,OTRC+SU-p,18,3,1,16,25
qwen35b,primary,15000,0.3,ABL-25,OTRC+SS-p,14,1,3,16,25
qwen35b,primary,15000,0.3,ABL-25,OTRC,15,1,2,16,25
qwen35b,primary,15000,0.3,ABL-25,Oracle,21,5,0,16,25
qwen35b,primary,15000,0.3,ABL-25,FC,16,0,0,16,25
qwen35b,primary,15000,0.5,ABL-25,TR,10,1,7,16,25
qwen35b,primary,15000,0.5,ABL-25,TRC,18,2,0,16,25
qwen35b,primary,15000,0.5,ABL-25,SU,14,1,3,16,25
qwen35b,primary,15000,0.5,ABL-25,SU-p,15,1,2,16,25
qwen35b,primary,15000,0.5,ABL-25,SS,12,1,5,16,25
qwen35b,primary,15000,0.5,ABL-25,SS-p,16,2,2,16,25
qwen35b,primary,15000,0.5,ABL-25,TRC+SU,17,2,1,16,25
qwen35b,primary,15000,0.5,ABL-25,TRC+SS,16,1,1,16,25
qwen35b,primary,15000,0.5,ABL-25,OTRC+TR,14,2,4,16,25
qwen35b,primary,15000,0.5,ABL-25,OTRC+SU-p,18,3,1,16,25
qwen35b,primary,15000,0.5,ABL-25,OTRC+SS-p,14,1,3,16,25
qwen35b,primary,15000,0.5,ABL-25,OTRC,15,1,2,16,25
qwen35b,primary,15000,0.5,ABL-25,Oracle,20,4,0,16,25
qwen35b,primary,15000,0.5,ABL-25,FC,16,0,0,16,25
qwen35b,primary,15000,0.7,ABL-25,TR,12,1,5,16,25
qwen35b,primary,15000,0.7,ABL-25,TRC,18,2,0,16,25
qwen35b,primary,15000,0.7,ABL-25,SU,14,1,3,16,25
qwen35b,primary,15000,0.7,ABL-25,SU-p,17,2,1,16,25
qwen35b,primary,15000,0.7,ABL-25,SS,13,2,5,16,25
qwen35b,primary,15000,0.7,ABL-25,SS-p,14,1,3,16,25
qwen35b,primary,15000,0.7,ABL-25,TRC+SU,17,2,1,16,25
qwen35b,primary,15000,0.7,ABL-25,TRC+SS,16,1,1,16,25
qwen35b,primary,15000,0.7,ABL-25,OTRC+TR,14,2,4,16,25
qwen35b,primary,15000,0.7,ABL-25,OTRC+SU-p,18,3,1,16,25
qwen35b,primary,15000,0.7,ABL-25,OTRC+SS-p,14,1,3,16,25
qwen35b,primary,15000,0.7,ABL-25,OTRC,15,1,2,16,25
qwen35b,primary,15000,0.7,ABL-25,Oracle,20,4,0,16,25
qwen35b,primary,15000,0.7,ABL-25,FC,16,0,0,16,25
qwen35b,loose,20000,0.3,ABL-25,TR,15,1,2,16,25
qwen35b,loose,20000,0.3,ABL-25,TRC,17,2,1,16,25
qwen35b,loose,20000,0.3,ABL-25,SU,15,2,3,16,25
qwen35b,loose,20000,0.3,ABL-25,SU-p,17,3,2,16,25
qwen35b,loose,20000,0.3,ABL-25,SS,16,3,3,16,25
qwen35b,loose,20000,0.3,ABL-25,SS-p,17,3,2,16,25
qwen35b,loose,20000,0.3,ABL-25,TRC+SU,17,2,1,16,25
qwen35b,loose,20000,0.3,ABL-25,TRC+SS,19,4,1,16,25
qwen35b,loose,20000,0.3,ABL-25,OTRC+TR,17,2,1,16,25
qwen35b,loose,20000,0.3,ABL-25,OTRC+SU-p,17,2,1,16,25
qwen35b,loose,20000,0.3,ABL-25,OTRC+SS-p,17,3,2,16,25
qwen35b,loose,20000,0.3,ABL-25,OTRC,15,1,2,16,25
qwen35b,loose,20000,0.3,ABL-25,Oracle,21,5,0,16,25
qwen35b,loose,20000,0.3,ABL-25,FC,16,0,0,16,25
qwen35b,loose,20000,0.5,ABL-25,TR,15,0,1,16,25
qwen35b,loose,20000,0.5,ABL-25,TRC,17,2,1,16,25
qwen35b,loose,20000,0.5,ABL-25,SU,16,2,2,16,25
qwen35b,loose,20000,0.5,ABL-25,SU-p,16,2,2,16,25
qwen35b,loose,20000,0.5,ABL-25,SS,16,2,2,16,25
qwen35b,loose,20000,0.5,ABL-25,SS-p,19,3,0,16,25
qwen35b,loose,20000,0.5,ABL-25,TRC+SU,17,2,1,16,25
qwen35b,loose,20000,0.5,ABL-25,TRC+SS,19,4,1,16,25
qwen35b,loose,20000,0.5,ABL-25,OTRC+TR,17,2,1,16,25
qwen35b,loose,20000,0.5,ABL-25,OTRC+SU-p,17,2,1,16,25
qwen35b,loose,20000,0.5,ABL-25,OTRC+SS-p,17,3,2,16,25
qwen35b,loose,20000,0.5,ABL-25,OTRC,15,1,2,16,25
qwen35b,loose,20000,0.5,ABL-25,Oracle,21,5,0,16,25
qwen35b,loose,20000,0.5,ABL-25,FC,16,0,0,16,25
qwen35b,loose,20000,0.7,ABL-25,TR,17,1,0,16,25
qwen35b,loose,20000,0.7,ABL-25,TRC,17,2,1,16,25
qwen35b,loose,20000,0.7,ABL-25,SU,16,1,1,16,25
qwen35b,loose,20000,0.7,ABL-25,SU-p,16,2,2,16,25
qwen35b,loose,20000,0.7,ABL-25,SS,15,1,2,16,25
qwen35b,loose,20000,0.7,ABL-25,SS-p,17,2,1,16,25
qwen35b,loose,20000,0.7,ABL-25,TRC+SU,17,2,1,16,25
qwen35b,loose,20000,0.7,ABL-25,TRC+SS,19,4,1,16,25
qwen35b,loose,20000,0.7,ABL-25,OTRC+TR,17,2,1,16,25
qwen35b,loose,20000,0.7,ABL-25,OTRC+SU-p,17,2,1,16,25
qwen35b,loose,20000,0.7,ABL-25,OTRC+SS-p,17,3,2,16,25
qwen35b,loose,20000,0.7,ABL-25,OTRC,15,1,2,16,25
qwen35b,loose,20000,0.7,ABL-25,Oracle,21,5,0,16,25
qwen35b,loose,20000,0.7,ABL-25,FC,16,0,0,16,25
