cell,key,task,run_num,timestamp,resolved,patch_generated,action,reason,pred_matches,patch_matches,report_exists,report_resolved,report_mtime,result_file,prediction_file,evaluation_log_dir,report_count,top_flags
d05__b15k__ss,scikit-learn__scikit-learn-14710__structured-summarize__r2,scikit-learn__scikit-learn-14710,2,2026-09-09T04:39:14.824412,,True,evaluate_only,evaluation_incomplete_report_missing,True,True,False,,,ICLR_results/swebench/main/qwen35b/d05__b15k__ss/experiment_results.json,ICLR_results/swebench/main/qwen35b/d05__b15k__ss/preds/preds_scikit-learn__scikit-learn-14710__structured-summarize__r2.json,ICLR_results/swebench/main/qwen35b/d05__b15k__ss/eval/logs/run_evaluation/scikit-learn__scikit-learn-14710__structured-summarize__r2/qwen35-a3b/scikit-learn__scikit-learn-14710,1,error_ids
d05__b15k__ss-partial,scikit-learn__scikit-learn-14710__structured-summarize-partial__r1,scikit-learn__scikit-learn-14710,1,2026-09-07T23:45:05.280345,False,True,evaluate_only,evaluation_container_image_conflict,True,True,False,,,ICLR_results/swebench/main/qwen35b/d05__b15k__ss-partial/experiment_results.json,ICLR_results/swebench/main/qwen35b/d05__b15k__ss-partial/preds/preds_scikit-learn__scikit-learn-14710__structured-summarize-partial__r1.json,ICLR_results/swebench/main/qwen35b/d05__b15k__ss-partial/eval/logs/run_evaluation/scikit-learn__scikit-learn-14710__structured-summarize-partial__r1/qwen35-a3b/scikit-learn__scikit-learn-14710,1,error_ids
d05__b15k__ss-partial,scikit-learn__scikit-learn-14710__structured-summarize-partial__r2,scikit-learn__scikit-learn-14710,2,2026-09-09T06:42:21.360677,,True,evaluate_only,evaluation_incomplete_report_missing,True,True,False,,,ICLR_results/swebench/main/qwen35b/d05__b15k__ss-partial/experiment_results.json,ICLR_results/swebench/main/qwen35b/d05__b15k__ss-partial/preds/preds_scikit-learn__scikit-learn-14710__structured-summarize-partial__r2.json,ICLR_results/swebench/main/qwen35b/d05__b15k__ss-partial/eval/logs/run_evaluation/scikit-learn__scikit-learn-14710__structured-summarize-partial__r2/qwen35-a3b/scikit-learn__scikit-learn-14710,1,error_ids
d05__b15k__su-full,scikit-learn__scikit-learn-14710__summarization__r3,scikit-learn__scikit-learn-14710,3,2026-09-08T19:40:35.446111,,True,evaluate_only,evaluation_incomplete_report_missing,True,True,False,,,ICLR_results/swebench/main/qwen35b/d05__b15k__su-full/experiment_results.json,ICLR_results/swebench/main/qwen35b/d05__b15k__su-full/preds/preds_scikit-learn__scikit-learn-14710__summarization__r3.json,ICLR_results/swebench/main/qwen35b/d05__b15k__su-full/eval/logs/run_evaluation/scikit-learn__scikit-learn-14710__summarization__r3/qwen35-a3b/scikit-learn__scikit-learn-14710,1,
d05__b15k__su-full,scikit-learn__scikit-learn-14710__summarization__r2,scikit-learn__scikit-learn-14710,2,2026-09-08T19:47:24.671699,False,True,evaluate_only,evaluation_container_image_conflict,True,False,False,,,ICLR_results/swebench/main/qwen35b/d05__b15k__su-full/experiment_results.json,ICLR_results/swebench/main/qwen35b/d05__b15k__su-full/preds/preds_scikit-learn__scikit-learn-14710__summarization__r2.json,ICLR_results/swebench/main/qwen35b/d05__b15k__su-full/eval/logs/run_evaluation/scikit-learn__scikit-learn-14710__summarization__r2/qwen35-a3b/scikit-learn__scikit-learn-14710,1,error_ids
d05__b15k__su-full,scikit-learn__scikit-learn-14710__summarization__r1,scikit-learn__scikit-learn-14710,1,2026-09-08T19:48:57.212211,False,True,evaluate_only,evaluation_container_image_conflict,True,False,False,,,ICLR_results/swebench/main/qwen35b/d05__b15k__su-full/experiment_results.json,ICLR_results/swebench/main/qwen35b/d05__b15k__su-full/preds/preds_scikit-learn__scikit-learn-14710__summarization__r1.json,ICLR_results/swebench/main/qwen35b/d05__b15k__su-full/eval/logs/run_evaluation/scikit-learn__scikit-learn-14710__summarization__r1/qwen35-a3b/scikit-learn__scikit-learn-14710,1,error_ids
d05__b15k__su-partial,scikit-learn__scikit-learn-14710__summarization-partial__r2,scikit-learn__scikit-learn-14710,2,2026-09-09T00:02:07.636194,,True,evaluate_only,evaluation_incomplete_report_missing,True,True,False,,,ICLR_results/swebench/main/qwen35b/d05__b15k__su-partial/experiment_results.json,ICLR_results/swebench/main/qwen35b/d05__b15k__su-partial/preds/preds_scikit-learn__scikit-learn-14710__summarization-partial__r2.json,ICLR_results/swebench/main/qwen35b/d05__b15k__su-partial/eval/logs/run_evaluation/scikit-learn__scikit-learn-14710__summarization-partial__r2/qwen35-a3b/scikit-learn__scikit-learn-14710,1,
d05__b15k__su-partial,scikit-learn__scikit-learn-14710__summarization-partial__r3,scikit-learn__scikit-learn-14710,3,2026-09-09T00:04:42.767403,,True,evaluate_only,evaluation_incomplete_report_missing,True,True,False,,,ICLR_results/swebench/main/qwen35b/d05__b15k__su-partial/experiment_results.json,ICLR_results/swebench/main/qwen35b/d05__b15k__su-partial/preds/preds_scikit-learn__scikit-learn-14710__summarization-partial__r3.json,ICLR_results/swebench/main/qwen35b/d05__b15k__su-partial/eval/logs/run_evaluation/scikit-learn__scikit-learn-14710__summarization-partial__r3/qwen35-a3b/scikit-learn__scikit-learn-14710,1,unresolved_ids
d05__b15k__su-partial,scikit-learn__scikit-learn-14710__summarization-partial__r1,scikit-learn__scikit-learn-14710,1,2026-09-09T00:10:48.993975,,True,evaluate_only,evaluation_incomplete_report_missing,True,True,False,,,ICLR_results/swebench/main/qwen35b/d05__b15k__su-partial/experiment_results.json,ICLR_results/swebench/main/qwen35b/d05__b15k__su-partial/preds/preds_scikit-learn__scikit-learn-14710__summarization-partial__r1.json,ICLR_results/swebench/main/qwen35b/d05__b15k__su-partial/eval/logs/run_evaluation/scikit-learn__scikit-learn-14710__summarization-partial__r1/qwen35-a3b/scikit-learn__scikit-learn-14710,1,error_ids
di__b15k__otrc-ss-partial,scikit-learn__scikit-learn-14710__otrc-ss-partial__r3,scikit-learn__scikit-learn-14710,3,2026-08-26T23:51:41.864682,False,True,evaluate_only,evaluation_container_image_conflict,True,True,False,,,ICLR_results/swebench/main/qwen35b/di__b15k__otrc-ss-partial/experiment_results.json,ICLR_results/swebench/main/qwen35b/di__b15k__otrc-ss-partial/preds/preds_scikit-learn__scikit-learn-14710__otrc-ss-partial__r3.json,ICLR_results/swebench/main/qwen35b/di__b15k__otrc-ss-partial/eval/logs/run_evaluation/scikit-learn__scikit-learn-14710__otrc-ss-partial__r3/qwen35-a3b/scikit-learn__scikit-learn-14710,1,error_ids
di__b15k__otrc-su-partial,scikit-learn__scikit-learn-14710__otrc-su-partial__r3,scikit-learn__scikit-learn-14710,3,2026-09-09T12:24:06.096094,,True,evaluate_only,evaluation_incomplete_report_missing,True,True,False,,,ICLR_results/swebench/main/qwen35b/di__b15k__otrc-su-partial/experiment_results.json,ICLR_results/swebench/main/qwen35b/di__b15k__otrc-su-partial/preds/preds_scikit-learn__scikit-learn-14710__otrc-su-partial__r3.json,ICLR_results/swebench/main/qwen35b/di__b15k__otrc-su-partial/eval/logs/run_evaluation/scikit-learn__scikit-learn-14710__otrc-su-partial__r3/qwen35-a3b/scikit-learn__scikit-learn-14710,1,
di__b15k__otrc-su-partial,scikit-learn__scikit-learn-14710__otrc-su-partial__r2,scikit-learn__scikit-learn-14710,2,2026-09-09T12:25:26.043084,,True,evaluate_only,evaluation_incomplete_report_missing,True,True,False,,,ICLR_results/swebench/main/qwen35b/di__b15k__otrc-su-partial/experiment_results.json,ICLR_results/swebench/main/qwen35b/di__b15k__otrc-su-partial/preds/preds_scikit-learn__scikit-learn-14710__otrc-su-partial__r2.json,ICLR_results/swebench/main/qwen35b/di__b15k__otrc-su-partial/eval/logs/run_evaluation/scikit-learn__scikit-learn-14710__otrc-su-partial__r2/qwen35-a3b/scikit-learn__scikit-learn-14710,1,error_ids
di__b15k__otrc-tr,scikit-learn__scikit-learn-14710__otrc-tr__r3,scikit-learn__scikit-learn-14710,3,2026-08-26T23:54:53.796075,False,True,evaluate_only,evaluation_container_image_conflict,True,True,False,,,ICLR_results/swebench/main/qwen35b/di__b15k__otrc-tr/experiment_results.json,ICLR_results/swebench/main/qwen35b/di__b15k__otrc-tr/preds/preds_scikit-learn__scikit-learn-14710__otrc-tr__r3.json,ICLR_results/swebench/main/qwen35b/di__b15k__otrc-tr/eval/logs/run_evaluation/scikit-learn__scikit-learn-14710__otrc-tr__r3/qwen35-a3b/scikit-learn__scikit-learn-14710,1,error_ids
di__b15k__trc,scikit-learn__scikit-learn-14710__tool-result-clear__r3,scikit-learn__scikit-learn-14710,3,2026-08-26T18:14:45.712944,False,True,evaluate_only,evaluation_container_image_conflict,True,True,False,,,ICLR_results/swebench/main/qwen35b/di__b15k__trc/experiment_results.json,ICLR_results/swebench/main/qwen35b/di__b15k__trc/preds/preds_scikit-learn__scikit-learn-14710__tool-result-clear__r3.json,ICLR_results/swebench/main/qwen35b/di__b15k__trc/eval/logs/run_evaluation/scikit-learn__scikit-learn-14710__tool-result-clear__r3/qwen35-a3b/scikit-learn__scikit-learn-14710,1,error_ids
di__b15k__trc-ss,scikit-learn__scikit-learn-14710__trc-ss__r3,scikit-learn__scikit-learn-14710,3,2026-08-26T18:21:41.599252,False,True,evaluate_only,evaluation_container_image_conflict,True,True,False,,,ICLR_results/swebench/main/qwen35b/di__b15k__trc-ss/experiment_results.json,ICLR_results/swebench/main/qwen35b/di__b15k__trc-ss/preds/preds_scikit-learn__scikit-learn-14710__trc-ss__r3.json,ICLR_results/swebench/main/qwen35b/di__b15k__trc-ss/eval/logs/run_evaluation/scikit-learn__scikit-learn-14710__trc-ss__r3/qwen35-a3b/scikit-learn__scikit-learn-14710,1,error_ids
di__b15k__trc-su,scikit-learn__scikit-learn-14710__trc-su__r3,scikit-learn__scikit-learn-14710,3,2026-08-26T18:21:37.472613,False,True,evaluate_only,evaluation_container_image_conflict,True,True,False,,,ICLR_results/swebench/main/qwen35b/di__b15k__trc-su/experiment_results.json,ICLR_results/swebench/main/qwen35b/di__b15k__trc-su/preds/preds_scikit-learn__scikit-learn-14710__trc-su__r3.json,ICLR_results/swebench/main/qwen35b/di__b15k__trc-su/eval/logs/run_evaluation/scikit-learn__scikit-learn-14710__trc-su__r3/qwen35-a3b/scikit-learn__scikit-learn-14710,1,error_ids
di__b15k__trc-su,scikit-learn__scikit-learn-14710__trc-su__r1,scikit-learn__scikit-learn-14710,1,2026-09-09T08:37:15.956511,,True,evaluate_only,evaluation_incomplete_report_missing,True,True,False,,,ICLR_results/swebench/main/qwen35b/di__b15k__trc-su/experiment_results.json,ICLR_results/swebench/main/qwen35b/di__b15k__trc-su/preds/preds_scikit-learn__scikit-learn-14710__trc-su__r1.json,ICLR_results/swebench/main/qwen35b/di__b15k__trc-su/eval/logs/run_evaluation/scikit-learn__scikit-learn-14710__trc-su__r1/qwen35-a3b/scikit-learn__scikit-learn-14710,1,
di__b20k__otrc-su-partial,sympy__sympy-19637__otrc-su-partial__r2,sympy__sympy-19637,2,2026-04-29T10:32:23.179708,,True,evaluate_only,evaluation_incomplete_report_missing,True,False,False,,,ICLR_results/swebench/main/qwen35b/di__b20k__otrc-su-partial/experiment_results.json,ICLR_results/swebench/main/qwen35b/di__b20k__otrc-su-partial/preds/preds_sympy__sympy-19637__otrc-su-partial__r2.json,ICLR_results/swebench/main/qwen35b/di__b20k__otrc-su-partial/eval/logs/run_evaluation/sympy__sympy-19637__otrc-su-partial__r2/qwen35-a3b/sympy__sympy-19637,0,
di__binf__fc,scikit-learn__scikit-learn-14710__full-context__r3,scikit-learn__scikit-learn-14710,3,2026-08-28T07:35:56.514201,False,True,evaluate_only,evaluation_container_image_conflict,True,True,False,,,ICLR_results/swebench/main/qwen35b/di__binf__fc/experiment_results.json,ICLR_results/swebench/main/qwen35b/di__binf__fc/preds/preds_scikit-learn__scikit-learn-14710__full-context__r3.json,ICLR_results/swebench/main/qwen35b/di__binf__fc/eval/logs/run_evaluation/scikit-learn__scikit-learn-14710__full-context__r3/qwen35-a3b/scikit-learn__scikit-learn-14710,1,error_ids
di__binf__otrc,scikit-learn__scikit-learn-14710__online-trc__r3,scikit-learn__scikit-learn-14710,3,2026-08-28T07:42:38.649455,False,True,evaluate_only,evaluation_container_image_conflict,True,True,False,,,ICLR_results/swebench/main/qwen35b/di__binf__otrc/experiment_results.json,ICLR_results/swebench/main/qwen35b/di__binf__otrc/preds/preds_scikit-learn__scikit-learn-14710__online-trc__r3.json,ICLR_results/swebench/main/qwen35b/di__binf__otrc/eval/logs/run_evaluation/scikit-learn__scikit-learn-14710__online-trc__r3/qwen35-a3b/scikit-learn__scikit-learn-14710,1,error_ids
