section,cell,started,line,remaining,completion_count,duplicate_keys
main,d05__b21k__tr,2026-08-31 02:00:42,56061,[300],261,0
main,d05__b21k__tr,2026-08-31 02:30:26,56601,[],0,0
main,d05__b21k__tr,2026-08-31 02:34:20,56603,[279],279,0
main,di__b21k__trc,2026-09-01 08:15:11,61729,[300],300,0
main,di__b21k__otrc-tr,2026-09-01 22:07:52,65111,[300],300,0
main,di__b21k__otrc-su-partial,2026-09-02 02:47:33,66119,[300],300,0
main,di__b21k__otrc-ss-partial,2026-09-02 08:21:48,67131,[300],300,0
main,di__binf__otrc,2026-09-02 13:58:34,68211,[0],0,0
main,d05__b21k__tr,2026-09-03 20:07:38,72580,[0],0,0
main,di__b21k__trc,2026-09-03 20:07:57,72758,[0],0,0
main,di__b21k__otrc-tr,2026-09-03 20:08:17,72868,[0],0,0
main,di__b21k__otrc-su-partial,2026-09-03 20:08:17,72902,[0],0,0
main,di__b21k__otrc-ss-partial,2026-09-03 20:08:27,72940,[0],0,0
main,di__binf__otrc,2026-09-03 20:08:37,73012,[0],0,0
main,d05__b21k__tr,2026-09-04 23:21:50,83685,[0],0,0
main,di__b21k__trc,2026-09-04 23:21:50,83855,[0],0,0
main,di__b21k__otrc-tr,2026-09-04 23:21:51,83957,[0],0,0
main,di__b21k__otrc-su-partial,2026-09-04 23:21:51,83991,[0],0,0
main,di__b21k__otrc-ss-partial,2026-09-04 23:21:51,84025,[0],0,0
main,di__binf__otrc,2026-09-04 23:21:51,84093,[0],0,0
main,d05__b21k__tr,2026-09-04 23:55:21,85947,[0],0,0
main,di__b21k__trc,2026-09-04 23:55:21,86117,[0],0,0
main,di__b21k__otrc-tr,2026-09-04 23:55:22,86219,[0],0,0
main,di__b21k__otrc-su-partial,2026-09-04 23:55:22,86253,[0],0,0
main,di__b21k__otrc-ss-partial,2026-09-04 23:55:22,86287,[0],0,0
main,di__binf__otrc,2026-09-04 23:55:22,86355,[0],0,0
main,d05__b21k__tr,2026-09-09 15:33:07,95682,[0],0,0
main,di__b21k__trc,2026-09-10 03:16:49,99093,[0],0,0
main,di__b21k__otrc-tr,2026-09-10 04:50:12,99520,[0],0,0
main,di__b21k__otrc-su-partial,2026-09-10 04:50:13,99554,[47],47,0
main,di__b21k__otrc-ss-partial,2026-09-10 05:44:51,99719,[36],36,0
main,di__binf__otrc,2026-09-10 06:14:27,99883,[0],0,0
