cell,key,resolved,timestamp,pred_matches,report_exists,patch_matches,report_time,report_after_attempt,report_resolved,task,run_num,action,reason,result_file,prediction_file,evaluation_log_dir
d05__b21k__tr,scikit-learn__scikit-learn-14710__truncation__r1,False,2026-08-31T03:57:42.598549,True,False,False,,False,,scikit-learn__scikit-learn-14710,1,evaluate_only,evaluation_container_image_conflict,ICLR_results/swebench/main/devstral24b/d05__b21k__tr/experiment_results.json,ICLR_results/swebench/main/devstral24b/d05__b21k__tr/preds/preds_scikit-learn__scikit-learn-14710__truncation__r1.json,ICLR_results/swebench/main/devstral24b/d05__b21k__tr/eval/logs/run_evaluation/scikit-learn__scikit-learn-14710__truncation__r1/devstral-2/scikit-learn__scikit-learn-14710
d05__b21k__tr,scikit-learn__scikit-learn-14710__truncation__r2,False,2026-08-31T03:58:59.439015,True,False,False,,False,,scikit-learn__scikit-learn-14710,2,evaluate_only,evaluation_container_image_conflict,ICLR_results/swebench/main/devstral24b/d05__b21k__tr/experiment_results.json,ICLR_results/swebench/main/devstral24b/d05__b21k__tr/preds/preds_scikit-learn__scikit-learn-14710__truncation__r2.json,ICLR_results/swebench/main/devstral24b/d05__b21k__tr/eval/logs/run_evaluation/scikit-learn__scikit-learn-14710__truncation__r2/devstral-2/scikit-learn__scikit-learn-14710
d05__b21k__tr,scikit-learn__scikit-learn-14710__truncation__r3,False,2026-08-31T04:00:47.306425,True,False,False,,False,,scikit-learn__scikit-learn-14710,3,evaluate_only,evaluation_container_image_conflict,ICLR_results/swebench/main/devstral24b/d05__b21k__tr/experiment_results.json,ICLR_results/swebench/main/devstral24b/d05__b21k__tr/preds/preds_scikit-learn__scikit-learn-14710__truncation__r3.json,ICLR_results/swebench/main/devstral24b/d05__b21k__tr/eval/logs/run_evaluation/scikit-learn__scikit-learn-14710__truncation__r3/devstral-2/scikit-learn__scikit-learn-14710
di__b21k__trc,scikit-learn__scikit-learn-14710__tool-result-clear__r1,False,2026-09-01T09:51:30.026578,True,False,True,,False,,scikit-learn__scikit-learn-14710,1,evaluate_only,evaluation_container_image_conflict,ICLR_results/swebench/main/devstral24b/di__b21k__trc/experiment_results.json,ICLR_results/swebench/main/devstral24b/di__b21k__trc/preds/preds_scikit-learn__scikit-learn-14710__tool-result-clear__r1.json,ICLR_results/swebench/main/devstral24b/di__b21k__trc/eval/logs/run_evaluation/scikit-learn__scikit-learn-14710__tool-result-clear__r1/devstral-2/scikit-learn__scikit-learn-14710
di__b21k__trc,scikit-learn__scikit-learn-14710__tool-result-clear__r2,False,2026-09-01T09:51:59.817983,True,False,True,,False,,scikit-learn__scikit-learn-14710,2,evaluate_only,evaluation_container_image_conflict,ICLR_results/swebench/main/devstral24b/di__b21k__trc/experiment_results.json,ICLR_results/swebench/main/devstral24b/di__b21k__trc/preds/preds_scikit-learn__scikit-learn-14710__tool-result-clear__r2.json,ICLR_results/swebench/main/devstral24b/di__b21k__trc/eval/logs/run_evaluation/scikit-learn__scikit-learn-14710__tool-result-clear__r2/devstral-2/scikit-learn__scikit-learn-14710
di__b21k__trc,scikit-learn__scikit-learn-14710__tool-result-clear__r3,False,2026-09-01T09:52:31.370089,True,False,False,,False,,scikit-learn__scikit-learn-14710,3,evaluate_only,evaluation_container_image_conflict,ICLR_results/swebench/main/devstral24b/di__b21k__trc/experiment_results.json,ICLR_results/swebench/main/devstral24b/di__b21k__trc/preds/preds_scikit-learn__scikit-learn-14710__tool-result-clear__r3.json,ICLR_results/swebench/main/devstral24b/di__b21k__trc/eval/logs/run_evaluation/scikit-learn__scikit-learn-14710__tool-result-clear__r3/devstral-2/scikit-learn__scikit-learn-14710
di__b21k__otrc-tr,scikit-learn__scikit-learn-14710__otrc-tr__r3,False,2026-09-02T00:35:52.971390,True,False,False,,False,,scikit-learn__scikit-learn-14710,3,evaluate_only,evaluation_container_image_conflict,ICLR_results/swebench/main/devstral24b/di__b21k__otrc-tr/experiment_results.json,ICLR_results/swebench/main/devstral24b/di__b21k__otrc-tr/preds/preds_scikit-learn__scikit-learn-14710__otrc-tr__r3.json,ICLR_results/swebench/main/devstral24b/di__b21k__otrc-tr/eval/logs/run_evaluation/scikit-learn__scikit-learn-14710__otrc-tr__r3/devstral-2/scikit-learn__scikit-learn-14710
di__b21k__otrc-su-partial,sympy__sympy-19637__otrc-su-partial__r2,False,2026-09-02T03:36:07.080193,True,False,False,,False,,sympy__sympy-19637,2,evaluate_only,evaluation_container_image_conflict,ICLR_results/swebench/main/devstral24b/di__b21k__otrc-su-partial/experiment_results.json,ICLR_results/swebench/main/devstral24b/di__b21k__otrc-su-partial/preds/preds_sympy__sympy-19637__otrc-su-partial__r2.json,ICLR_results/swebench/main/devstral24b/di__b21k__otrc-su-partial/eval/logs/run_evaluation/sympy__sympy-19637__otrc-su-partial__r2/devstral-2/sympy__sympy-19637
di__b21k__otrc-su-partial,scikit-learn__scikit-learn-14710__otrc-su-partial__r2,False,2026-09-02T05:41:12.793340,True,False,True,,False,,scikit-learn__scikit-learn-14710,2,evaluate_only,evaluation_container_image_conflict,ICLR_results/swebench/main/devstral24b/di__b21k__otrc-su-partial/experiment_results.json,ICLR_results/swebench/main/devstral24b/di__b21k__otrc-su-partial/preds/preds_scikit-learn__scikit-learn-14710__otrc-su-partial__r2.json,ICLR_results/swebench/main/devstral24b/di__b21k__otrc-su-partial/eval/logs/run_evaluation/scikit-learn__scikit-learn-14710__otrc-su-partial__r2/devstral-2/scikit-learn__scikit-learn-14710
di__b21k__otrc-su-partial,scikit-learn__scikit-learn-14710__otrc-su-partial__r3,False,2026-09-02T05:43:49.505251,True,False,True,,False,,scikit-learn__scikit-learn-14710,3,evaluate_only,evaluation_container_image_conflict,ICLR_results/swebench/main/devstral24b/di__b21k__otrc-su-partial/experiment_results.json,ICLR_results/swebench/main/devstral24b/di__b21k__otrc-su-partial/preds/preds_scikit-learn__scikit-learn-14710__otrc-su-partial__r3.json,ICLR_results/swebench/main/devstral24b/di__b21k__otrc-su-partial/eval/logs/run_evaluation/scikit-learn__scikit-learn-14710__otrc-su-partial__r3/devstral-2/scikit-learn__scikit-learn-14710
di__b21k__otrc-su-partial,scikit-learn__scikit-learn-10297__otrc-su-partial__r1,True,2026-09-10T04:55:43.626811,True,True,False,2026-09-02T06:24:02.894951,False,True,scikit-learn__scikit-learn-10297,1,evaluate_only,stale_report_different_patch,ICLR_results/swebench/main/devstral24b/di__b21k__otrc-su-partial/experiment_results.json,ICLR_results/swebench/main/devstral24b/di__b21k__otrc-su-partial/preds/preds_scikit-learn__scikit-learn-10297__otrc-su-partial__r1.json,ICLR_results/swebench/main/devstral24b/di__b21k__otrc-su-partial/eval/logs/run_evaluation/scikit-learn__scikit-learn-10297__otrc-su-partial__r1/devstral-2/scikit-learn__scikit-learn-10297
di__b21k__otrc-su-partial,django__django-14580__otrc-su-partial__r3,True,2026-09-10T04:56:46.331321,True,True,False,2026-09-02T06:20:16.975947,False,True,django__django-14580,3,evaluate_only,stale_report_different_patch,ICLR_results/swebench/main/devstral24b/di__b21k__otrc-su-partial/experiment_results.json,ICLR_results/swebench/main/devstral24b/di__b21k__otrc-su-partial/preds/preds_django__django-14580__otrc-su-partial__r3.json,ICLR_results/swebench/main/devstral24b/di__b21k__otrc-su-partial/eval/logs/run_evaluation/django__django-14580__otrc-su-partial__r3/devstral-2/django__django-14580
di__b21k__otrc-su-partial,django__django-14999__otrc-su-partial__r2,True,2026-09-10T04:59:31.246887,True,True,False,2026-09-02T06:23:32.126542,False,True,django__django-14999,2,evaluate_only,stale_report_different_patch,ICLR_results/swebench/main/devstral24b/di__b21k__otrc-su-partial/experiment_results.json,ICLR_results/swebench/main/devstral24b/di__b21k__otrc-su-partial/preds/preds_django__django-14999__otrc-su-partial__r2.json,ICLR_results/swebench/main/devstral24b/di__b21k__otrc-su-partial/eval/logs/run_evaluation/django__django-14999__otrc-su-partial__r2/devstral-2/django__django-14999
di__b21k__otrc-su-partial,django__django-13810__otrc-su-partial__r2,True,2026-09-10T05:02:59.333121,True,True,False,2026-09-02T06:51:00.370986,False,True,django__django-13810,2,evaluate_only,stale_report_different_patch,ICLR_results/swebench/main/devstral24b/di__b21k__otrc-su-partial/experiment_results.json,ICLR_results/swebench/main/devstral24b/di__b21k__otrc-su-partial/preds/preds_django__django-13810__otrc-su-partial__r2.json,ICLR_results/swebench/main/devstral24b/di__b21k__otrc-su-partial/eval/logs/run_evaluation/django__django-13810__otrc-su-partial__r2/devstral-2/django__django-13810
di__b21k__otrc-su-partial,scikit-learn__scikit-learn-14710__otrc-su-partial__r1,,2026-09-10T05:16:18.829138,True,False,True,,False,,scikit-learn__scikit-learn-14710,1,evaluate_only,evaluation_timeout,ICLR_results/swebench/main/devstral24b/di__b21k__otrc-su-partial/experiment_results.json,ICLR_results/swebench/main/devstral24b/di__b21k__otrc-su-partial/preds/preds_scikit-learn__scikit-learn-14710__otrc-su-partial__r1.json,ICLR_results/swebench/main/devstral24b/di__b21k__otrc-su-partial/eval/logs/run_evaluation/scikit-learn__scikit-learn-14710__otrc-su-partial__r1/devstral-2/scikit-learn__scikit-learn-14710
di__b21k__otrc-ss-partial,scikit-learn__scikit-learn-14710__otrc-ss-partial__r2,False,2026-09-02T11:10:13.020828,True,False,True,,False,,scikit-learn__scikit-learn-14710,2,evaluate_only,evaluation_container_image_conflict,ICLR_results/swebench/main/devstral24b/di__b21k__otrc-ss-partial/experiment_results.json,ICLR_results/swebench/main/devstral24b/di__b21k__otrc-ss-partial/preds/preds_scikit-learn__scikit-learn-14710__otrc-ss-partial__r2.json,ICLR_results/swebench/main/devstral24b/di__b21k__otrc-ss-partial/eval/logs/run_evaluation/scikit-learn__scikit-learn-14710__otrc-ss-partial__r2/devstral-2/scikit-learn__scikit-learn-14710
di__b21k__otrc-ss-partial,scikit-learn__scikit-learn-14710__otrc-ss-partial__r1,False,2026-09-02T11:12:04.768337,True,False,True,,False,,scikit-learn__scikit-learn-14710,1,evaluate_only,evaluation_container_image_conflict,ICLR_results/swebench/main/devstral24b/di__b21k__otrc-ss-partial/experiment_results.json,ICLR_results/swebench/main/devstral24b/di__b21k__otrc-ss-partial/preds/preds_scikit-learn__scikit-learn-14710__otrc-ss-partial__r1.json,ICLR_results/swebench/main/devstral24b/di__b21k__otrc-ss-partial/eval/logs/run_evaluation/scikit-learn__scikit-learn-14710__otrc-ss-partial__r1/devstral-2/scikit-learn__scikit-learn-14710
di__b21k__otrc-ss-partial,scikit-learn__scikit-learn-14710__otrc-ss-partial__r3,False,2026-09-02T11:19:52.985214,True,False,False,,False,,scikit-learn__scikit-learn-14710,3,evaluate_only,evaluation_container_image_conflict,ICLR_results/swebench/main/devstral24b/di__b21k__otrc-ss-partial/experiment_results.json,ICLR_results/swebench/main/devstral24b/di__b21k__otrc-ss-partial/preds/preds_scikit-learn__scikit-learn-14710__otrc-ss-partial__r3.json,ICLR_results/swebench/main/devstral24b/di__b21k__otrc-ss-partial/eval/logs/run_evaluation/scikit-learn__scikit-learn-14710__otrc-ss-partial__r3/devstral-2/scikit-learn__scikit-learn-14710
di__b21k__otrc-ss-partial,django__django-12325__otrc-ss-partial__r1,False,2026-09-10T05:52:33.274426,True,True,False,2026-09-02T12:19:01.503361,False,False,django__django-12325,1,evaluate_only,stale_report_different_patch,ICLR_results/swebench/main/devstral24b/di__b21k__otrc-ss-partial/experiment_results.json,ICLR_results/swebench/main/devstral24b/di__b21k__otrc-ss-partial/preds/preds_django__django-12325__otrc-ss-partial__r1.json,ICLR_results/swebench/main/devstral24b/di__b21k__otrc-ss-partial/eval/logs/run_evaluation/django__django-12325__otrc-ss-partial__r1/devstral-2/django__django-12325
di__b21k__otrc-ss-partial,django__django-14999__otrc-ss-partial__r1,True,2026-09-10T05:52:34.599823,True,True,False,2026-09-02T11:50:12.537064,False,True,django__django-14999,1,evaluate_only,stale_report_different_patch,ICLR_results/swebench/main/devstral24b/di__b21k__otrc-ss-partial/experiment_results.json,ICLR_results/swebench/main/devstral24b/di__b21k__otrc-ss-partial/preds/preds_django__django-14999__otrc-ss-partial__r1.json,ICLR_results/swebench/main/devstral24b/di__b21k__otrc-ss-partial/eval/logs/run_evaluation/django__django-14999__otrc-ss-partial__r1/devstral-2/django__django-14999
di__b21k__otrc-ss-partial,scikit-learn__scikit-learn-25747__otrc-ss-partial__r3,False,2026-09-10T05:53:51.823580,True,True,False,2026-09-02T12:03:58.883901,False,False,scikit-learn__scikit-learn-25747,3,evaluate_only,stale_report_different_patch,ICLR_results/swebench/main/devstral24b/di__b21k__otrc-ss-partial/experiment_results.json,ICLR_results/swebench/main/devstral24b/di__b21k__otrc-ss-partial/preds/preds_scikit-learn__scikit-learn-25747__otrc-ss-partial__r3.json,ICLR_results/swebench/main/devstral24b/di__b21k__otrc-ss-partial/eval/logs/run_evaluation/scikit-learn__scikit-learn-25747__otrc-ss-partial__r3/devstral-2/scikit-learn__scikit-learn-25747
di__b21k__otrc-ss-partial,sympy__sympy-17630__otrc-ss-partial__r3,False,2026-09-10T05:54:51.298803,True,True,False,2026-09-02T12:11:23.605774,False,False,sympy__sympy-17630,3,evaluate_only,stale_report_different_patch,ICLR_results/swebench/main/devstral24b/di__b21k__otrc-ss-partial/experiment_results.json,ICLR_results/swebench/main/devstral24b/di__b21k__otrc-ss-partial/preds/preds_sympy__sympy-17630__otrc-ss-partial__r3.json,ICLR_results/swebench/main/devstral24b/di__b21k__otrc-ss-partial/eval/logs/run_evaluation/sympy__sympy-17630__otrc-ss-partial__r3/devstral-2/sympy__sympy-17630
di__b21k__otrc-ss-partial,scikit-learn__scikit-learn-25747__otrc-ss-partial__r2,False,2026-09-10T05:56:57.957683,True,True,False,2026-09-02T12:02:00.514341,False,False,scikit-learn__scikit-learn-25747,2,evaluate_only,stale_report_different_patch,ICLR_results/swebench/main/devstral24b/di__b21k__otrc-ss-partial/experiment_results.json,ICLR_results/swebench/main/devstral24b/di__b21k__otrc-ss-partial/preds/preds_scikit-learn__scikit-learn-25747__otrc-ss-partial__r2.json,ICLR_results/swebench/main/devstral24b/di__b21k__otrc-ss-partial/eval/logs/run_evaluation/scikit-learn__scikit-learn-25747__otrc-ss-partial__r2/devstral-2/scikit-learn__scikit-learn-25747
di__b21k__otrc-ss-partial,django__django-15278__otrc-ss-partial__r3,True,2026-09-10T06:05:08.946600,True,True,False,2026-09-02T12:26:53.432999,False,True,django__django-15278,3,evaluate_only,stale_report_different_patch,ICLR_results/swebench/main/devstral24b/di__b21k__otrc-ss-partial/experiment_results.json,ICLR_results/swebench/main/devstral24b/di__b21k__otrc-ss-partial/preds/preds_django__django-15278__otrc-ss-partial__r3.json,ICLR_results/swebench/main/devstral24b/di__b21k__otrc-ss-partial/eval/logs/run_evaluation/django__django-15278__otrc-ss-partial__r3/devstral-2/django__django-15278
di__b21k__otrc-ss-partial,django__django-15957__otrc-ss-partial__r3,False,2026-09-10T06:08:51.341783,True,True,False,2026-09-02T12:34:33.626772,False,False,django__django-15957,3,evaluate_only,stale_report_different_patch,ICLR_results/swebench/main/devstral24b/di__b21k__otrc-ss-partial/experiment_results.json,ICLR_results/swebench/main/devstral24b/di__b21k__otrc-ss-partial/preds/preds_django__django-15957__otrc-ss-partial__r3.json,ICLR_results/swebench/main/devstral24b/di__b21k__otrc-ss-partial/eval/logs/run_evaluation/django__django-15957__otrc-ss-partial__r3/devstral-2/django__django-15957
di__binf__otrc,sympy__sympy-18189__online-trc__r3,False,2026-09-03T15:08:06.383726,True,False,True,,False,,sympy__sympy-18189,3,evaluate_only,evaluation_container_image_conflict,ICLR_results/swebench/main/devstral24b/di__binf__otrc/experiment_results.json,ICLR_results/swebench/main/devstral24b/di__binf__otrc/preds/preds_sympy__sympy-18189__online-trc__r3.json,ICLR_results/swebench/main/devstral24b/di__binf__otrc/eval/logs/run_evaluation/sympy__sympy-18189__online-trc__r3/devstral-2/sympy__sympy-18189
di__binf__otrc,scikit-learn__scikit-learn-14710__online-trc__r3,False,2026-09-03T15:39:27.531733,True,False,False,,False,,scikit-learn__scikit-learn-14710,3,evaluate_only,evaluation_container_image_conflict,ICLR_results/swebench/main/devstral24b/di__binf__otrc/experiment_results.json,ICLR_results/swebench/main/devstral24b/di__binf__otrc/preds/preds_scikit-learn__scikit-learn-14710__online-trc__r3.json,ICLR_results/swebench/main/devstral24b/di__binf__otrc/eval/logs/run_evaluation/scikit-learn__scikit-learn-14710__online-trc__r3/devstral-2/scikit-learn__scikit-learn-14710
di__binf__otrc,scikit-learn__scikit-learn-14710__online-trc__r1,False,2026-09-03T15:40:16.487519,True,False,True,,False,,scikit-learn__scikit-learn-14710,1,evaluate_only,evaluation_container_image_conflict,ICLR_results/swebench/main/devstral24b/di__binf__otrc/experiment_results.json,ICLR_results/swebench/main/devstral24b/di__binf__otrc/preds/preds_scikit-learn__scikit-learn-14710__online-trc__r1.json,ICLR_results/swebench/main/devstral24b/di__binf__otrc/eval/logs/run_evaluation/scikit-learn__scikit-learn-14710__online-trc__r1/devstral-2/scikit-learn__scikit-learn-14710
