policy,threshold_k,depth_removed,track,cell,n_attempts,n_success,resolve,events,n_completed,resolve_excl_time_caps,bill_all,bill_completed,latency_all,latency_completed,bill_vs_fc
TR,10.0,0.3,ablation,d07__b10k__tr,75,33,0.44,9.986666666666666,71,0.4647887323943662,127702.22,124221.91830985915,554.9437333333332,501.70112676056334,1.121479209284429
TR,10.0,0.5,ablation,d05__b10k__tr,75,31,0.41333333333333333,6.746666666666667,72,0.4305555555555556,102048.57066666668,101028.6361111111,469.2037333333334,426.25388888888887,0.8961891996854833
TR,10.0,0.7,ablation,d03__b10k__tr,75,28,0.37333333333333335,6.533333333333333,69,0.4057971014492754,99626.68133333334,99821.95507246378,586.0043999999999,506.52623188405795,0.8749201995496904
TR,15.0,0.3,ablation,d07__b15k__tr,75,46,0.6133333333333333,4.12,66,0.696969696969697,119172.46400000004,116954.2075757576,616.6113333333332,496.14787878787877,1.0465710047577648
TR,15.0,0.5,main,d05__b15k__tr,75,35,0.4666666666666667,3.48,68,0.5147058823529411,117759.95200000003,113039.21323529411,640.0952,551.5745588235294,1.0341663430309382
TR,15.0,0.7,ablation,d03__b15k__tr,75,38,0.5066666666666667,2.6266666666666665,70,0.5428571428571428,102577.58133333334,99559.30571428571,668.8902666666668,609.5251428571428,0.9008349643727092
TR,20.0,0.3,ablation,d07__b20k__tr,75,41,0.5466666666666666,2.8133333333333335,68,0.6029411764705882,140597.77999999997,137381.91764705884,640.0712000000001,551.5486764705884,1.2347278468733438
TR,20.0,0.5,ablation,d05__b20k__tr,75,47,0.6266666666666667,1.7733333333333334,70,0.6714285714285714,112378.22666666667,111255.12428571431,547.5559999999999,479.5239999999999,0.9869041022381574
TR,20.0,0.7,ablation,d03__b20k__tr,75,45,0.6,1.32,63,0.7142857142857143,99771.28133333335,95889.70158730159,718.2817333333334,569.3811111111111,0.8761900748397403
SU,10.0,0.3,ablation,d07__b10k__su-full,75,35,0.4666666666666667,4.533333333333333,72,0.4861111111111111,122155.40800000002,120571.43472222223,631.4280000000001,595.2375,1.07276717956553
SU,10.0,0.5,ablation,d05__b10k__su-full,75,38,0.5066666666666667,4.653333333333333,69,0.5507246376811594,124732.50666666667,118441.4811594203,652.7516,579.0775362318841,1.0953992260165728
SU,10.0,0.7,ablation,d03__b10k__su-full,75,36,0.48,4.773333333333333,71,0.5070422535211268,126552.84133333333,122068.38450704227,644.6993333333334,596.5133802816902,1.1113853810153376
SU,15.0,0.3,ablation,d07__b15k__su-full,75,38,0.5066666666666667,2.1333333333333333,69,0.5507246376811594,122328.50133333333,117582.57971014493,678.3713333333333,606.9252173913042,1.074287282932559
SU,15.0,0.5,main,d05__b15k__su-full,75,40,0.5333333333333333,1.9066666666666667,68,0.5882352941176471,111385.99733333333,99686.0955882353,651.5905333333334,564.2535294117647,0.9781903573386913
SU,15.0,0.7,ablation,d03__b15k__su-full,75,45,0.6,1.8666666666666667,72,0.625,107522.36666666667,106855.49166666667,611.5448,574.5258333333334,0.9442600038568145
SU,20.0,0.3,ablation,d07__b20k__su-full,75,43,0.5733333333333334,1.04,66,0.6515151515151515,113826.86266666668,110231.3590909091,674.2673333333332,561.6669696969697,0.9996260044558398
SU,20.0,0.5,ablation,d05__b20k__su-full,75,47,0.6266666666666667,1.0266666666666666,67,0.7014925373134329,104700.924,97243.44776119402,598.8125333333334,491.20746268656717,0.9194821316251909
SU,20.0,0.7,ablation,d03__b20k__su-full,75,42,0.56,1.08,63,0.6666666666666666,112912.548,103159.2650793651,688.8425333333333,534.3357142857143,0.9915965051299039
SU-p,10.0,0.3,ablation,d07__b10k__su-partial,75,39,0.52,5.746666666666667,64,0.609375,128621.872,112877.45468750001,708.8562666666667,572.878125,1.1295555810011997
SU-p,10.0,0.5,ablation,d05__b10k__su-partial,75,35,0.4666666666666667,4.84,70,0.5,121856.80266666666,120539.55,667.7458666666666,608.299,1.070144831472327
SU-p,10.0,0.7,ablation,d03__b10k__su-partial,75,37,0.49333333333333335,4.786666666666667,70,0.5285714285714286,124188.38533333334,119248.4057142857,635.8185333333332,574.0908571428572,1.0906207596542694
SU-p,15.0,0.3,ablation,d07__b15k__su-partial,75,50,0.6666666666666666,2.5866666666666664,67,0.746268656716418,122969.3,113039.16119402986,659.5763999999999,559.226567164179,1.0799147683592323
SU-p,15.0,0.5,main,d05__b15k__su-partial,75,45,0.6,1.76,68,0.6617647058823529,98329.09199999999,92180.09264705882,607.0475999999999,515.125,0.8635247871635736
SU-p,15.0,0.7,ablation,d03__b15k__su-partial,75,48,0.64,1.9866666666666666,67,0.7164179104477612,109911.26000000001,103739.07014925375,639.0215999999999,536.2176119402985,0.9652392335564354
SU-p,20.0,0.3,ablation,d07__b20k__su-partial,75,48,0.64,1.0533333333333332,67,0.7164179104477612,102549.62666666666,95232.23582089553,614.5898666666667,508.868656716418,0.9005894668592819
SU-p,20.0,0.5,ablation,d05__b20k__su-partial,75,49,0.6533333333333333,1.0533333333333332,70,0.7,106780.80266666668,102593.07285714286,635.8453333333332,574.1198571428571,0.9377475986037674
SU-p,20.0,0.7,ablation,d03__b20k__su-partial,75,47,0.6266666666666667,0.9466666666666667,71,0.6619718309859155,99439.30266666667,94794.7070422535,607.8672000000001,557.6059154929579,0.8732746425740159
SS,10.0,0.3,ablation,d07__b10k__ss,75,42,0.56,3.8933333333333335,69,0.6086956521739131,105101.48666666666,95960.92463768115,595.5452000000001,516.8969565217392,0.9229998676730231
SS,10.0,0.5,ablation,d05__b10k__ss,75,39,0.52,3.9466666666666668,70,0.5571428571428572,107073.3,104339.08428571427,622.4829333333332,559.8031428571429,0.9403163063216478
SS,10.0,0.7,ablation,d03__b10k__ss,75,33,0.44,3.3866666666666667,55,0.5818181818181818,94075.236,83511.40181818181,820.2714666666666,573.0909090909091,0.8261674799586574
SS,15.0,0.3,ablation,d07__b15k__ss,75,43,0.5733333333333334,2.066666666666667,71,0.6056338028169014,118495.7746666667,111351.43661971831,657.4354666666666,609.9667605633803,1.0406283279704867
SS,15.0,0.5,main,d05__b15k__ss,75,41,0.5466666666666666,1.6533333333333333,59,0.6949152542372882,101548.852,93942.05254237287,795.5349333333332,604.4872881355931,0.8918006769553536
SS,15.0,0.7,ablation,d03__b15k__ss,75,42,0.56,1.88,72,0.5833333333333334,108796.58133333334,105204.27083333333,618.0461333333333,581.2979166666667,0.9554501402290088
SS,20.0,0.3,ablation,d07__b20k__ss,75,47,0.6266666666666667,1.08,68,0.6911764705882353,114429.32533333331,107568.67647058824,665.1745333333333,579.2358823529412,1.0049168236368742
SS,20.0,0.5,ablation,d05__b20k__ss,75,44,0.5866666666666667,1.0,64,0.6875,112912.76799999997,103709.36406250001,676.9696,535.51109375,0.9915984371669978
SS,20.0,0.7,ablation,d03__b20k__ss,75,48,0.64,0.9466666666666667,70,0.6857142857142857,106773.38000000002,103931.45571428574,627.6770666666669,565.3677142857144,0.937682412843143
SS-p,10.0,0.3,ablation,d07__b10k__ss-partial,75,45,0.6,4.746666666666667,70,0.6428571428571429,111829.852,106732.56714285715,626.5097333333332,564.1171428571428,0.9820882831587009
SS-p,10.0,0.5,ablation,d05__b10k__ss-partial,75,38,0.5066666666666667,4.04,70,0.5428571428571428,105472.96933333333,101624.28857142858,581.7066666666667,516.1142857142856,0.9262622235449586
SS-p,10.0,0.7,ablation,d03__b10k__ss-partial,75,42,0.56,3.7733333333333334,60,0.7,103692.40400000001,91964.81666666668,788.6433333333332,610.7985000000001,0.9106253223062337
SS-p,15.0,0.3,ablation,d07__b15k__ss-partial,75,53,0.7066666666666667,2.12,71,0.7464788732394366,107971.65600000002,108472.91971830987,576.8965333333333,524.8904225352113,0.948205656847707
SS-p,15.0,0.5,main,d05__b15k__ss-partial,75,45,0.6,1.8533333333333333,62,0.7258064516129032,104014.27466666666,93710.22903225805,676.8988,504.3103225806451,0.9134519862494695
SS-p,15.0,0.7,ablation,d03__b15k__ss-partial,75,45,0.6,1.8666666666666667,73,0.6164383561643836,104897.18666666666,104692.73287671233,563.7249333333333,538.0735616438357,0.9212057077715209
SS-p,20.0,0.3,ablation,d07__b20k__ss-partial,75,49,0.6533333333333333,1.16,69,0.7101449275362319,106981.39066666667,103357.21884057974,627.2270666666667,551.3333333333335,0.9395091597702995
SS-p,20.0,0.5,ablation,d05__b20k__ss-partial,75,55,0.7333333333333333,0.9066666666666666,70,0.7857142857142857,94567.56400000001,92867.25714285714,590.5692,525.6097142857141,0.8304910979517399
SS-p,20.0,0.7,ablation,d03__b20k__ss-partial,75,51,0.68,0.9866666666666667,69,0.7391304347826086,98342.94666666667,94495.04782608694,585.2843999999999,505.74376811594203,0.863646458663241
FC,,,main,di__binf__fc,75,49,0.6533333333333333,0.0,69,0.7101449275362319,113869.44933333332,108986.1652173913,592.3046666666667,513.3734782608697,1.0
