cell,task_name,run_num,wiped,exit,resolved,failure_mode
di__b21k__otrc-ss-partial,sympy__sympy-17139,3,False,Submitted,False,submitted_unresolved
di__b21k__otrc-ss-partial,sympy__sympy-17139,2,False,Submitted,True,resolved
di__b21k__otrc-ss-partial,sympy__sympy-17139,1,True,LimitsExceeded,,limits_exceeded
di__b21k__otrc-ss-partial,django__django-12276,3,False,Submitted,True,resolved
di__b21k__otrc-ss-partial,django__django-12276,2,True,LimitsExceeded,,limits_exceeded
di__b21k__otrc-ss-partial,django__django-12276,1,True,LimitsExceeded,,limits_exceeded
di__b21k__otrc-ss-partial,sympy__sympy-18211,3,False,Submitted,True,resolved
di__b21k__otrc-ss-partial,sympy__sympy-18211,2,False,Submitted,False,submitted_unresolved
di__b21k__otrc-ss-partial,sympy__sympy-18211,1,False,Submitted,True,resolved
di__b21k__otrc-ss-partial,sympy__sympy-19040,3,True,LimitsExceeded,,limits_exceeded
di__b21k__otrc-ss-partial,sympy__sympy-19040,2,True,LimitsExceeded,,limits_exceeded
di__b21k__otrc-ss-partial,sympy__sympy-19040,1,True,LimitsExceeded,,limits_exceeded
di__b21k__otrc-ss-partial,scikit-learn__scikit-learn-14710,3,False,Submitted,True,resolved
di__b21k__otrc-ss-partial,scikit-learn__scikit-learn-14710,2,False,Submitted,True,resolved
di__b21k__otrc-ss-partial,scikit-learn__scikit-learn-14710,1,False,Submitted,True,resolved
di__b21k__otrc-ss-partial,sympy__sympy-24066,3,False,Submitted,True,resolved
di__b21k__otrc-ss-partial,sympy__sympy-24066,2,False,Submitted,True,resolved
di__b21k__otrc-ss-partial,sympy__sympy-24066,1,False,Submitted,True,resolved
di__b21k__otrc-ss-partial,sympy__sympy-24661,3,False,Submitted,True,resolved
di__b21k__otrc-ss-partial,sympy__sympy-24661,2,False,Submitted,True,resolved
di__b21k__otrc-ss-partial,sympy__sympy-24661,1,False,Submitted,True,resolved
di__b21k__otrc-ss-partial,django__django-15741,3,False,LimitsExceeded,,limits_exceeded
di__b21k__otrc-ss-partial,django__django-15741,2,False,Submitted,True,resolved
di__b21k__otrc-ss-partial,django__django-15741,1,False,Submitted,True,resolved
di__b21k__otrc-ss-partial,django__django-13012,3,False,LimitsExceeded,,limits_exceeded
di__b21k__otrc-ss-partial,django__django-13012,2,False,Submitted,True,resolved
di__b21k__otrc-ss-partial,django__django-13012,1,False,Submitted,True,resolved
di__b21k__otrc-ss-partial,scikit-learn__scikit-learn-13142,3,True,LimitsExceeded,,limits_exceeded
di__b21k__otrc-ss-partial,scikit-learn__scikit-learn-13142,2,True,LimitsExceeded,,limits_exceeded
di__b21k__otrc-ss-partial,scikit-learn__scikit-learn-13142,1,False,Submitted,True,resolved
di__b21k__otrc-ss-partial,scikit-learn__scikit-learn-12973,3,True,LimitsExceeded,,limits_exceeded
di__b21k__otrc-ss-partial,scikit-learn__scikit-learn-12973,2,False,Submitted,False,submitted_unresolved
di__b21k__otrc-ss-partial,scikit-learn__scikit-learn-12973,1,False,Submitted,False,submitted_unresolved
di__b21k__otrc-ss-partial,django__django-13810,3,False,Submitted,True,resolved
di__b21k__otrc-ss-partial,django__django-13810,2,False,Submitted,True,resolved
di__b21k__otrc-ss-partial,django__django-13810,1,False,Submitted,True,resolved
di__b21k__otrc-ss-partial,sympy__sympy-14531,3,False,LimitsExceeded,,limits_exceeded
di__b21k__otrc-ss-partial,sympy__sympy-14531,2,False,LimitsExceeded,,limits_exceeded
di__b21k__otrc-ss-partial,sympy__sympy-14531,1,False,LimitsExceeded,,limits_exceeded
di__b21k__otrc-ss-partial,sympy__sympy-19637,3,False,Submitted,True,resolved
di__b21k__otrc-ss-partial,sympy__sympy-19637,2,False,LimitsExceeded,,limits_exceeded
di__b21k__otrc-ss-partial,sympy__sympy-19637,1,False,Submitted,True,resolved
di__b21k__otrc-ss-partial,scikit-learn__scikit-learn-15100,3,True,LimitsExceeded,,limits_exceeded
di__b21k__otrc-ss-partial,scikit-learn__scikit-learn-15100,2,False,Submitted,True,resolved
di__b21k__otrc-ss-partial,scikit-learn__scikit-learn-15100,1,True,LimitsExceeded,,limits_exceeded
di__b21k__otrc-ss-partial,sympy__sympy-18189,3,False,Submitted,True,resolved
di__b21k__otrc-ss-partial,sympy__sympy-18189,2,False,Submitted,True,resolved
di__b21k__otrc-ss-partial,sympy__sympy-18189,1,False,Submitted,True,resolved
di__b21k__otrc-ss-partial,sympy__sympy-12419,3,False,LimitsExceeded,,limits_exceeded
di__b21k__otrc-ss-partial,sympy__sympy-12419,2,False,Submitted,True,resolved
di__b21k__otrc-ss-partial,sympy__sympy-12419,1,False,LimitsExceeded,,limits_exceeded
di__b21k__otrc-ss-partial,scikit-learn__scikit-learn-14894,3,False,Submitted,True,resolved
di__b21k__otrc-ss-partial,scikit-learn__scikit-learn-14894,2,False,Submitted,True,resolved
di__b21k__otrc-ss-partial,scikit-learn__scikit-learn-14894,1,False,Submitted,True,resolved
di__b21k__otrc-ss-partial,scikit-learn__scikit-learn-11578,3,False,Submitted,True,resolved
di__b21k__otrc-ss-partial,scikit-learn__scikit-learn-11578,2,False,Submitted,True,resolved
di__b21k__otrc-ss-partial,scikit-learn__scikit-learn-11578,1,False,Submitted,True,resolved
di__b21k__otrc-ss-partial,sympy__sympy-13372,3,False,Submitted,True,resolved
di__b21k__otrc-ss-partial,sympy__sympy-13372,2,False,Submitted,True,resolved
di__b21k__otrc-ss-partial,sympy__sympy-13372,1,False,Submitted,False,submitted_unresolved
di__b21k__otrc-ss-partial,django__django-17084,3,False,LimitsExceeded,,limits_exceeded
di__b21k__otrc-ss-partial,django__django-17084,2,False,LimitsExceeded,,limits_exceeded
di__b21k__otrc-ss-partial,django__django-17084,1,False,Submitted,True,resolved
di__b21k__otrc-ss-partial,sympy__sympy-13091,3,True,LimitsExceeded,,limits_exceeded
di__b21k__otrc-ss-partial,sympy__sympy-13091,2,False,Submitted,False,submitted_unresolved
di__b21k__otrc-ss-partial,sympy__sympy-13091,1,False,Submitted,False,submitted_unresolved
di__b21k__otrc-ss-partial,django__django-11087,3,False,Submitted,False,submitted_unresolved
di__b21k__otrc-ss-partial,django__django-11087,2,True,LimitsExceeded,,limits_exceeded
di__b21k__otrc-ss-partial,django__django-11087,1,True,LimitsExceeded,,limits_exceeded
di__b21k__otrc-ss-partial,django__django-12143,3,False,Submitted,False,submitted_unresolved
di__b21k__otrc-ss-partial,django__django-12143,2,False,Submitted,False,submitted_unresolved
di__b21k__otrc-ss-partial,django__django-12143,1,False,Submitted,True,resolved
di__b21k__otrc-ss-partial,sympy__sympy-17630,3,False,Submitted,False,submitted_unresolved
di__b21k__otrc-ss-partial,sympy__sympy-17630,2,False,Submitted,False,submitted_unresolved
di__b21k__otrc-ss-partial,sympy__sympy-17630,1,True,LimitsExceeded,,limits_exceeded
di__b21k__otrc-ss-partial,django__django-15629,3,False,Submitted,False,submitted_unresolved
di__b21k__otrc-ss-partial,django__django-15629,2,False,Submitted,False,submitted_unresolved
di__b21k__otrc-ss-partial,django__django-15629,1,False,Submitted,False,submitted_unresolved
di__b21k__otrc-ss-partial,django__django-12325,3,True,LimitsExceeded,,limits_exceeded
di__b21k__otrc-ss-partial,django__django-12325,2,False,Submitted,True,resolved
di__b21k__otrc-ss-partial,django__django-12325,1,False,Submitted,False,submitted_unresolved
di__b21k__otrc-ss-partial,django__django-13809,3,False,Submitted,True,resolved
di__b21k__otrc-ss-partial,django__django-13809,2,False,Submitted,True,resolved
di__b21k__otrc-ss-partial,django__django-13809,1,False,Submitted,False,submitted_unresolved
di__b21k__otrc-ss-partial,django__django-15368,3,True,LimitsExceeded,,limits_exceeded
di__b21k__otrc-ss-partial,django__django-15368,2,False,Submitted,True,resolved
di__b21k__otrc-ss-partial,django__django-15368,1,True,LimitsExceeded,,limits_exceeded
di__b21k__otrc-ss-partial,sympy__sympy-17318,3,True,LimitsExceeded,,limits_exceeded
di__b21k__otrc-ss-partial,sympy__sympy-17318,2,False,Submitted,False,submitted_unresolved
di__b21k__otrc-ss-partial,sympy__sympy-17318,1,True,LimitsExceeded,,limits_exceeded
di__b21k__otrc-ss-partial,sympy__sympy-18199,3,False,Submitted,False,submitted_unresolved
di__b21k__otrc-ss-partial,sympy__sympy-18199,2,False,Submitted,False,submitted_unresolved
di__b21k__otrc-ss-partial,sympy__sympy-18199,1,False,Submitted,False,submitted_unresolved
di__b21k__otrc-ss-partial,sympy__sympy-12489,3,False,LimitsExceeded,,limits_exceeded
di__b21k__otrc-ss-partial,sympy__sympy-12489,2,False,LimitsExceeded,,limits_exceeded
di__b21k__otrc-ss-partial,sympy__sympy-12489,1,False,LimitsExceeded,,limits_exceeded
di__b21k__otrc-ss-partial,sympy__sympy-22456,3,False,LimitsExceeded,,limits_exceeded
di__b21k__otrc-ss-partial,sympy__sympy-22456,2,False,LimitsExceeded,,limits_exceeded
di__b21k__otrc-ss-partial,sympy__sympy-22456,1,False,Submitted,True,resolved
di__b21k__otrc-ss-partial,sympy__sympy-15875,3,False,Submitted,False,submitted_unresolved
di__b21k__otrc-ss-partial,sympy__sympy-15875,2,False,Submitted,True,resolved
di__b21k__otrc-ss-partial,sympy__sympy-15875,1,False,Submitted,True,resolved
di__b21k__otrc-ss-partial,scikit-learn__scikit-learn-25931,3,False,Submitted,False,submitted_unresolved
di__b21k__otrc-ss-partial,scikit-learn__scikit-learn-25931,2,True,LimitsExceeded,,limits_exceeded
di__b21k__otrc-ss-partial,scikit-learn__scikit-learn-25931,1,True,LimitsExceeded,,limits_exceeded
di__b21k__otrc-ss-partial,django__django-15957,3,False,Submitted,False,submitted_unresolved
di__b21k__otrc-ss-partial,django__django-15957,2,False,Submitted,False,submitted_unresolved
di__b21k__otrc-ss-partial,django__django-15957,1,False,Submitted,False,submitted_unresolved
di__b21k__otrc-ss-partial,django__django-14351,3,False,LimitsExceeded,,limits_exceeded
di__b21k__otrc-ss-partial,django__django-14351,2,False,LimitsExceeded,,limits_exceeded
di__b21k__otrc-ss-partial,django__django-14351,1,False,Submitted,True,resolved
di__b21k__otrc-ss-partial,django__django-11299,3,True,LimitsExceeded,,limits_exceeded
di__b21k__otrc-ss-partial,django__django-11299,2,True,LimitsExceeded,,limits_exceeded
di__b21k__otrc-ss-partial,django__django-11299,1,True,LimitsExceeded,,limits_exceeded
di__b21k__otrc-ss-partial,scikit-learn__scikit-learn-13328,3,False,Submitted,True,resolved
di__b21k__otrc-ss-partial,scikit-learn__scikit-learn-13328,2,False,Submitted,False,submitted_unresolved
di__b21k__otrc-ss-partial,scikit-learn__scikit-learn-13328,1,False,Submitted,True,resolved
di__b21k__otrc-ss-partial,scikit-learn__scikit-learn-10844,3,False,Submitted,True,resolved
di__b21k__otrc-ss-partial,scikit-learn__scikit-learn-10844,2,False,Submitted,True,resolved
di__b21k__otrc-ss-partial,scikit-learn__scikit-learn-10844,1,False,Submitted,True,resolved
di__b21k__otrc-ss-partial,django__django-15098,3,True,LimitsExceeded,,limits_exceeded
di__b21k__otrc-ss-partial,django__django-15098,2,False,LimitsExceeded,,limits_exceeded
di__b21k__otrc-ss-partial,django__django-15098,1,False,Submitted,False,submitted_unresolved
di__b21k__otrc-ss-partial,django__django-11477,3,False,Submitted,False,submitted_unresolved
di__b21k__otrc-ss-partial,django__django-11477,2,False,Submitted,False,submitted_unresolved
di__b21k__otrc-ss-partial,django__django-11477,1,False,LimitsExceeded,,limits_exceeded
di__b21k__otrc-ss-partial,sympy__sympy-16450,3,False,Submitted,True,resolved
di__b21k__otrc-ss-partial,sympy__sympy-16450,2,False,Submitted,True,resolved
di__b21k__otrc-ss-partial,sympy__sympy-16450,1,False,Submitted,True,resolved
di__b21k__otrc-ss-partial,scikit-learn__scikit-learn-14053,3,True,LimitsExceeded,,limits_exceeded
di__b21k__otrc-ss-partial,scikit-learn__scikit-learn-14053,2,True,LimitsExceeded,,limits_exceeded
di__b21k__otrc-ss-partial,scikit-learn__scikit-learn-14053,1,True,LimitsExceeded,,limits_exceeded
di__b21k__otrc-ss-partial,scikit-learn__scikit-learn-13779,3,False,LimitsExceeded,,limits_exceeded
di__b21k__otrc-ss-partial,scikit-learn__scikit-learn-13779,2,False,Submitted,True,resolved
di__b21k__otrc-ss-partial,scikit-learn__scikit-learn-13779,1,False,Submitted,True,resolved
di__b21k__otrc-ss-partial,sympy__sympy-15345,3,False,LimitsExceeded,,limits_exceeded
di__b21k__otrc-ss-partial,sympy__sympy-15345,2,False,Submitted,True,resolved
di__b21k__otrc-ss-partial,sympy__sympy-15345,1,False,LimitsExceeded,,limits_exceeded
di__b21k__otrc-ss-partial,django__django-14580,3,True,LimitsExceeded,,limits_exceeded
di__b21k__otrc-ss-partial,django__django-14580,2,True,LimitsExceeded,,limits_exceeded
di__b21k__otrc-ss-partial,django__django-14580,1,False,Submitted,True,resolved
di__b21k__otrc-ss-partial,django__django-12304,3,False,Submitted,True,resolved
di__b21k__otrc-ss-partial,django__django-12304,2,False,Submitted,True,resolved
di__b21k__otrc-ss-partial,django__django-12304,1,True,LimitsExceeded,,limits_exceeded
di__b21k__otrc-ss-partial,django__django-14915,3,False,Submitted,True,resolved
di__b21k__otrc-ss-partial,django__django-14915,2,True,LimitsExceeded,,limits_exceeded
di__b21k__otrc-ss-partial,django__django-14915,1,False,Submitted,True,resolved
di__b21k__otrc-ss-partial,scikit-learn__scikit-learn-25232,3,False,Submitted,False,submitted_unresolved
di__b21k__otrc-ss-partial,scikit-learn__scikit-learn-25232,2,False,Submitted,True,resolved
di__b21k__otrc-ss-partial,scikit-learn__scikit-learn-25232,1,False,LimitsExceeded,,limits_exceeded
di__b21k__otrc-ss-partial,sympy__sympy-13878,3,False,LimitsExceeded,,limits_exceeded
di__b21k__otrc-ss-partial,sympy__sympy-13878,2,True,LimitsExceeded,,limits_exceeded
di__b21k__otrc-ss-partial,sympy__sympy-13878,1,False,LimitsExceeded,,limits_exceeded
di__b21k__otrc-ss-partial,sympy__sympy-15349,3,True,LimitsExceeded,,limits_exceeded
di__b21k__otrc-ss-partial,sympy__sympy-15349,2,True,LimitsExceeded,,limits_exceeded
di__b21k__otrc-ss-partial,sympy__sympy-15349,1,False,Submitted,True,resolved
di__b21k__otrc-ss-partial,django__django-15278,3,False,Submitted,True,resolved
di__b21k__otrc-ss-partial,django__django-15278,2,False,Submitted,False,submitted_unresolved
di__b21k__otrc-ss-partial,django__django-15278,1,False,Submitted,True,resolved
di__b21k__otrc-ss-partial,django__django-11066,3,True,LimitsExceeded,,limits_exceeded
di__b21k__otrc-ss-partial,django__django-11066,2,False,Submitted,True,resolved
di__b21k__otrc-ss-partial,django__django-11066,1,False,Submitted,True,resolved
di__b21k__otrc-ss-partial,sympy__sympy-14248,3,False,Submitted,False,submitted_unresolved
di__b21k__otrc-ss-partial,sympy__sympy-14248,2,False,LimitsExceeded,,limits_exceeded
di__b21k__otrc-ss-partial,sympy__sympy-14248,1,False,LimitsExceeded,,limits_exceeded
di__b21k__otrc-ss-partial,scikit-learn__scikit-learn-13135,3,False,Submitted,True,resolved
di__b21k__otrc-ss-partial,scikit-learn__scikit-learn-13135,2,False,Submitted,False,submitted_unresolved
di__b21k__otrc-ss-partial,scikit-learn__scikit-learn-13135,1,False,Submitted,True,resolved
di__b21k__otrc-ss-partial,django__django-16667,3,False,Submitted,False,submitted_unresolved
di__b21k__otrc-ss-partial,django__django-16667,2,False,Submitted,False,submitted_unresolved
di__b21k__otrc-ss-partial,django__django-16667,1,False,Submitted,False,submitted_unresolved
di__b21k__otrc-ss-partial,scikit-learn__scikit-learn-13124,3,True,LimitsExceeded,,limits_exceeded
di__b21k__otrc-ss-partial,scikit-learn__scikit-learn-13124,2,True,LimitsExceeded,,limits_exceeded
di__b21k__otrc-ss-partial,scikit-learn__scikit-learn-13124,1,False,Submitted,False,submitted_unresolved
di__b21k__otrc-ss-partial,django__django-17087,3,True,LimitsExceeded,,limits_exceeded
di__b21k__otrc-ss-partial,django__django-17087,2,True,LimitsExceeded,,limits_exceeded
di__b21k__otrc-ss-partial,django__django-17087,1,True,LimitsExceeded,,limits_exceeded
di__b21k__otrc-ss-partial,sympy__sympy-14711,3,False,Submitted,True,resolved
di__b21k__otrc-ss-partial,sympy__sympy-14711,2,False,Submitted,True,resolved
di__b21k__otrc-ss-partial,sympy__sympy-14711,1,False,Submitted,True,resolved
di__b21k__otrc-ss-partial,sympy__sympy-19954,3,False,Submitted,True,resolved
di__b21k__otrc-ss-partial,sympy__sympy-19954,2,False,Submitted,True,resolved
di__b21k__otrc-ss-partial,sympy__sympy-19954,1,False,Submitted,True,resolved
di__b21k__otrc-ss-partial,scikit-learn__scikit-learn-12682,3,False,Submitted,False,submitted_unresolved
di__b21k__otrc-ss-partial,scikit-learn__scikit-learn-12682,2,False,Submitted,False,submitted_unresolved
di__b21k__otrc-ss-partial,scikit-learn__scikit-learn-12682,1,False,LimitsExceeded,,limits_exceeded
di__b21k__otrc-ss-partial,sympy__sympy-13798,3,True,LimitsExceeded,,limits_exceeded
di__b21k__otrc-ss-partial,sympy__sympy-13798,2,False,Submitted,False,submitted_unresolved
di__b21k__otrc-ss-partial,sympy__sympy-13798,1,False,Submitted,False,submitted_unresolved
di__b21k__otrc-ss-partial,django__django-11734,3,True,LimitsExceeded,,limits_exceeded
di__b21k__otrc-ss-partial,django__django-11734,2,False,LimitsExceeded,,limits_exceeded
di__b21k__otrc-ss-partial,django__django-11734,1,False,LimitsExceeded,,limits_exceeded
di__b21k__otrc-ss-partial,scikit-learn__scikit-learn-14983,3,False,Submitted,False,submitted_unresolved
di__b21k__otrc-ss-partial,scikit-learn__scikit-learn-14983,2,False,LimitsExceeded,,limits_exceeded
di__b21k__otrc-ss-partial,scikit-learn__scikit-learn-14983,1,False,Submitted,False,submitted_unresolved
di__b21k__otrc-ss-partial,scikit-learn__scikit-learn-14141,3,False,Submitted,True,resolved
di__b21k__otrc-ss-partial,scikit-learn__scikit-learn-14141,2,False,Submitted,True,resolved
di__b21k__otrc-ss-partial,scikit-learn__scikit-learn-14141,1,False,Submitted,True,resolved
di__b21k__otrc-ss-partial,scikit-learn__scikit-learn-12585,3,False,Submitted,True,resolved
di__b21k__otrc-ss-partial,scikit-learn__scikit-learn-12585,2,False,Submitted,True,resolved
di__b21k__otrc-ss-partial,scikit-learn__scikit-learn-12585,1,False,Submitted,True,resolved
di__b21k__otrc-ss-partial,scikit-learn__scikit-learn-25102,3,True,LimitsExceeded,,limits_exceeded
di__b21k__otrc-ss-partial,scikit-learn__scikit-learn-25102,2,True,LimitsExceeded,,limits_exceeded
di__b21k__otrc-ss-partial,scikit-learn__scikit-learn-25102,1,True,LimitsExceeded,,limits_exceeded
di__b21k__otrc-ss-partial,sympy__sympy-24213,3,False,Submitted,True,resolved
di__b21k__otrc-ss-partial,sympy__sympy-24213,2,False,Submitted,True,resolved
di__b21k__otrc-ss-partial,sympy__sympy-24213,1,False,Submitted,True,resolved
di__b21k__otrc-ss-partial,sympy__sympy-15017,3,True,LimitsExceeded,,limits_exceeded
di__b21k__otrc-ss-partial,sympy__sympy-15017,2,False,Submitted,False,submitted_unresolved
di__b21k__otrc-ss-partial,sympy__sympy-15017,1,False,Submitted,False,submitted_unresolved
di__b21k__otrc-ss-partial,scikit-learn__scikit-learn-10297,3,False,Submitted,True,resolved
di__b21k__otrc-ss-partial,scikit-learn__scikit-learn-10297,2,False,Submitted,True,resolved
di__b21k__otrc-ss-partial,scikit-learn__scikit-learn-10297,1,False,Submitted,True,resolved
di__b21k__otrc-ss-partial,scikit-learn__scikit-learn-14496,3,False,Submitted,True,resolved
di__b21k__otrc-ss-partial,scikit-learn__scikit-learn-14496,2,False,Submitted,True,resolved
di__b21k__otrc-ss-partial,scikit-learn__scikit-learn-14496,1,False,Submitted,True,resolved
di__b21k__otrc-ss-partial,scikit-learn__scikit-learn-26194,3,False,Submitted,False,submitted_unresolved
di__b21k__otrc-ss-partial,scikit-learn__scikit-learn-26194,2,False,Submitted,False,submitted_unresolved
di__b21k__otrc-ss-partial,scikit-learn__scikit-learn-26194,1,False,Submitted,False,submitted_unresolved
di__b21k__otrc-ss-partial,scikit-learn__scikit-learn-25973,3,False,Submitted,True,resolved
di__b21k__otrc-ss-partial,scikit-learn__scikit-learn-25973,2,False,Submitted,False,submitted_unresolved
di__b21k__otrc-ss-partial,scikit-learn__scikit-learn-25973,1,False,Submitted,True,resolved
di__b21k__otrc-ss-partial,django__django-15930,3,False,Submitted,True,resolved
di__b21k__otrc-ss-partial,django__django-15930,2,False,LimitsExceeded,,limits_exceeded
di__b21k__otrc-ss-partial,django__django-15930,1,True,LimitsExceeded,,limits_exceeded
di__b21k__otrc-ss-partial,django__django-13964,3,False,Submitted,False,submitted_unresolved
di__b21k__otrc-ss-partial,django__django-13964,2,True,LimitsExceeded,,limits_exceeded
di__b21k__otrc-ss-partial,django__django-13964,1,True,LimitsExceeded,,limits_exceeded
di__b21k__otrc-ss-partial,django__django-12663,3,False,Submitted,False,submitted_unresolved
di__b21k__otrc-ss-partial,django__django-12663,2,False,LimitsExceeded,,limits_exceeded
di__b21k__otrc-ss-partial,django__django-12663,1,False,Submitted,False,submitted_unresolved
di__b21k__otrc-ss-partial,django__django-14725,3,False,LimitsExceeded,,limits_exceeded
di__b21k__otrc-ss-partial,django__django-14725,2,True,LimitsExceeded,,limits_exceeded
di__b21k__otrc-ss-partial,django__django-14725,1,False,LimitsExceeded,,limits_exceeded
di__b21k__otrc-ss-partial,sympy__sympy-20438,3,False,LimitsExceeded,,limits_exceeded
di__b21k__otrc-ss-partial,sympy__sympy-20438,2,False,Submitted,False,submitted_unresolved
di__b21k__otrc-ss-partial,sympy__sympy-20438,1,False,LimitsExceeded,,limits_exceeded
di__b21k__otrc-ss-partial,sympy__sympy-13757,3,False,LimitsExceeded,,limits_exceeded
di__b21k__otrc-ss-partial,sympy__sympy-13757,2,False,Submitted,False,submitted_unresolved
di__b21k__otrc-ss-partial,sympy__sympy-13757,1,False,Submitted,True,resolved
di__b21k__otrc-ss-partial,scikit-learn__scikit-learn-25747,3,False,Submitted,False,submitted_unresolved
di__b21k__otrc-ss-partial,scikit-learn__scikit-learn-25747,2,False,Submitted,False,submitted_unresolved
di__b21k__otrc-ss-partial,scikit-learn__scikit-learn-25747,1,False,Submitted,False,submitted_unresolved
di__b21k__otrc-ss-partial,scikit-learn__scikit-learn-14087,3,True,LimitsExceeded,,limits_exceeded
di__b21k__otrc-ss-partial,scikit-learn__scikit-learn-14087,2,True,LimitsExceeded,,limits_exceeded
di__b21k__otrc-ss-partial,scikit-learn__scikit-learn-14087,1,False,Submitted,False,submitted_unresolved
di__b21k__otrc-ss-partial,sympy__sympy-13031,3,False,Submitted,False,submitted_unresolved
di__b21k__otrc-ss-partial,sympy__sympy-13031,2,False,Submitted,False,submitted_unresolved
di__b21k__otrc-ss-partial,sympy__sympy-13031,1,False,LimitsExceeded,,limits_exceeded
di__b21k__otrc-ss-partial,django__django-15525,3,True,LimitsExceeded,,limits_exceeded
di__b21k__otrc-ss-partial,django__django-15525,2,True,LimitsExceeded,,limits_exceeded
di__b21k__otrc-ss-partial,django__django-15525,1,True,LimitsExceeded,,limits_exceeded
di__b21k__otrc-ss-partial,django__django-11433,3,False,LimitsExceeded,,limits_exceeded
di__b21k__otrc-ss-partial,django__django-11433,2,False,LimitsExceeded,,limits_exceeded
di__b21k__otrc-ss-partial,django__django-11433,1,False,LimitsExceeded,,limits_exceeded
di__b21k__otrc-ss-partial,django__django-11292,3,False,Submitted,True,resolved
di__b21k__otrc-ss-partial,django__django-11292,2,False,Submitted,True,resolved
di__b21k__otrc-ss-partial,django__django-11292,1,False,Submitted,True,resolved
di__b21k__otrc-ss-partial,scikit-learn__scikit-learn-14629,3,False,Submitted,False,submitted_unresolved
di__b21k__otrc-ss-partial,scikit-learn__scikit-learn-14629,2,False,Submitted,False,submitted_unresolved
di__b21k__otrc-ss-partial,scikit-learn__scikit-learn-14629,1,False,Submitted,False,submitted_unresolved
di__b21k__otrc-ss-partial,scikit-learn__scikit-learn-13496,3,False,Submitted,True,resolved
di__b21k__otrc-ss-partial,scikit-learn__scikit-learn-13496,2,False,Submitted,True,resolved
di__b21k__otrc-ss-partial,scikit-learn__scikit-learn-13496,1,False,Submitted,True,resolved
di__b21k__otrc-ss-partial,django__django-12273,3,False,Submitted,False,submitted_unresolved
di__b21k__otrc-ss-partial,django__django-12273,2,False,LimitsExceeded,,limits_exceeded
di__b21k__otrc-ss-partial,django__django-12273,1,False,LimitsExceeded,,limits_exceeded
di__b21k__otrc-ss-partial,sympy__sympy-24443,3,True,LimitsExceeded,,limits_exceeded
di__b21k__otrc-ss-partial,sympy__sympy-24443,2,True,LimitsExceeded,,limits_exceeded
di__b21k__otrc-ss-partial,sympy__sympy-24443,1,False,Submitted,True,resolved
di__b21k__otrc-ss-partial,scikit-learn__scikit-learn-13439,3,False,Submitted,True,resolved
di__b21k__otrc-ss-partial,scikit-learn__scikit-learn-13439,2,False,Submitted,True,resolved
di__b21k__otrc-ss-partial,scikit-learn__scikit-learn-13439,1,False,Submitted,True,resolved
di__b21k__otrc-ss-partial,django__django-11095,3,False,Submitted,True,resolved
di__b21k__otrc-ss-partial,django__django-11095,2,False,Submitted,True,resolved
di__b21k__otrc-ss-partial,django__django-11095,1,False,Submitted,True,resolved
di__b21k__otrc-ss-partial,sympy__sympy-11618,3,False,Submitted,True,resolved
di__b21k__otrc-ss-partial,sympy__sympy-11618,2,False,Submitted,True,resolved
di__b21k__otrc-ss-partial,sympy__sympy-11618,1,False,Submitted,True,resolved
di__b21k__otrc-ss-partial,django__django-14999,3,False,Submitted,True,resolved
di__b21k__otrc-ss-partial,django__django-14999,2,False,Submitted,True,resolved
di__b21k__otrc-ss-partial,django__django-14999,1,False,Submitted,True,resolved
di__b21k__otrc-ss-partial,scikit-learn__scikit-learn-11310,3,False,Submitted,True,resolved
di__b21k__otrc-ss-partial,scikit-learn__scikit-learn-11310,2,False,Submitted,True,resolved
di__b21k__otrc-ss-partial,scikit-learn__scikit-learn-11310,1,False,Submitted,True,resolved
di__b21k__otrc-ss-partial,scikit-learn__scikit-learn-10908,3,True,LimitsExceeded,,limits_exceeded
di__b21k__otrc-ss-partial,scikit-learn__scikit-learn-10908,2,True,LimitsExceeded,,limits_exceeded
di__b21k__otrc-ss-partial,scikit-learn__scikit-learn-10908,1,False,Submitted,False,submitted_unresolved
di__b21k__otrc-ss-partial,scikit-learn__scikit-learn-9288,3,False,Submitted,True,resolved
di__b21k__otrc-ss-partial,scikit-learn__scikit-learn-9288,2,True,LimitsExceeded,,limits_exceeded
di__b21k__otrc-ss-partial,scikit-learn__scikit-learn-9288,1,False,Submitted,True,resolved
di__b21k__otrc-ss-partial,scikit-learn__scikit-learn-26323,3,False,Submitted,False,submitted_unresolved
di__b21k__otrc-ss-partial,scikit-learn__scikit-learn-26323,2,True,LimitsExceeded,,limits_exceeded
di__b21k__otrc-ss-partial,scikit-learn__scikit-learn-26323,1,True,LimitsExceeded,,limits_exceeded
di__b21k__otrc-ss-partial,sympy__sympy-13647,3,False,Submitted,True,resolved
di__b21k__otrc-ss-partial,sympy__sympy-13647,2,True,LimitsExceeded,,limits_exceeded
di__b21k__otrc-ss-partial,sympy__sympy-13647,1,False,Submitted,True,resolved
di__b21k__otrc-ss-partial,sympy__sympy-20916,3,False,Submitted,False,submitted_unresolved
di__b21k__otrc-ss-partial,sympy__sympy-20916,2,False,LimitsExceeded,,limits_exceeded
di__b21k__otrc-ss-partial,sympy__sympy-20916,1,False,LimitsExceeded,,limits_exceeded
di__b21k__otrc-su-partial,sympy__sympy-17139,3,False,Submitted,False,submitted_unresolved
di__b21k__otrc-su-partial,sympy__sympy-17139,2,False,Submitted,False,submitted_unresolved
di__b21k__otrc-su-partial,sympy__sympy-17139,1,False,Submitted,False,submitted_unresolved
di__b21k__otrc-su-partial,django__django-12276,3,False,Submitted,True,resolved
di__b21k__otrc-su-partial,django__django-12276,2,False,Submitted,True,resolved
di__b21k__otrc-su-partial,django__django-12276,1,False,LimitsExceeded,,limits_exceeded
di__b21k__otrc-su-partial,sympy__sympy-18211,3,False,Submitted,True,resolved
di__b21k__otrc-su-partial,sympy__sympy-18211,2,False,Submitted,True,resolved
di__b21k__otrc-su-partial,sympy__sympy-18211,1,False,Submitted,True,resolved
di__b21k__otrc-su-partial,sympy__sympy-19040,3,False,LimitsExceeded,,limits_exceeded
di__b21k__otrc-su-partial,sympy__sympy-19040,2,False,LimitsExceeded,,limits_exceeded
di__b21k__otrc-su-partial,sympy__sympy-19040,1,False,LimitsExceeded,,limits_exceeded
di__b21k__otrc-su-partial,scikit-learn__scikit-learn-14710,3,False,Submitted,True,resolved
di__b21k__otrc-su-partial,scikit-learn__scikit-learn-14710,2,False,Submitted,True,resolved
di__b21k__otrc-su-partial,scikit-learn__scikit-learn-14710,1,False,Submitted,True,resolved
di__b21k__otrc-su-partial,sympy__sympy-24066,3,False,Submitted,True,resolved
di__b21k__otrc-su-partial,sympy__sympy-24066,2,False,Submitted,True,resolved
di__b21k__otrc-su-partial,sympy__sympy-24066,1,False,Submitted,True,resolved
di__b21k__otrc-su-partial,sympy__sympy-24661,3,False,Submitted,True,resolved
di__b21k__otrc-su-partial,sympy__sympy-24661,2,False,LimitsExceeded,,limits_exceeded
di__b21k__otrc-su-partial,sympy__sympy-24661,1,False,Submitted,True,resolved
di__b21k__otrc-su-partial,django__django-15741,3,False,Submitted,True,resolved
di__b21k__otrc-su-partial,django__django-15741,2,False,Submitted,True,resolved
di__b21k__otrc-su-partial,django__django-15741,1,False,Submitted,True,resolved
di__b21k__otrc-su-partial,django__django-13012,3,False,Submitted,False,submitted_unresolved
di__b21k__otrc-su-partial,django__django-13012,2,False,Submitted,True,resolved
di__b21k__otrc-su-partial,django__django-13012,1,False,Submitted,True,resolved
di__b21k__otrc-su-partial,scikit-learn__scikit-learn-13142,3,False,Submitted,True,resolved
di__b21k__otrc-su-partial,scikit-learn__scikit-learn-13142,2,True,LimitsExceeded,,limits_exceeded
di__b21k__otrc-su-partial,scikit-learn__scikit-learn-13142,1,True,LimitsExceeded,,limits_exceeded
di__b21k__otrc-su-partial,scikit-learn__scikit-learn-12973,3,False,Submitted,False,submitted_unresolved
di__b21k__otrc-su-partial,scikit-learn__scikit-learn-12973,2,False,Submitted,False,submitted_unresolved
di__b21k__otrc-su-partial,scikit-learn__scikit-learn-12973,1,False,Submitted,False,submitted_unresolved
di__b21k__otrc-su-partial,django__django-13810,3,False,Submitted,False,submitted_unresolved
di__b21k__otrc-su-partial,django__django-13810,2,False,Submitted,True,resolved
di__b21k__otrc-su-partial,django__django-13810,1,False,Submitted,True,resolved
di__b21k__otrc-su-partial,sympy__sympy-14531,3,False,LimitsExceeded,,limits_exceeded
di__b21k__otrc-su-partial,sympy__sympy-14531,2,False,Submitted,True,resolved
di__b21k__otrc-su-partial,sympy__sympy-14531,1,False,Submitted,True,resolved
di__b21k__otrc-su-partial,sympy__sympy-19637,3,False,Submitted,True,resolved
di__b21k__otrc-su-partial,sympy__sympy-19637,2,False,Submitted,True,resolved
di__b21k__otrc-su-partial,sympy__sympy-19637,1,False,Submitted,True,resolved
di__b21k__otrc-su-partial,scikit-learn__scikit-learn-15100,3,False,Submitted,True,resolved
di__b21k__otrc-su-partial,scikit-learn__scikit-learn-15100,2,True,LimitsExceeded,,limits_exceeded
di__b21k__otrc-su-partial,scikit-learn__scikit-learn-15100,1,False,Submitted,True,resolved
di__b21k__otrc-su-partial,sympy__sympy-18189,3,False,Submitted,True,resolved
di__b21k__otrc-su-partial,sympy__sympy-18189,2,False,LimitsExceeded,,limits_exceeded
di__b21k__otrc-su-partial,sympy__sympy-18189,1,False,LimitsExceeded,,limits_exceeded
di__b21k__otrc-su-partial,sympy__sympy-12419,3,False,LimitsExceeded,,limits_exceeded
di__b21k__otrc-su-partial,sympy__sympy-12419,2,False,LimitsExceeded,,limits_exceeded
di__b21k__otrc-su-partial,sympy__sympy-12419,1,False,LimitsExceeded,,limits_exceeded
di__b21k__otrc-su-partial,scikit-learn__scikit-learn-14894,3,True,LimitsExceeded,,limits_exceeded
di__b21k__otrc-su-partial,scikit-learn__scikit-learn-14894,2,False,Submitted,True,resolved
di__b21k__otrc-su-partial,scikit-learn__scikit-learn-14894,1,False,Submitted,True,resolved
di__b21k__otrc-su-partial,scikit-learn__scikit-learn-11578,3,False,Submitted,True,resolved
di__b21k__otrc-su-partial,scikit-learn__scikit-learn-11578,2,False,Submitted,False,submitted_unresolved
di__b21k__otrc-su-partial,scikit-learn__scikit-learn-11578,1,True,LimitsExceeded,,limits_exceeded
di__b21k__otrc-su-partial,sympy__sympy-13372,3,True,LimitsExceeded,,limits_exceeded
di__b21k__otrc-su-partial,sympy__sympy-13372,2,True,LimitsExceeded,,limits_exceeded
di__b21k__otrc-su-partial,sympy__sympy-13372,1,False,Submitted,True,resolved
di__b21k__otrc-su-partial,django__django-17084,3,False,Submitted,False,submitted_unresolved
di__b21k__otrc-su-partial,django__django-17084,2,False,LimitsExceeded,,limits_exceeded
di__b21k__otrc-su-partial,django__django-17084,1,False,Submitted,False,submitted_unresolved
di__b21k__otrc-su-partial,sympy__sympy-13091,3,False,LimitsExceeded,,limits_exceeded
di__b21k__otrc-su-partial,sympy__sympy-13091,2,True,LimitsExceeded,,limits_exceeded
di__b21k__otrc-su-partial,sympy__sympy-13091,1,True,LimitsExceeded,,limits_exceeded
di__b21k__otrc-su-partial,django__django-11087,3,True,LimitsExceeded,,limits_exceeded
di__b21k__otrc-su-partial,django__django-11087,2,True,LimitsExceeded,,limits_exceeded
di__b21k__otrc-su-partial,django__django-11087,1,True,LimitsExceeded,,limits_exceeded
di__b21k__otrc-su-partial,django__django-12143,3,True,LimitsExceeded,,limits_exceeded
di__b21k__otrc-su-partial,django__django-12143,2,False,Submitted,False,submitted_unresolved
di__b21k__otrc-su-partial,django__django-12143,1,False,Submitted,True,resolved
di__b21k__otrc-su-partial,sympy__sympy-17630,3,True,LimitsExceeded,,limits_exceeded
di__b21k__otrc-su-partial,sympy__sympy-17630,2,True,LimitsExceeded,,limits_exceeded
di__b21k__otrc-su-partial,sympy__sympy-17630,1,True,LimitsExceeded,,limits_exceeded
di__b21k__otrc-su-partial,django__django-15629,3,False,Submitted,False,submitted_unresolved
di__b21k__otrc-su-partial,django__django-15629,2,True,LimitsExceeded,,limits_exceeded
di__b21k__otrc-su-partial,django__django-15629,1,False,Submitted,False,submitted_unresolved
di__b21k__otrc-su-partial,django__django-12325,3,False,Submitted,False,submitted_unresolved
di__b21k__otrc-su-partial,django__django-12325,2,False,Submitted,False,submitted_unresolved
di__b21k__otrc-su-partial,django__django-12325,1,False,LimitsExceeded,,limits_exceeded
di__b21k__otrc-su-partial,django__django-13809,3,False,Submitted,True,resolved
di__b21k__otrc-su-partial,django__django-13809,2,False,Submitted,True,resolved
di__b21k__otrc-su-partial,django__django-13809,1,False,Submitted,True,resolved
di__b21k__otrc-su-partial,django__django-15368,3,False,Submitted,True,resolved
di__b21k__otrc-su-partial,django__django-15368,2,False,Submitted,True,resolved
di__b21k__otrc-su-partial,django__django-15368,1,True,LimitsExceeded,,limits_exceeded
di__b21k__otrc-su-partial,sympy__sympy-17318,3,True,LimitsExceeded,,limits_exceeded
di__b21k__otrc-su-partial,sympy__sympy-17318,2,True,LimitsExceeded,,limits_exceeded
di__b21k__otrc-su-partial,sympy__sympy-17318,1,False,Submitted,False,submitted_unresolved
di__b21k__otrc-su-partial,sympy__sympy-18199,3,False,Submitted,False,submitted_unresolved
di__b21k__otrc-su-partial,sympy__sympy-18199,2,False,Submitted,False,submitted_unresolved
di__b21k__otrc-su-partial,sympy__sympy-18199,1,False,Submitted,False,submitted_unresolved
di__b21k__otrc-su-partial,sympy__sympy-12489,3,False,Submitted,False,submitted_unresolved
di__b21k__otrc-su-partial,sympy__sympy-12489,2,False,Submitted,False,submitted_unresolved
di__b21k__otrc-su-partial,sympy__sympy-12489,1,False,LimitsExceeded,,limits_exceeded
di__b21k__otrc-su-partial,sympy__sympy-22456,3,False,LimitsExceeded,,limits_exceeded
di__b21k__otrc-su-partial,sympy__sympy-22456,2,False,LimitsExceeded,,limits_exceeded
di__b21k__otrc-su-partial,sympy__sympy-22456,1,False,Submitted,True,resolved
di__b21k__otrc-su-partial,sympy__sympy-15875,3,False,Submitted,True,resolved
di__b21k__otrc-su-partial,sympy__sympy-15875,2,False,Submitted,False,submitted_unresolved
di__b21k__otrc-su-partial,sympy__sympy-15875,1,False,Submitted,True,resolved
di__b21k__otrc-su-partial,scikit-learn__scikit-learn-25931,3,True,LimitsExceeded,,limits_exceeded
di__b21k__otrc-su-partial,scikit-learn__scikit-learn-25931,2,False,Submitted,False,submitted_unresolved
di__b21k__otrc-su-partial,scikit-learn__scikit-learn-25931,1,False,Submitted,True,resolved
di__b21k__otrc-su-partial,django__django-15957,3,False,Submitted,False,submitted_unresolved
di__b21k__otrc-su-partial,django__django-15957,2,False,Submitted,False,submitted_unresolved
di__b21k__otrc-su-partial,django__django-15957,1,False,Submitted,False,submitted_unresolved
di__b21k__otrc-su-partial,django__django-14351,3,False,Submitted,True,resolved
di__b21k__otrc-su-partial,django__django-14351,2,False,LimitsExceeded,,limits_exceeded
di__b21k__otrc-su-partial,django__django-14351,1,False,LimitsExceeded,,limits_exceeded
di__b21k__otrc-su-partial,django__django-11299,3,False,LimitsExceeded,,limits_exceeded
di__b21k__otrc-su-partial,django__django-11299,2,True,LimitsExceeded,,limits_exceeded
di__b21k__otrc-su-partial,django__django-11299,1,False,,,silent_crash
di__b21k__otrc-su-partial,scikit-learn__scikit-learn-13328,3,False,Submitted,False,submitted_unresolved
di__b21k__otrc-su-partial,scikit-learn__scikit-learn-13328,2,False,Submitted,False,submitted_unresolved
di__b21k__otrc-su-partial,scikit-learn__scikit-learn-13328,1,False,LimitsExceeded,,limits_exceeded
di__b21k__otrc-su-partial,scikit-learn__scikit-learn-10844,3,False,Submitted,True,resolved
di__b21k__otrc-su-partial,scikit-learn__scikit-learn-10844,2,True,LimitsExceeded,,limits_exceeded
di__b21k__otrc-su-partial,scikit-learn__scikit-learn-10844,1,False,Submitted,True,resolved
di__b21k__otrc-su-partial,django__django-15098,3,False,Submitted,False,submitted_unresolved
di__b21k__otrc-su-partial,django__django-15098,2,True,LimitsExceeded,,limits_exceeded
di__b21k__otrc-su-partial,django__django-15098,1,True,LimitsExceeded,,limits_exceeded
di__b21k__otrc-su-partial,django__django-11477,3,False,Submitted,False,submitted_unresolved
di__b21k__otrc-su-partial,django__django-11477,2,False,Submitted,False,submitted_unresolved
di__b21k__otrc-su-partial,django__django-11477,1,False,Submitted,False,submitted_unresolved
di__b21k__otrc-su-partial,sympy__sympy-16450,3,False,Submitted,True,resolved
di__b21k__otrc-su-partial,sympy__sympy-16450,2,False,Submitted,True,resolved
di__b21k__otrc-su-partial,sympy__sympy-16450,1,False,Submitted,True,resolved
di__b21k__otrc-su-partial,scikit-learn__scikit-learn-14053,3,True,LimitsExceeded,,limits_exceeded
di__b21k__otrc-su-partial,scikit-learn__scikit-learn-14053,2,False,Submitted,False,submitted_unresolved
di__b21k__otrc-su-partial,scikit-learn__scikit-learn-14053,1,True,LimitsExceeded,,limits_exceeded
di__b21k__otrc-su-partial,scikit-learn__scikit-learn-13779,3,False,Submitted,True,resolved
di__b21k__otrc-su-partial,scikit-learn__scikit-learn-13779,2,False,Submitted,True,resolved
di__b21k__otrc-su-partial,scikit-learn__scikit-learn-13779,1,False,Submitted,True,resolved
di__b21k__otrc-su-partial,sympy__sympy-15345,3,False,LimitsExceeded,,limits_exceeded
di__b21k__otrc-su-partial,sympy__sympy-15345,2,False,LimitsExceeded,,limits_exceeded
di__b21k__otrc-su-partial,sympy__sympy-15345,1,False,Submitted,False,submitted_unresolved
di__b21k__otrc-su-partial,django__django-14580,3,False,Submitted,True,resolved
di__b21k__otrc-su-partial,django__django-14580,2,True,LimitsExceeded,,limits_exceeded
di__b21k__otrc-su-partial,django__django-14580,1,False,Submitted,True,resolved
di__b21k__otrc-su-partial,django__django-12304,3,False,Submitted,True,resolved
di__b21k__otrc-su-partial,django__django-12304,2,False,Submitted,True,resolved
di__b21k__otrc-su-partial,django__django-12304,1,False,Submitted,True,resolved
di__b21k__otrc-su-partial,django__django-14915,3,False,Submitted,True,resolved
di__b21k__otrc-su-partial,django__django-14915,2,True,LimitsExceeded,,limits_exceeded
di__b21k__otrc-su-partial,django__django-14915,1,False,Submitted,True,resolved
di__b21k__otrc-su-partial,scikit-learn__scikit-learn-25232,3,False,Submitted,False,submitted_unresolved
di__b21k__otrc-su-partial,scikit-learn__scikit-learn-25232,2,False,LimitsExceeded,,limits_exceeded
di__b21k__otrc-su-partial,scikit-learn__scikit-learn-25232,1,False,LimitsExceeded,,limits_exceeded
di__b21k__otrc-su-partial,sympy__sympy-13878,3,False,LimitsExceeded,,limits_exceeded
di__b21k__otrc-su-partial,sympy__sympy-13878,2,True,LimitsExceeded,,limits_exceeded
di__b21k__otrc-su-partial,sympy__sympy-13878,1,False,LimitsExceeded,,limits_exceeded
di__b21k__otrc-su-partial,sympy__sympy-15349,3,False,Submitted,False,submitted_unresolved
di__b21k__otrc-su-partial,sympy__sympy-15349,2,True,LimitsExceeded,,limits_exceeded
di__b21k__otrc-su-partial,sympy__sympy-15349,1,False,Submitted,True,resolved
di__b21k__otrc-su-partial,django__django-15278,3,False,LimitsExceeded,,limits_exceeded
di__b21k__otrc-su-partial,django__django-15278,2,False,LimitsExceeded,,limits_exceeded
di__b21k__otrc-su-partial,django__django-15278,1,False,Submitted,True,resolved
di__b21k__otrc-su-partial,django__django-11066,3,False,Submitted,True,resolved
di__b21k__otrc-su-partial,django__django-11066,2,False,Submitted,True,resolved
di__b21k__otrc-su-partial,django__django-11066,1,True,LimitsExceeded,,limits_exceeded
di__b21k__otrc-su-partial,sympy__sympy-14248,3,False,LimitsExceeded,,limits_exceeded
di__b21k__otrc-su-partial,sympy__sympy-14248,2,False,LimitsExceeded,,limits_exceeded
di__b21k__otrc-su-partial,sympy__sympy-14248,1,False,LimitsExceeded,,limits_exceeded
di__b21k__otrc-su-partial,scikit-learn__scikit-learn-13135,3,False,Submitted,True,resolved
di__b21k__otrc-su-partial,scikit-learn__scikit-learn-13135,2,False,Submitted,False,submitted_unresolved
di__b21k__otrc-su-partial,scikit-learn__scikit-learn-13135,1,False,Submitted,False,submitted_unresolved
di__b21k__otrc-su-partial,django__django-16667,3,False,Submitted,False,submitted_unresolved
di__b21k__otrc-su-partial,django__django-16667,2,False,Submitted,False,submitted_unresolved
di__b21k__otrc-su-partial,django__django-16667,1,True,LimitsExceeded,,limits_exceeded
di__b21k__otrc-su-partial,scikit-learn__scikit-learn-13124,3,True,LimitsExceeded,,limits_exceeded
di__b21k__otrc-su-partial,scikit-learn__scikit-learn-13124,2,True,LimitsExceeded,,limits_exceeded
di__b21k__otrc-su-partial,scikit-learn__scikit-learn-13124,1,True,LimitsExceeded,,limits_exceeded
di__b21k__otrc-su-partial,django__django-17087,3,False,LimitsExceeded,,limits_exceeded
di__b21k__otrc-su-partial,django__django-17087,2,True,LimitsExceeded,,limits_exceeded
di__b21k__otrc-su-partial,django__django-17087,1,True,LimitsExceeded,,limits_exceeded
di__b21k__otrc-su-partial,sympy__sympy-14711,3,False,Submitted,True,resolved
di__b21k__otrc-su-partial,sympy__sympy-14711,2,False,Submitted,True,resolved
di__b21k__otrc-su-partial,sympy__sympy-14711,1,False,LimitsExceeded,,limits_exceeded
di__b21k__otrc-su-partial,sympy__sympy-19954,3,False,Submitted,True,resolved
di__b21k__otrc-su-partial,sympy__sympy-19954,2,False,Submitted,True,resolved
di__b21k__otrc-su-partial,sympy__sympy-19954,1,False,Submitted,True,resolved
di__b21k__otrc-su-partial,scikit-learn__scikit-learn-12682,3,False,LimitsExceeded,,limits_exceeded
di__b21k__otrc-su-partial,scikit-learn__scikit-learn-12682,2,False,LimitsExceeded,,limits_exceeded
di__b21k__otrc-su-partial,scikit-learn__scikit-learn-12682,1,False,Submitted,False,submitted_unresolved
di__b21k__otrc-su-partial,sympy__sympy-13798,3,False,LimitsExceeded,,limits_exceeded
di__b21k__otrc-su-partial,sympy__sympy-13798,2,False,Submitted,False,submitted_unresolved
di__b21k__otrc-su-partial,sympy__sympy-13798,1,False,Submitted,False,submitted_unresolved
di__b21k__otrc-su-partial,django__django-11734,3,False,LimitsExceeded,,limits_exceeded
di__b21k__otrc-su-partial,django__django-11734,2,False,LimitsExceeded,,limits_exceeded
di__b21k__otrc-su-partial,django__django-11734,1,False,LimitsExceeded,,limits_exceeded
di__b21k__otrc-su-partial,scikit-learn__scikit-learn-14983,3,False,Submitted,False,submitted_unresolved
di__b21k__otrc-su-partial,scikit-learn__scikit-learn-14983,2,False,Submitted,False,submitted_unresolved
di__b21k__otrc-su-partial,scikit-learn__scikit-learn-14983,1,False,Submitted,False,submitted_unresolved
di__b21k__otrc-su-partial,scikit-learn__scikit-learn-14141,3,False,Submitted,True,resolved
di__b21k__otrc-su-partial,scikit-learn__scikit-learn-14141,2,False,Submitted,True,resolved
di__b21k__otrc-su-partial,scikit-learn__scikit-learn-14141,1,False,Submitted,True,resolved
di__b21k__otrc-su-partial,scikit-learn__scikit-learn-12585,3,False,Submitted,True,resolved
di__b21k__otrc-su-partial,scikit-learn__scikit-learn-12585,2,False,Submitted,True,resolved
di__b21k__otrc-su-partial,scikit-learn__scikit-learn-12585,1,False,Submitted,True,resolved
di__b21k__otrc-su-partial,scikit-learn__scikit-learn-25102,3,True,LimitsExceeded,,limits_exceeded
di__b21k__otrc-su-partial,scikit-learn__scikit-learn-25102,2,True,LimitsExceeded,,limits_exceeded
di__b21k__otrc-su-partial,scikit-learn__scikit-learn-25102,1,True,LimitsExceeded,,limits_exceeded
di__b21k__otrc-su-partial,sympy__sympy-24213,3,False,Submitted,True,resolved
di__b21k__otrc-su-partial,sympy__sympy-24213,2,False,Submitted,True,resolved
di__b21k__otrc-su-partial,sympy__sympy-24213,1,False,Submitted,True,resolved
di__b21k__otrc-su-partial,sympy__sympy-15017,3,False,Submitted,True,resolved
di__b21k__otrc-su-partial,sympy__sympy-15017,2,False,Submitted,True,resolved
di__b21k__otrc-su-partial,sympy__sympy-15017,1,False,Submitted,False,submitted_unresolved
di__b21k__otrc-su-partial,scikit-learn__scikit-learn-10297,3,False,Submitted,False,submitted_unresolved
di__b21k__otrc-su-partial,scikit-learn__scikit-learn-10297,2,False,Submitted,True,resolved
di__b21k__otrc-su-partial,scikit-learn__scikit-learn-10297,1,False,Submitted,True,resolved
di__b21k__otrc-su-partial,scikit-learn__scikit-learn-14496,3,False,Submitted,True,resolved
di__b21k__otrc-su-partial,scikit-learn__scikit-learn-14496,2,False,Submitted,True,resolved
di__b21k__otrc-su-partial,scikit-learn__scikit-learn-14496,1,False,Submitted,True,resolved
di__b21k__otrc-su-partial,scikit-learn__scikit-learn-26194,3,False,Submitted,False,submitted_unresolved
di__b21k__otrc-su-partial,scikit-learn__scikit-learn-26194,2,False,LimitsExceeded,,limits_exceeded
di__b21k__otrc-su-partial,scikit-learn__scikit-learn-26194,1,False,Submitted,False,submitted_unresolved
di__b21k__otrc-su-partial,scikit-learn__scikit-learn-25973,3,False,Submitted,False,submitted_unresolved
di__b21k__otrc-su-partial,scikit-learn__scikit-learn-25973,2,False,Submitted,True,resolved
di__b21k__otrc-su-partial,scikit-learn__scikit-learn-25973,1,False,Submitted,False,submitted_unresolved
di__b21k__otrc-su-partial,django__django-15930,3,False,Submitted,True,resolved
di__b21k__otrc-su-partial,django__django-15930,2,False,Submitted,False,submitted_unresolved
di__b21k__otrc-su-partial,django__django-15930,1,False,Submitted,True,resolved
di__b21k__otrc-su-partial,django__django-13964,3,True,LimitsExceeded,,limits_exceeded
di__b21k__otrc-su-partial,django__django-13964,2,False,LimitsExceeded,,limits_exceeded
di__b21k__otrc-su-partial,django__django-13964,1,False,Submitted,False,submitted_unresolved
di__b21k__otrc-su-partial,django__django-12663,3,False,LimitsExceeded,,limits_exceeded
di__b21k__otrc-su-partial,django__django-12663,2,False,Submitted,False,submitted_unresolved
di__b21k__otrc-su-partial,django__django-12663,1,False,Submitted,True,resolved
di__b21k__otrc-su-partial,django__django-14725,3,False,LimitsExceeded,,limits_exceeded
di__b21k__otrc-su-partial,django__django-14725,2,False,LimitsExceeded,,limits_exceeded
di__b21k__otrc-su-partial,django__django-14725,1,False,LimitsExceeded,,limits_exceeded
di__b21k__otrc-su-partial,sympy__sympy-20438,3,False,Submitted,False,submitted_unresolved
di__b21k__otrc-su-partial,sympy__sympy-20438,2,False,LimitsExceeded,,limits_exceeded
di__b21k__otrc-su-partial,sympy__sympy-20438,1,False,LimitsExceeded,,limits_exceeded
di__b21k__otrc-su-partial,sympy__sympy-13757,3,False,LimitsExceeded,,limits_exceeded
di__b21k__otrc-su-partial,sympy__sympy-13757,2,False,Submitted,True,resolved
di__b21k__otrc-su-partial,sympy__sympy-13757,1,False,LimitsExceeded,,limits_exceeded
di__b21k__otrc-su-partial,scikit-learn__scikit-learn-25747,3,False,Submitted,False,submitted_unresolved
di__b21k__otrc-su-partial,scikit-learn__scikit-learn-25747,2,False,LimitsExceeded,,limits_exceeded
di__b21k__otrc-su-partial,scikit-learn__scikit-learn-25747,1,False,LimitsExceeded,,limits_exceeded
di__b21k__otrc-su-partial,scikit-learn__scikit-learn-14087,3,True,LimitsExceeded,,limits_exceeded
di__b21k__otrc-su-partial,scikit-learn__scikit-learn-14087,2,False,Submitted,False,submitted_unresolved
di__b21k__otrc-su-partial,scikit-learn__scikit-learn-14087,1,True,LimitsExceeded,,limits_exceeded
di__b21k__otrc-su-partial,sympy__sympy-13031,3,False,Submitted,False,submitted_unresolved
di__b21k__otrc-su-partial,sympy__sympy-13031,2,False,Submitted,False,submitted_unresolved
di__b21k__otrc-su-partial,sympy__sympy-13031,1,False,Submitted,False,submitted_unresolved
di__b21k__otrc-su-partial,django__django-15525,3,False,LimitsExceeded,,limits_exceeded
di__b21k__otrc-su-partial,django__django-15525,2,False,LimitsExceeded,,limits_exceeded
di__b21k__otrc-su-partial,django__django-15525,1,True,LimitsExceeded,,limits_exceeded
di__b21k__otrc-su-partial,django__django-11433,3,True,LimitsExceeded,,limits_exceeded
di__b21k__otrc-su-partial,django__django-11433,2,False,LimitsExceeded,,limits_exceeded
di__b21k__otrc-su-partial,django__django-11433,1,True,LimitsExceeded,,limits_exceeded
di__b21k__otrc-su-partial,django__django-11292,3,False,Submitted,True,resolved
di__b21k__otrc-su-partial,django__django-11292,2,False,Submitted,True,resolved
di__b21k__otrc-su-partial,django__django-11292,1,False,Submitted,True,resolved
di__b21k__otrc-su-partial,scikit-learn__scikit-learn-14629,3,True,LimitsExceeded,,limits_exceeded
di__b21k__otrc-su-partial,scikit-learn__scikit-learn-14629,2,False,Submitted,False,submitted_unresolved
di__b21k__otrc-su-partial,scikit-learn__scikit-learn-14629,1,False,Submitted,False,submitted_unresolved
di__b21k__otrc-su-partial,scikit-learn__scikit-learn-13496,3,False,Submitted,True,resolved
di__b21k__otrc-su-partial,scikit-learn__scikit-learn-13496,2,False,Submitted,True,resolved
di__b21k__otrc-su-partial,scikit-learn__scikit-learn-13496,1,False,Submitted,True,resolved
di__b21k__otrc-su-partial,django__django-12273,3,False,LimitsExceeded,,limits_exceeded
di__b21k__otrc-su-partial,django__django-12273,2,False,Submitted,False,submitted_unresolved
di__b21k__otrc-su-partial,django__django-12273,1,False,LimitsExceeded,,limits_exceeded
di__b21k__otrc-su-partial,sympy__sympy-24443,3,True,LimitsExceeded,,limits_exceeded
di__b21k__otrc-su-partial,sympy__sympy-24443,2,True,LimitsExceeded,,limits_exceeded
di__b21k__otrc-su-partial,sympy__sympy-24443,1,True,LimitsExceeded,,limits_exceeded
di__b21k__otrc-su-partial,scikit-learn__scikit-learn-13439,3,False,Submitted,True,resolved
di__b21k__otrc-su-partial,scikit-learn__scikit-learn-13439,2,False,Submitted,True,resolved
di__b21k__otrc-su-partial,scikit-learn__scikit-learn-13439,1,False,Submitted,True,resolved
di__b21k__otrc-su-partial,django__django-11095,3,False,Submitted,True,resolved
di__b21k__otrc-su-partial,django__django-11095,2,False,Submitted,True,resolved
di__b21k__otrc-su-partial,django__django-11095,1,False,Submitted,True,resolved
di__b21k__otrc-su-partial,sympy__sympy-11618,3,False,Submitted,True,resolved
di__b21k__otrc-su-partial,sympy__sympy-11618,2,False,LimitsExceeded,,limits_exceeded
di__b21k__otrc-su-partial,sympy__sympy-11618,1,False,Submitted,True,resolved
di__b21k__otrc-su-partial,django__django-14999,3,False,Submitted,True,resolved
di__b21k__otrc-su-partial,django__django-14999,2,False,Submitted,False,submitted_unresolved
di__b21k__otrc-su-partial,django__django-14999,1,False,LimitsExceeded,,limits_exceeded
di__b21k__otrc-su-partial,scikit-learn__scikit-learn-11310,3,False,Submitted,True,resolved
di__b21k__otrc-su-partial,scikit-learn__scikit-learn-11310,2,False,Submitted,True,resolved
di__b21k__otrc-su-partial,scikit-learn__scikit-learn-11310,1,False,Submitted,True,resolved
di__b21k__otrc-su-partial,scikit-learn__scikit-learn-10908,3,False,Submitted,False,submitted_unresolved
di__b21k__otrc-su-partial,scikit-learn__scikit-learn-10908,2,False,Submitted,False,submitted_unresolved
di__b21k__otrc-su-partial,scikit-learn__scikit-learn-10908,1,False,Submitted,True,resolved
di__b21k__otrc-su-partial,scikit-learn__scikit-learn-9288,3,False,Submitted,True,resolved
di__b21k__otrc-su-partial,scikit-learn__scikit-learn-9288,2,False,Submitted,True,resolved
di__b21k__otrc-su-partial,scikit-learn__scikit-learn-9288,1,False,Submitted,True,resolved
di__b21k__otrc-su-partial,scikit-learn__scikit-learn-26323,3,True,LimitsExceeded,,limits_exceeded
di__b21k__otrc-su-partial,scikit-learn__scikit-learn-26323,2,True,LimitsExceeded,,limits_exceeded
di__b21k__otrc-su-partial,scikit-learn__scikit-learn-26323,1,False,Submitted,True,resolved
di__b21k__otrc-su-partial,sympy__sympy-13647,3,False,LimitsExceeded,,limits_exceeded
di__b21k__otrc-su-partial,sympy__sympy-13647,2,False,LimitsExceeded,,limits_exceeded
di__b21k__otrc-su-partial,sympy__sympy-13647,1,False,Submitted,True,resolved
di__b21k__otrc-su-partial,sympy__sympy-20916,3,False,Submitted,False,submitted_unresolved
di__b21k__otrc-su-partial,sympy__sympy-20916,2,False,Submitted,False,submitted_unresolved
di__b21k__otrc-su-partial,sympy__sympy-20916,1,False,LimitsExceeded,,limits_exceeded
di__b21k__otrc-tr,sympy__sympy-17139,3,False,Submitted,True,resolved
di__b21k__otrc-tr,sympy__sympy-17139,2,True,LimitsExceeded,,limits_exceeded
di__b21k__otrc-tr,sympy__sympy-17139,1,False,Submitted,False,submitted_unresolved
di__b21k__otrc-tr,django__django-12276,3,False,LimitsExceeded,,limits_exceeded
di__b21k__otrc-tr,django__django-12276,2,False,Submitted,True,resolved
di__b21k__otrc-tr,django__django-12276,1,False,Submitted,True,resolved
di__b21k__otrc-tr,sympy__sympy-18211,3,False,Submitted,False,submitted_unresolved
di__b21k__otrc-tr,sympy__sympy-18211,2,False,Submitted,True,resolved
di__b21k__otrc-tr,sympy__sympy-18211,1,False,Submitted,False,submitted_unresolved
di__b21k__otrc-tr,sympy__sympy-19040,3,False,LimitsExceeded,,limits_exceeded
di__b21k__otrc-tr,sympy__sympy-19040,2,False,LimitsExceeded,,limits_exceeded
di__b21k__otrc-tr,sympy__sympy-19040,1,False,LimitsExceeded,,limits_exceeded
di__b21k__otrc-tr,scikit-learn__scikit-learn-14710,3,False,Submitted,True,resolved
di__b21k__otrc-tr,scikit-learn__scikit-learn-14710,2,False,,,silent_crash
di__b21k__otrc-tr,scikit-learn__scikit-learn-14710,1,True,LimitsExceeded,,limits_exceeded
di__b21k__otrc-tr,sympy__sympy-24066,3,False,Submitted,True,resolved
di__b21k__otrc-tr,sympy__sympy-24066,2,False,Submitted,True,resolved
di__b21k__otrc-tr,sympy__sympy-24066,1,False,Submitted,True,resolved
di__b21k__otrc-tr,sympy__sympy-24661,3,False,Submitted,True,resolved
di__b21k__otrc-tr,sympy__sympy-24661,2,False,Submitted,True,resolved
di__b21k__otrc-tr,sympy__sympy-24661,1,False,Submitted,True,resolved
di__b21k__otrc-tr,django__django-15741,3,False,Submitted,True,resolved
di__b21k__otrc-tr,django__django-15741,2,False,Submitted,True,resolved
di__b21k__otrc-tr,django__django-15741,1,False,Submitted,True,resolved
di__b21k__otrc-tr,django__django-13012,3,False,Submitted,True,resolved
di__b21k__otrc-tr,django__django-13012,2,False,Submitted,True,resolved
di__b21k__otrc-tr,django__django-13012,1,False,Submitted,True,resolved
di__b21k__otrc-tr,scikit-learn__scikit-learn-13142,3,False,Submitted,True,resolved
di__b21k__otrc-tr,scikit-learn__scikit-learn-13142,2,False,Submitted,False,submitted_unresolved
di__b21k__otrc-tr,scikit-learn__scikit-learn-13142,1,False,Submitted,True,resolved
di__b21k__otrc-tr,scikit-learn__scikit-learn-12973,3,False,Submitted,False,submitted_unresolved
di__b21k__otrc-tr,scikit-learn__scikit-learn-12973,2,False,Submitted,False,submitted_unresolved
di__b21k__otrc-tr,scikit-learn__scikit-learn-12973,1,False,Submitted,False,submitted_unresolved
di__b21k__otrc-tr,django__django-13810,3,False,,,silent_crash
di__b21k__otrc-tr,django__django-13810,2,False,Submitted,True,resolved
di__b21k__otrc-tr,django__django-13810,1,False,Submitted,False,submitted_unresolved
di__b21k__otrc-tr,sympy__sympy-14531,3,False,LimitsExceeded,,limits_exceeded
di__b21k__otrc-tr,sympy__sympy-14531,2,False,LimitsExceeded,,limits_exceeded
di__b21k__otrc-tr,sympy__sympy-14531,1,False,LimitsExceeded,,limits_exceeded
di__b21k__otrc-tr,sympy__sympy-19637,3,False,Submitted,True,resolved
di__b21k__otrc-tr,sympy__sympy-19637,2,False,Submitted,True,resolved
di__b21k__otrc-tr,sympy__sympy-19637,1,False,Submitted,True,resolved
di__b21k__otrc-tr,scikit-learn__scikit-learn-15100,3,True,LimitsExceeded,,limits_exceeded
di__b21k__otrc-tr,scikit-learn__scikit-learn-15100,2,True,LimitsExceeded,,limits_exceeded
di__b21k__otrc-tr,scikit-learn__scikit-learn-15100,1,False,Submitted,True,resolved
di__b21k__otrc-tr,sympy__sympy-18189,3,False,LimitsExceeded,,limits_exceeded
di__b21k__otrc-tr,sympy__sympy-18189,2,False,LimitsExceeded,,limits_exceeded
di__b21k__otrc-tr,sympy__sympy-18189,1,False,Submitted,True,resolved
di__b21k__otrc-tr,sympy__sympy-12419,3,True,LimitsExceeded,,limits_exceeded
di__b21k__otrc-tr,sympy__sympy-12419,2,True,LimitsExceeded,,limits_exceeded
di__b21k__otrc-tr,sympy__sympy-12419,1,True,LimitsExceeded,,limits_exceeded
di__b21k__otrc-tr,scikit-learn__scikit-learn-14894,3,True,,,silent_crash
di__b21k__otrc-tr,scikit-learn__scikit-learn-14894,2,False,Submitted,True,resolved
di__b21k__otrc-tr,scikit-learn__scikit-learn-14894,1,True,LimitsExceeded,,limits_exceeded
di__b21k__otrc-tr,scikit-learn__scikit-learn-11578,3,False,Submitted,False,submitted_unresolved
di__b21k__otrc-tr,scikit-learn__scikit-learn-11578,2,False,Submitted,True,resolved
di__b21k__otrc-tr,scikit-learn__scikit-learn-11578,1,False,Submitted,True,resolved
di__b21k__otrc-tr,sympy__sympy-13372,3,True,LimitsExceeded,,limits_exceeded
di__b21k__otrc-tr,sympy__sympy-13372,2,False,LimitsExceeded,,limits_exceeded
di__b21k__otrc-tr,sympy__sympy-13372,1,False,Submitted,True,resolved
di__b21k__otrc-tr,django__django-17084,3,False,LimitsExceeded,,limits_exceeded
di__b21k__otrc-tr,django__django-17084,2,False,LimitsExceeded,,limits_exceeded
di__b21k__otrc-tr,django__django-17084,1,False,LimitsExceeded,,limits_exceeded
di__b21k__otrc-tr,sympy__sympy-13091,3,True,LimitsExceeded,,limits_exceeded
di__b21k__otrc-tr,sympy__sympy-13091,2,False,LimitsExceeded,,limits_exceeded
di__b21k__otrc-tr,sympy__sympy-13091,1,False,Submitted,False,submitted_unresolved
di__b21k__otrc-tr,django__django-11087,3,False,,,silent_crash
di__b21k__otrc-tr,django__django-11087,2,False,Submitted,False,submitted_unresolved
di__b21k__otrc-tr,django__django-11087,1,False,Submitted,False,submitted_unresolved
di__b21k__otrc-tr,django__django-12143,3,False,Submitted,True,resolved
di__b21k__otrc-tr,django__django-12143,2,False,Submitted,True,resolved
di__b21k__otrc-tr,django__django-12143,1,False,Submitted,True,resolved
di__b21k__otrc-tr,sympy__sympy-17630,3,False,Submitted,False,submitted_unresolved
di__b21k__otrc-tr,sympy__sympy-17630,2,False,Submitted,False,submitted_unresolved
di__b21k__otrc-tr,sympy__sympy-17630,1,True,LimitsExceeded,,limits_exceeded
di__b21k__otrc-tr,django__django-15629,3,False,Submitted,False,submitted_unresolved
di__b21k__otrc-tr,django__django-15629,2,False,Submitted,False,submitted_unresolved
di__b21k__otrc-tr,django__django-15629,1,False,Submitted,False,submitted_unresolved
di__b21k__otrc-tr,django__django-12325,3,True,LimitsExceeded,,limits_exceeded
di__b21k__otrc-tr,django__django-12325,2,False,LimitsExceeded,,limits_exceeded
di__b21k__otrc-tr,django__django-12325,1,False,Submitted,True,resolved
di__b21k__otrc-tr,django__django-13809,3,False,Submitted,False,submitted_unresolved
di__b21k__otrc-tr,django__django-13809,2,False,LimitsExceeded,,limits_exceeded
di__b21k__otrc-tr,django__django-13809,1,False,Submitted,True,resolved
di__b21k__otrc-tr,django__django-15368,3,True,LimitsExceeded,,limits_exceeded
di__b21k__otrc-tr,django__django-15368,2,False,Submitted,True,resolved
di__b21k__otrc-tr,django__django-15368,1,True,LimitsExceeded,,limits_exceeded
di__b21k__otrc-tr,sympy__sympy-17318,3,True,LimitsExceeded,,limits_exceeded
di__b21k__otrc-tr,sympy__sympy-17318,2,True,LimitsExceeded,,limits_exceeded
di__b21k__otrc-tr,sympy__sympy-17318,1,True,LimitsExceeded,,limits_exceeded
di__b21k__otrc-tr,sympy__sympy-18199,3,False,Submitted,False,submitted_unresolved
di__b21k__otrc-tr,sympy__sympy-18199,2,False,Submitted,False,submitted_unresolved
di__b21k__otrc-tr,sympy__sympy-18199,1,False,Submitted,False,submitted_unresolved
di__b21k__otrc-tr,sympy__sympy-12489,3,False,LimitsExceeded,,limits_exceeded
di__b21k__otrc-tr,sympy__sympy-12489,2,False,LimitsExceeded,,limits_exceeded
di__b21k__otrc-tr,sympy__sympy-12489,1,False,LimitsExceeded,,limits_exceeded
di__b21k__otrc-tr,sympy__sympy-22456,3,False,LimitsExceeded,,limits_exceeded
di__b21k__otrc-tr,sympy__sympy-22456,2,False,Submitted,False,submitted_unresolved
di__b21k__otrc-tr,sympy__sympy-22456,1,False,Submitted,True,resolved
di__b21k__otrc-tr,sympy__sympy-15875,3,False,Submitted,False,submitted_unresolved
di__b21k__otrc-tr,sympy__sympy-15875,2,False,Submitted,True,resolved
di__b21k__otrc-tr,sympy__sympy-15875,1,False,Submitted,False,submitted_unresolved
di__b21k__otrc-tr,scikit-learn__scikit-learn-25931,3,False,,,silent_crash
di__b21k__otrc-tr,scikit-learn__scikit-learn-25931,2,False,Submitted,True,resolved
di__b21k__otrc-tr,scikit-learn__scikit-learn-25931,1,False,Submitted,True,resolved
di__b21k__otrc-tr,django__django-15957,3,False,Submitted,False,submitted_unresolved
di__b21k__otrc-tr,django__django-15957,2,False,Submitted,False,submitted_unresolved
di__b21k__otrc-tr,django__django-15957,1,False,LimitsExceeded,,limits_exceeded
di__b21k__otrc-tr,django__django-14351,3,True,LimitsExceeded,,limits_exceeded
di__b21k__otrc-tr,django__django-14351,2,False,LimitsExceeded,,limits_exceeded
di__b21k__otrc-tr,django__django-14351,1,True,LimitsExceeded,,limits_exceeded
di__b21k__otrc-tr,django__django-11299,3,True,LimitsExceeded,,limits_exceeded
di__b21k__otrc-tr,django__django-11299,2,True,LimitsExceeded,,limits_exceeded
di__b21k__otrc-tr,django__django-11299,1,False,LimitsExceeded,,limits_exceeded
di__b21k__otrc-tr,scikit-learn__scikit-learn-13328,3,False,Submitted,True,resolved
di__b21k__otrc-tr,scikit-learn__scikit-learn-13328,2,False,LimitsExceeded,,limits_exceeded
di__b21k__otrc-tr,scikit-learn__scikit-learn-13328,1,False,Submitted,True,resolved
di__b21k__otrc-tr,scikit-learn__scikit-learn-10844,3,True,LimitsExceeded,,limits_exceeded
di__b21k__otrc-tr,scikit-learn__scikit-learn-10844,2,False,Submitted,True,resolved
di__b21k__otrc-tr,scikit-learn__scikit-learn-10844,1,False,Submitted,True,resolved
di__b21k__otrc-tr,django__django-15098,3,True,LimitsExceeded,,limits_exceeded
di__b21k__otrc-tr,django__django-15098,2,False,LimitsExceeded,,limits_exceeded
di__b21k__otrc-tr,django__django-15098,1,False,Submitted,False,submitted_unresolved
di__b21k__otrc-tr,django__django-11477,3,False,Submitted,False,submitted_unresolved
di__b21k__otrc-tr,django__django-11477,2,False,Submitted,False,submitted_unresolved
di__b21k__otrc-tr,django__django-11477,1,False,Submitted,False,submitted_unresolved
di__b21k__otrc-tr,sympy__sympy-16450,3,False,Submitted,True,resolved
di__b21k__otrc-tr,sympy__sympy-16450,2,False,Submitted,True,resolved
di__b21k__otrc-tr,sympy__sympy-16450,1,False,Submitted,True,resolved
di__b21k__otrc-tr,scikit-learn__scikit-learn-14053,3,False,Submitted,True,resolved
di__b21k__otrc-tr,scikit-learn__scikit-learn-14053,2,True,LimitsExceeded,,limits_exceeded
di__b21k__otrc-tr,scikit-learn__scikit-learn-14053,1,False,Submitted,True,resolved
di__b21k__otrc-tr,scikit-learn__scikit-learn-13779,3,False,Submitted,True,resolved
di__b21k__otrc-tr,scikit-learn__scikit-learn-13779,2,False,Submitted,True,resolved
di__b21k__otrc-tr,scikit-learn__scikit-learn-13779,1,False,Submitted,True,resolved
di__b21k__otrc-tr,sympy__sympy-15345,3,False,Submitted,True,resolved
di__b21k__otrc-tr,sympy__sympy-15345,2,False,Submitted,True,resolved
di__b21k__otrc-tr,sympy__sympy-15345,1,False,LimitsExceeded,,limits_exceeded
di__b21k__otrc-tr,django__django-14580,3,False,Submitted,True,resolved
di__b21k__otrc-tr,django__django-14580,2,False,Submitted,True,resolved
di__b21k__otrc-tr,django__django-14580,1,False,Submitted,True,resolved
di__b21k__otrc-tr,django__django-12304,3,True,LimitsExceeded,,limits_exceeded
di__b21k__otrc-tr,django__django-12304,2,False,Submitted,True,resolved
di__b21k__otrc-tr,django__django-12304,1,True,LimitsExceeded,,limits_exceeded
di__b21k__otrc-tr,django__django-14915,3,False,Submitted,True,resolved
di__b21k__otrc-tr,django__django-14915,2,False,Submitted,True,resolved
di__b21k__otrc-tr,django__django-14915,1,False,Submitted,True,resolved
di__b21k__otrc-tr,scikit-learn__scikit-learn-25232,3,False,LimitsExceeded,,limits_exceeded
di__b21k__otrc-tr,scikit-learn__scikit-learn-25232,2,False,Submitted,False,submitted_unresolved
di__b21k__otrc-tr,scikit-learn__scikit-learn-25232,1,False,Submitted,False,submitted_unresolved
di__b21k__otrc-tr,sympy__sympy-13878,3,True,LimitsExceeded,,limits_exceeded
di__b21k__otrc-tr,sympy__sympy-13878,2,True,LimitsExceeded,,limits_exceeded
di__b21k__otrc-tr,sympy__sympy-13878,1,True,LimitsExceeded,,limits_exceeded
di__b21k__otrc-tr,sympy__sympy-15349,3,False,Submitted,True,resolved
di__b21k__otrc-tr,sympy__sympy-15349,2,False,Submitted,True,resolved
di__b21k__otrc-tr,sympy__sympy-15349,1,False,Submitted,True,resolved
di__b21k__otrc-tr,django__django-15278,3,False,Submitted,True,resolved
di__b21k__otrc-tr,django__django-15278,2,False,LimitsExceeded,,limits_exceeded
di__b21k__otrc-tr,django__django-15278,1,False,Submitted,True,resolved
di__b21k__otrc-tr,django__django-11066,3,False,Submitted,True,resolved
di__b21k__otrc-tr,django__django-11066,2,False,Submitted,True,resolved
di__b21k__otrc-tr,django__django-11066,1,False,Submitted,True,resolved
di__b21k__otrc-tr,sympy__sympy-14248,3,False,LimitsExceeded,,limits_exceeded
di__b21k__otrc-tr,sympy__sympy-14248,2,False,LimitsExceeded,,limits_exceeded
di__b21k__otrc-tr,sympy__sympy-14248,1,False,LimitsExceeded,,limits_exceeded
di__b21k__otrc-tr,scikit-learn__scikit-learn-13135,3,True,LimitsExceeded,,limits_exceeded
di__b21k__otrc-tr,scikit-learn__scikit-learn-13135,2,False,Submitted,True,resolved
di__b21k__otrc-tr,scikit-learn__scikit-learn-13135,1,False,Submitted,True,resolved
di__b21k__otrc-tr,django__django-16667,3,False,Submitted,False,submitted_unresolved
di__b21k__otrc-tr,django__django-16667,2,False,Submitted,False,submitted_unresolved
di__b21k__otrc-tr,django__django-16667,1,False,Submitted,False,submitted_unresolved
di__b21k__otrc-tr,scikit-learn__scikit-learn-13124,3,False,Submitted,False,submitted_unresolved
di__b21k__otrc-tr,scikit-learn__scikit-learn-13124,2,True,LimitsExceeded,,limits_exceeded
di__b21k__otrc-tr,scikit-learn__scikit-learn-13124,1,False,Submitted,False,submitted_unresolved
di__b21k__otrc-tr,django__django-17087,3,False,Submitted,True,resolved
di__b21k__otrc-tr,django__django-17087,2,True,LimitsExceeded,,limits_exceeded
di__b21k__otrc-tr,django__django-17087,1,True,,,silent_crash
di__b21k__otrc-tr,sympy__sympy-14711,3,False,Submitted,True,resolved
di__b21k__otrc-tr,sympy__sympy-14711,2,False,Submitted,True,resolved
di__b21k__otrc-tr,sympy__sympy-14711,1,False,Submitted,True,resolved
di__b21k__otrc-tr,sympy__sympy-19954,3,False,Submitted,True,resolved
di__b21k__otrc-tr,sympy__sympy-19954,2,False,Submitted,True,resolved
di__b21k__otrc-tr,sympy__sympy-19954,1,False,Submitted,True,resolved
di__b21k__otrc-tr,scikit-learn__scikit-learn-12682,3,False,Submitted,True,resolved
di__b21k__otrc-tr,scikit-learn__scikit-learn-12682,2,False,LimitsExceeded,,limits_exceeded
di__b21k__otrc-tr,scikit-learn__scikit-learn-12682,1,False,Submitted,False,submitted_unresolved
di__b21k__otrc-tr,sympy__sympy-13798,3,False,LimitsExceeded,,limits_exceeded
di__b21k__otrc-tr,sympy__sympy-13798,2,False,Submitted,,silent_crash
di__b21k__otrc-tr,sympy__sympy-13798,1,False,Submitted,False,submitted_unresolved
di__b21k__otrc-tr,django__django-11734,3,False,LimitsExceeded,,limits_exceeded
di__b21k__otrc-tr,django__django-11734,2,False,LimitsExceeded,,limits_exceeded
di__b21k__otrc-tr,django__django-11734,1,False,LimitsExceeded,,limits_exceeded
di__b21k__otrc-tr,scikit-learn__scikit-learn-14983,3,False,Submitted,False,submitted_unresolved
di__b21k__otrc-tr,scikit-learn__scikit-learn-14983,2,False,Submitted,False,submitted_unresolved
di__b21k__otrc-tr,scikit-learn__scikit-learn-14983,1,False,Submitted,False,submitted_unresolved
di__b21k__otrc-tr,scikit-learn__scikit-learn-14141,3,False,Submitted,True,resolved
di__b21k__otrc-tr,scikit-learn__scikit-learn-14141,2,False,Submitted,True,resolved
di__b21k__otrc-tr,scikit-learn__scikit-learn-14141,1,False,Submitted,True,resolved
di__b21k__otrc-tr,scikit-learn__scikit-learn-12585,3,True,LimitsExceeded,,limits_exceeded
di__b21k__otrc-tr,scikit-learn__scikit-learn-12585,2,False,Submitted,True,resolved
di__b21k__otrc-tr,scikit-learn__scikit-learn-12585,1,True,LimitsExceeded,,limits_exceeded
di__b21k__otrc-tr,scikit-learn__scikit-learn-25102,3,True,LimitsExceeded,,limits_exceeded
di__b21k__otrc-tr,scikit-learn__scikit-learn-25102,2,False,Submitted,False,submitted_unresolved
di__b21k__otrc-tr,scikit-learn__scikit-learn-25102,1,True,LimitsExceeded,,limits_exceeded
di__b21k__otrc-tr,sympy__sympy-24213,3,False,Submitted,True,resolved
di__b21k__otrc-tr,sympy__sympy-24213,2,False,Submitted,True,resolved
di__b21k__otrc-tr,sympy__sympy-24213,1,False,Submitted,True,resolved
di__b21k__otrc-tr,sympy__sympy-15017,3,False,Submitted,False,submitted_unresolved
di__b21k__otrc-tr,sympy__sympy-15017,2,False,Submitted,False,submitted_unresolved
di__b21k__otrc-tr,sympy__sympy-15017,1,False,Submitted,False,submitted_unresolved
di__b21k__otrc-tr,scikit-learn__scikit-learn-10297,3,False,Submitted,True,resolved
di__b21k__otrc-tr,scikit-learn__scikit-learn-10297,2,False,Submitted,True,resolved
di__b21k__otrc-tr,scikit-learn__scikit-learn-10297,1,False,Submitted,True,resolved
di__b21k__otrc-tr,scikit-learn__scikit-learn-14496,3,True,LimitsExceeded,,limits_exceeded
di__b21k__otrc-tr,scikit-learn__scikit-learn-14496,2,False,Submitted,True,resolved
di__b21k__otrc-tr,scikit-learn__scikit-learn-14496,1,False,Submitted,True,resolved
di__b21k__otrc-tr,scikit-learn__scikit-learn-26194,3,False,Submitted,False,submitted_unresolved
di__b21k__otrc-tr,scikit-learn__scikit-learn-26194,2,False,Submitted,False,submitted_unresolved
di__b21k__otrc-tr,scikit-learn__scikit-learn-26194,1,True,LimitsExceeded,,limits_exceeded
di__b21k__otrc-tr,scikit-learn__scikit-learn-25973,3,False,Submitted,False,submitted_unresolved
di__b21k__otrc-tr,scikit-learn__scikit-learn-25973,2,False,LimitsExceeded,,limits_exceeded
di__b21k__otrc-tr,scikit-learn__scikit-learn-25973,1,False,Submitted,True,resolved
di__b21k__otrc-tr,django__django-15930,3,False,Submitted,True,resolved
di__b21k__otrc-tr,django__django-15930,2,False,Submitted,True,resolved
di__b21k__otrc-tr,django__django-15930,1,False,Submitted,True,resolved
di__b21k__otrc-tr,django__django-13964,3,False,Submitted,False,submitted_unresolved
di__b21k__otrc-tr,django__django-13964,2,False,Submitted,False,submitted_unresolved
di__b21k__otrc-tr,django__django-13964,1,True,LimitsExceeded,,limits_exceeded
di__b21k__otrc-tr,django__django-12663,3,False,Submitted,False,submitted_unresolved
di__b21k__otrc-tr,django__django-12663,2,False,LimitsExceeded,,limits_exceeded
di__b21k__otrc-tr,django__django-12663,1,False,Submitted,False,submitted_unresolved
di__b21k__otrc-tr,django__django-14725,3,False,LimitsExceeded,,limits_exceeded
di__b21k__otrc-tr,django__django-14725,2,False,Submitted,False,submitted_unresolved
di__b21k__otrc-tr,django__django-14725,1,False,LimitsExceeded,,limits_exceeded
di__b21k__otrc-tr,sympy__sympy-20438,3,False,Submitted,False,submitted_unresolved
di__b21k__otrc-tr,sympy__sympy-20438,2,True,LimitsExceeded,,limits_exceeded
di__b21k__otrc-tr,sympy__sympy-20438,1,False,LimitsExceeded,,limits_exceeded
di__b21k__otrc-tr,sympy__sympy-13757,3,False,LimitsExceeded,,limits_exceeded
di__b21k__otrc-tr,sympy__sympy-13757,2,True,LimitsExceeded,,limits_exceeded
di__b21k__otrc-tr,sympy__sympy-13757,1,False,LimitsExceeded,,limits_exceeded
di__b21k__otrc-tr,scikit-learn__scikit-learn-25747,3,False,Submitted,False,submitted_unresolved
di__b21k__otrc-tr,scikit-learn__scikit-learn-25747,2,False,LimitsExceeded,,limits_exceeded
di__b21k__otrc-tr,scikit-learn__scikit-learn-25747,1,False,LimitsExceeded,,limits_exceeded
di__b21k__otrc-tr,scikit-learn__scikit-learn-14087,3,True,LimitsExceeded,,limits_exceeded
di__b21k__otrc-tr,scikit-learn__scikit-learn-14087,2,True,LimitsExceeded,,limits_exceeded
di__b21k__otrc-tr,scikit-learn__scikit-learn-14087,1,False,Submitted,False,submitted_unresolved
di__b21k__otrc-tr,sympy__sympy-13031,3,False,Submitted,False,submitted_unresolved
di__b21k__otrc-tr,sympy__sympy-13031,2,False,Submitted,False,submitted_unresolved
di__b21k__otrc-tr,sympy__sympy-13031,1,False,Submitted,False,submitted_unresolved
di__b21k__otrc-tr,django__django-15525,3,False,LimitsExceeded,,limits_exceeded
di__b21k__otrc-tr,django__django-15525,2,True,LimitsExceeded,,limits_exceeded
di__b21k__otrc-tr,django__django-15525,1,False,LimitsExceeded,,limits_exceeded
di__b21k__otrc-tr,django__django-11433,3,False,LimitsExceeded,,limits_exceeded
di__b21k__otrc-tr,django__django-11433,2,False,Submitted,False,submitted_unresolved
di__b21k__otrc-tr,django__django-11433,1,False,Submitted,False,submitted_unresolved
di__b21k__otrc-tr,django__django-11292,3,False,Submitted,False,submitted_unresolved
di__b21k__otrc-tr,django__django-11292,2,False,Submitted,True,resolved
di__b21k__otrc-tr,django__django-11292,1,False,Submitted,True,resolved
di__b21k__otrc-tr,scikit-learn__scikit-learn-14629,3,False,Submitted,False,submitted_unresolved
di__b21k__otrc-tr,scikit-learn__scikit-learn-14629,2,False,Submitted,False,submitted_unresolved
di__b21k__otrc-tr,scikit-learn__scikit-learn-14629,1,False,Submitted,False,submitted_unresolved
di__b21k__otrc-tr,scikit-learn__scikit-learn-13496,3,False,Submitted,True,resolved
di__b21k__otrc-tr,scikit-learn__scikit-learn-13496,2,False,Submitted,True,resolved
di__b21k__otrc-tr,scikit-learn__scikit-learn-13496,1,False,LimitsExceeded,,limits_exceeded
di__b21k__otrc-tr,django__django-12273,3,False,LimitsExceeded,,limits_exceeded
di__b21k__otrc-tr,django__django-12273,2,True,LimitsExceeded,,limits_exceeded
di__b21k__otrc-tr,django__django-12273,1,False,LimitsExceeded,,limits_exceeded
di__b21k__otrc-tr,sympy__sympy-24443,3,True,LimitsExceeded,,limits_exceeded
di__b21k__otrc-tr,sympy__sympy-24443,2,True,LimitsExceeded,,limits_exceeded
di__b21k__otrc-tr,sympy__sympy-24443,1,True,LimitsExceeded,,limits_exceeded
di__b21k__otrc-tr,scikit-learn__scikit-learn-13439,3,False,Submitted,True,resolved
di__b21k__otrc-tr,scikit-learn__scikit-learn-13439,2,False,Submitted,True,resolved
di__b21k__otrc-tr,scikit-learn__scikit-learn-13439,1,True,LimitsExceeded,,limits_exceeded
di__b21k__otrc-tr,django__django-11095,3,False,Submitted,True,resolved
di__b21k__otrc-tr,django__django-11095,2,True,LimitsExceeded,,limits_exceeded
di__b21k__otrc-tr,django__django-11095,1,False,Submitted,True,resolved
di__b21k__otrc-tr,sympy__sympy-11618,3,False,Submitted,True,resolved
di__b21k__otrc-tr,sympy__sympy-11618,2,False,Submitted,True,resolved
di__b21k__otrc-tr,sympy__sympy-11618,1,False,Submitted,True,resolved
di__b21k__otrc-tr,django__django-14999,3,False,Submitted,True,resolved
di__b21k__otrc-tr,django__django-14999,2,False,Submitted,True,resolved
di__b21k__otrc-tr,django__django-14999,1,False,Submitted,True,resolved
di__b21k__otrc-tr,scikit-learn__scikit-learn-11310,3,False,Submitted,True,resolved
di__b21k__otrc-tr,scikit-learn__scikit-learn-11310,2,False,Submitted,True,resolved
di__b21k__otrc-tr,scikit-learn__scikit-learn-11310,1,False,Submitted,True,resolved
di__b21k__otrc-tr,scikit-learn__scikit-learn-10908,3,True,LimitsExceeded,,limits_exceeded
di__b21k__otrc-tr,scikit-learn__scikit-learn-10908,2,True,LimitsExceeded,,limits_exceeded
di__b21k__otrc-tr,scikit-learn__scikit-learn-10908,1,False,LimitsExceeded,,limits_exceeded
di__b21k__otrc-tr,scikit-learn__scikit-learn-9288,3,False,Submitted,True,resolved
di__b21k__otrc-tr,scikit-learn__scikit-learn-9288,2,False,Submitted,False,submitted_unresolved
di__b21k__otrc-tr,scikit-learn__scikit-learn-9288,1,False,Submitted,True,resolved
di__b21k__otrc-tr,scikit-learn__scikit-learn-26323,3,True,LimitsExceeded,,limits_exceeded
di__b21k__otrc-tr,scikit-learn__scikit-learn-26323,2,True,LimitsExceeded,,limits_exceeded
di__b21k__otrc-tr,scikit-learn__scikit-learn-26323,1,False,Submitted,True,resolved
di__b21k__otrc-tr,sympy__sympy-13647,3,False,Submitted,True,resolved
di__b21k__otrc-tr,sympy__sympy-13647,2,False,Submitted,True,resolved
di__b21k__otrc-tr,sympy__sympy-13647,1,True,LimitsExceeded,,limits_exceeded
di__b21k__otrc-tr,sympy__sympy-20916,3,False,LimitsExceeded,,limits_exceeded
di__b21k__otrc-tr,sympy__sympy-20916,2,False,Submitted,False,submitted_unresolved
di__b21k__otrc-tr,sympy__sympy-20916,1,False,LimitsExceeded,,limits_exceeded
di__binf__otrc,sympy__sympy-17139,3,False,Submitted,True,resolved
di__binf__otrc,sympy__sympy-17139,2,False,Submitted,True,resolved
di__binf__otrc,sympy__sympy-17139,1,False,Submitted,True,resolved
di__binf__otrc,django__django-12276,3,True,LimitsExceeded,,limits_exceeded
di__binf__otrc,django__django-12276,2,False,Submitted,True,resolved
di__binf__otrc,django__django-12276,1,False,Submitted,True,resolved
di__binf__otrc,sympy__sympy-18211,3,False,LimitsExceeded,,limits_exceeded
di__binf__otrc,sympy__sympy-18211,2,False,Submitted,False,submitted_unresolved
di__binf__otrc,sympy__sympy-18211,1,False,,,silent_crash
di__binf__otrc,sympy__sympy-19040,3,False,LimitsExceeded,,limits_exceeded
di__binf__otrc,sympy__sympy-19040,2,False,LimitsExceeded,,limits_exceeded
di__binf__otrc,sympy__sympy-19040,1,False,LimitsExceeded,,limits_exceeded
di__binf__otrc,scikit-learn__scikit-learn-14710,3,False,Submitted,True,resolved
di__binf__otrc,scikit-learn__scikit-learn-14710,2,False,Submitted,False,submitted_unresolved
di__binf__otrc,scikit-learn__scikit-learn-14710,1,False,Submitted,True,resolved
di__binf__otrc,sympy__sympy-24066,3,True,LimitsExceeded,,limits_exceeded
di__binf__otrc,sympy__sympy-24066,2,False,Submitted,True,resolved
di__binf__otrc,sympy__sympy-24066,1,False,Submitted,True,resolved
di__binf__otrc,sympy__sympy-24661,3,False,Submitted,True,resolved
di__binf__otrc,sympy__sympy-24661,2,False,Submitted,True,resolved
di__binf__otrc,sympy__sympy-24661,1,False,Submitted,True,resolved
di__binf__otrc,django__django-15741,3,False,Submitted,True,resolved
di__binf__otrc,django__django-15741,2,False,LimitsExceeded,,limits_exceeded
di__binf__otrc,django__django-15741,1,True,LimitsExceeded,,limits_exceeded
di__binf__otrc,django__django-13012,3,False,LimitsExceeded,,limits_exceeded
di__binf__otrc,django__django-13012,2,False,Submitted,True,resolved
di__binf__otrc,django__django-13012,1,False,Submitted,False,submitted_unresolved
di__binf__otrc,scikit-learn__scikit-learn-13142,3,True,LimitsExceeded,,limits_exceeded
di__binf__otrc,scikit-learn__scikit-learn-13142,2,True,LimitsExceeded,,limits_exceeded
di__binf__otrc,scikit-learn__scikit-learn-13142,1,True,LimitsExceeded,,limits_exceeded
di__binf__otrc,scikit-learn__scikit-learn-12973,3,False,Submitted,False,submitted_unresolved
di__binf__otrc,scikit-learn__scikit-learn-12973,2,False,Submitted,False,submitted_unresolved
di__binf__otrc,scikit-learn__scikit-learn-12973,1,False,Submitted,True,resolved
di__binf__otrc,django__django-13810,3,False,Submitted,False,submitted_unresolved
di__binf__otrc,django__django-13810,2,False,Submitted,True,resolved
di__binf__otrc,django__django-13810,1,False,Submitted,True,resolved
di__binf__otrc,sympy__sympy-14531,3,False,Submitted,False,submitted_unresolved
di__binf__otrc,sympy__sympy-14531,2,False,Submitted,True,resolved
di__binf__otrc,sympy__sympy-14531,1,False,LimitsExceeded,,limits_exceeded
di__binf__otrc,sympy__sympy-19637,3,False,Submitted,True,resolved
di__binf__otrc,sympy__sympy-19637,2,False,Submitted,True,resolved
di__binf__otrc,sympy__sympy-19637,1,False,Submitted,True,resolved
di__binf__otrc,scikit-learn__scikit-learn-15100,3,False,Submitted,True,resolved
di__binf__otrc,scikit-learn__scikit-learn-15100,2,True,LimitsExceeded,,limits_exceeded
di__binf__otrc,scikit-learn__scikit-learn-15100,1,False,Submitted,True,resolved
di__binf__otrc,sympy__sympy-18189,3,False,Submitted,False,submitted_unresolved
di__binf__otrc,sympy__sympy-18189,2,False,Submitted,True,resolved
di__binf__otrc,sympy__sympy-18189,1,False,Submitted,True,resolved
di__binf__otrc,sympy__sympy-12419,3,False,LimitsExceeded,,limits_exceeded
di__binf__otrc,sympy__sympy-12419,2,False,LimitsExceeded,,limits_exceeded
di__binf__otrc,sympy__sympy-12419,1,False,LimitsExceeded,,limits_exceeded
di__binf__otrc,scikit-learn__scikit-learn-14894,3,False,Submitted,True,resolved
di__binf__otrc,scikit-learn__scikit-learn-14894,2,False,Submitted,True,resolved
di__binf__otrc,scikit-learn__scikit-learn-14894,1,False,Submitted,True,resolved
di__binf__otrc,scikit-learn__scikit-learn-11578,3,False,Submitted,True,resolved
di__binf__otrc,scikit-learn__scikit-learn-11578,2,False,Submitted,True,resolved
di__binf__otrc,scikit-learn__scikit-learn-11578,1,False,Submitted,True,resolved
di__binf__otrc,sympy__sympy-13372,3,False,Submitted,True,resolved
di__binf__otrc,sympy__sympy-13372,2,False,Submitted,True,resolved
di__binf__otrc,sympy__sympy-13372,1,True,LimitsExceeded,,limits_exceeded
di__binf__otrc,django__django-17084,3,False,LimitsExceeded,,limits_exceeded
di__binf__otrc,django__django-17084,2,False,LimitsExceeded,,limits_exceeded
di__binf__otrc,django__django-17084,1,False,LimitsExceeded,,limits_exceeded
di__binf__otrc,sympy__sympy-13091,3,False,LimitsExceeded,,limits_exceeded
di__binf__otrc,sympy__sympy-13091,2,False,Submitted,False,submitted_unresolved
di__binf__otrc,sympy__sympy-13091,1,False,LimitsExceeded,,limits_exceeded
di__binf__otrc,django__django-11087,3,False,LimitsExceeded,,limits_exceeded
di__binf__otrc,django__django-11087,2,False,Submitted,False,submitted_unresolved
di__binf__otrc,django__django-11087,1,True,LimitsExceeded,,limits_exceeded
di__binf__otrc,django__django-12143,3,False,Submitted,True,resolved
di__binf__otrc,django__django-12143,2,False,Submitted,True,resolved
di__binf__otrc,django__django-12143,1,False,Submitted,True,resolved
di__binf__otrc,sympy__sympy-17630,3,False,Submitted,False,submitted_unresolved
di__binf__otrc,sympy__sympy-17630,2,False,Submitted,False,submitted_unresolved
di__binf__otrc,sympy__sympy-17630,1,True,LimitsExceeded,,limits_exceeded
di__binf__otrc,django__django-15629,3,False,Submitted,False,submitted_unresolved
di__binf__otrc,django__django-15629,2,False,Submitted,False,submitted_unresolved
di__binf__otrc,django__django-15629,1,False,Submitted,False,submitted_unresolved
di__binf__otrc,django__django-12325,3,False,Submitted,False,submitted_unresolved
di__binf__otrc,django__django-12325,2,False,Submitted,False,submitted_unresolved
di__binf__otrc,django__django-12325,1,False,Submitted,False,submitted_unresolved
di__binf__otrc,django__django-13809,3,False,Submitted,True,resolved
di__binf__otrc,django__django-13809,2,False,LimitsExceeded,,limits_exceeded
di__binf__otrc,django__django-13809,1,False,Submitted,True,resolved
di__binf__otrc,django__django-15368,3,False,Submitted,True,resolved
di__binf__otrc,django__django-15368,2,False,Submitted,True,resolved
di__binf__otrc,django__django-15368,1,False,Submitted,True,resolved
di__binf__otrc,sympy__sympy-17318,3,True,LimitsExceeded,,limits_exceeded
di__binf__otrc,sympy__sympy-17318,2,False,Submitted,False,submitted_unresolved
di__binf__otrc,sympy__sympy-17318,1,False,Submitted,False,submitted_unresolved
di__binf__otrc,sympy__sympy-18199,3,False,Submitted,False,submitted_unresolved
di__binf__otrc,sympy__sympy-18199,2,False,Submitted,False,submitted_unresolved
di__binf__otrc,sympy__sympy-18199,1,False,Submitted,False,submitted_unresolved
di__binf__otrc,sympy__sympy-12489,3,False,LimitsExceeded,,limits_exceeded
di__binf__otrc,sympy__sympy-12489,2,False,LimitsExceeded,,limits_exceeded
di__binf__otrc,sympy__sympy-12489,1,False,LimitsExceeded,,limits_exceeded
di__binf__otrc,sympy__sympy-22456,3,False,LimitsExceeded,,limits_exceeded
di__binf__otrc,sympy__sympy-22456,2,False,Submitted,True,resolved
di__binf__otrc,sympy__sympy-22456,1,False,LimitsExceeded,,limits_exceeded
di__binf__otrc,sympy__sympy-15875,3,False,Submitted,True,resolved
di__binf__otrc,sympy__sympy-15875,2,False,Submitted,True,resolved
di__binf__otrc,sympy__sympy-15875,1,False,Submitted,True,resolved
di__binf__otrc,scikit-learn__scikit-learn-25931,3,False,Submitted,True,resolved
di__binf__otrc,scikit-learn__scikit-learn-25931,2,False,Submitted,False,submitted_unresolved
di__binf__otrc,scikit-learn__scikit-learn-25931,1,False,LimitsExceeded,,limits_exceeded
di__binf__otrc,django__django-15957,3,False,Submitted,False,submitted_unresolved
di__binf__otrc,django__django-15957,2,False,LimitsExceeded,,limits_exceeded
di__binf__otrc,django__django-15957,1,False,LimitsExceeded,,limits_exceeded
di__binf__otrc,django__django-14351,3,False,LimitsExceeded,,limits_exceeded
di__binf__otrc,django__django-14351,2,False,LimitsExceeded,,limits_exceeded
di__binf__otrc,django__django-14351,1,False,LimitsExceeded,,limits_exceeded
di__binf__otrc,django__django-11299,3,True,LimitsExceeded,,limits_exceeded
di__binf__otrc,django__django-11299,2,True,LimitsExceeded,,limits_exceeded
di__binf__otrc,django__django-11299,1,True,LimitsExceeded,,limits_exceeded
di__binf__otrc,scikit-learn__scikit-learn-13328,3,False,Submitted,True,resolved
di__binf__otrc,scikit-learn__scikit-learn-13328,2,False,Submitted,True,resolved
di__binf__otrc,scikit-learn__scikit-learn-13328,1,True,LimitsExceeded,,limits_exceeded
di__binf__otrc,scikit-learn__scikit-learn-10844,3,False,Submitted,True,resolved
di__binf__otrc,scikit-learn__scikit-learn-10844,2,False,Submitted,True,resolved
di__binf__otrc,scikit-learn__scikit-learn-10844,1,False,Submitted,True,resolved
di__binf__otrc,django__django-15098,3,True,LimitsExceeded,,limits_exceeded
di__binf__otrc,django__django-15098,2,False,Submitted,False,submitted_unresolved
di__binf__otrc,django__django-15098,1,False,Submitted,False,submitted_unresolved
di__binf__otrc,django__django-11477,3,False,Submitted,False,submitted_unresolved
di__binf__otrc,django__django-11477,2,False,LimitsExceeded,,limits_exceeded
di__binf__otrc,django__django-11477,1,False,LimitsExceeded,,limits_exceeded
di__binf__otrc,sympy__sympy-16450,3,False,Submitted,True,resolved
di__binf__otrc,sympy__sympy-16450,2,False,,,silent_crash
di__binf__otrc,sympy__sympy-16450,1,False,Submitted,True,resolved
di__binf__otrc,scikit-learn__scikit-learn-14053,3,True,LimitsExceeded,,limits_exceeded
di__binf__otrc,scikit-learn__scikit-learn-14053,2,True,LimitsExceeded,,limits_exceeded
di__binf__otrc,scikit-learn__scikit-learn-14053,1,True,LimitsExceeded,,limits_exceeded
di__binf__otrc,scikit-learn__scikit-learn-13779,3,False,Submitted,True,resolved
di__binf__otrc,scikit-learn__scikit-learn-13779,2,False,Submitted,True,resolved
di__binf__otrc,scikit-learn__scikit-learn-13779,1,False,Submitted,True,resolved
di__binf__otrc,sympy__sympy-15345,3,False,Submitted,True,resolved
di__binf__otrc,sympy__sympy-15345,2,False,LimitsExceeded,,limits_exceeded
di__binf__otrc,sympy__sympy-15345,1,False,LimitsExceeded,,limits_exceeded
di__binf__otrc,django__django-14580,3,False,Submitted,True,resolved
di__binf__otrc,django__django-14580,2,True,LimitsExceeded,,limits_exceeded
di__binf__otrc,django__django-14580,1,True,LimitsExceeded,,limits_exceeded
di__binf__otrc,django__django-12304,3,False,Submitted,True,resolved
di__binf__otrc,django__django-12304,2,False,Submitted,True,resolved
di__binf__otrc,django__django-12304,1,False,Submitted,True,resolved
di__binf__otrc,django__django-14915,3,False,Submitted,True,resolved
di__binf__otrc,django__django-14915,2,True,LimitsExceeded,,limits_exceeded
di__binf__otrc,django__django-14915,1,True,LimitsExceeded,,limits_exceeded
di__binf__otrc,scikit-learn__scikit-learn-25232,3,False,Submitted,True,resolved
di__binf__otrc,scikit-learn__scikit-learn-25232,2,False,Submitted,False,submitted_unresolved
di__binf__otrc,scikit-learn__scikit-learn-25232,1,False,Submitted,False,submitted_unresolved
di__binf__otrc,sympy__sympy-13878,3,False,LimitsExceeded,,limits_exceeded
di__binf__otrc,sympy__sympy-13878,2,False,LimitsExceeded,,limits_exceeded
di__binf__otrc,sympy__sympy-13878,1,False,LimitsExceeded,,limits_exceeded
di__binf__otrc,sympy__sympy-15349,3,False,Submitted,True,resolved
di__binf__otrc,sympy__sympy-15349,2,False,Submitted,True,resolved
di__binf__otrc,sympy__sympy-15349,1,False,Submitted,True,resolved
di__binf__otrc,django__django-15278,3,False,Submitted,True,resolved
di__binf__otrc,django__django-15278,2,False,Submitted,True,resolved
di__binf__otrc,django__django-15278,1,False,Submitted,True,resolved
di__binf__otrc,django__django-11066,3,True,LimitsExceeded,,limits_exceeded
di__binf__otrc,django__django-11066,2,True,LimitsExceeded,,limits_exceeded
di__binf__otrc,django__django-11066,1,False,Submitted,True,resolved
di__binf__otrc,sympy__sympy-14248,3,False,LimitsExceeded,,limits_exceeded
di__binf__otrc,sympy__sympy-14248,2,False,LimitsExceeded,,limits_exceeded
di__binf__otrc,sympy__sympy-14248,1,False,LimitsExceeded,,limits_exceeded
di__binf__otrc,scikit-learn__scikit-learn-13135,3,False,Submitted,False,submitted_unresolved
di__binf__otrc,scikit-learn__scikit-learn-13135,2,False,Submitted,True,resolved
di__binf__otrc,scikit-learn__scikit-learn-13135,1,False,Submitted,True,resolved
di__binf__otrc,django__django-16667,3,False,Submitted,False,submitted_unresolved
di__binf__otrc,django__django-16667,2,True,LimitsExceeded,,limits_exceeded
di__binf__otrc,django__django-16667,1,False,Submitted,False,submitted_unresolved
di__binf__otrc,scikit-learn__scikit-learn-13124,3,False,Submitted,False,submitted_unresolved
di__binf__otrc,scikit-learn__scikit-learn-13124,2,True,LimitsExceeded,,limits_exceeded
di__binf__otrc,scikit-learn__scikit-learn-13124,1,False,Submitted,False,submitted_unresolved
di__binf__otrc,django__django-17087,3,True,LimitsExceeded,,limits_exceeded
di__binf__otrc,django__django-17087,2,False,LimitsExceeded,,limits_exceeded
di__binf__otrc,django__django-17087,1,True,LimitsExceeded,,limits_exceeded
di__binf__otrc,sympy__sympy-14711,3,False,LimitsExceeded,,limits_exceeded
di__binf__otrc,sympy__sympy-14711,2,True,LimitsExceeded,,limits_exceeded
di__binf__otrc,sympy__sympy-14711,1,False,Submitted,True,resolved
di__binf__otrc,sympy__sympy-19954,3,True,LimitsExceeded,,limits_exceeded
di__binf__otrc,sympy__sympy-19954,2,False,Submitted,True,resolved
di__binf__otrc,sympy__sympy-19954,1,False,Submitted,True,resolved
di__binf__otrc,scikit-learn__scikit-learn-12682,3,False,Submitted,False,submitted_unresolved
di__binf__otrc,scikit-learn__scikit-learn-12682,2,False,Submitted,False,submitted_unresolved
di__binf__otrc,scikit-learn__scikit-learn-12682,1,False,LimitsExceeded,,limits_exceeded
di__binf__otrc,sympy__sympy-13798,3,False,Submitted,False,submitted_unresolved
di__binf__otrc,sympy__sympy-13798,2,False,Submitted,False,submitted_unresolved
di__binf__otrc,sympy__sympy-13798,1,False,LimitsExceeded,,limits_exceeded
di__binf__otrc,django__django-11734,3,False,LimitsExceeded,,limits_exceeded
di__binf__otrc,django__django-11734,2,False,LimitsExceeded,,limits_exceeded
di__binf__otrc,django__django-11734,1,False,LimitsExceeded,,limits_exceeded
di__binf__otrc,scikit-learn__scikit-learn-14983,3,False,Submitted,False,submitted_unresolved
di__binf__otrc,scikit-learn__scikit-learn-14983,2,False,Submitted,False,submitted_unresolved
di__binf__otrc,scikit-learn__scikit-learn-14983,1,False,LimitsExceeded,,limits_exceeded
di__binf__otrc,scikit-learn__scikit-learn-14141,3,False,Submitted,True,resolved
di__binf__otrc,scikit-learn__scikit-learn-14141,2,False,Submitted,True,resolved
di__binf__otrc,scikit-learn__scikit-learn-14141,1,False,Submitted,True,resolved
di__binf__otrc,scikit-learn__scikit-learn-12585,3,False,Submitted,True,resolved
di__binf__otrc,scikit-learn__scikit-learn-12585,2,True,LimitsExceeded,,limits_exceeded
di__binf__otrc,scikit-learn__scikit-learn-12585,1,False,Submitted,False,submitted_unresolved
di__binf__otrc,scikit-learn__scikit-learn-25102,3,False,Submitted,True,resolved
di__binf__otrc,scikit-learn__scikit-learn-25102,2,False,Submitted,False,submitted_unresolved
di__binf__otrc,scikit-learn__scikit-learn-25102,1,False,Submitted,False,submitted_unresolved
di__binf__otrc,sympy__sympy-24213,3,False,Submitted,True,resolved
di__binf__otrc,sympy__sympy-24213,2,False,Submitted,True,resolved
di__binf__otrc,sympy__sympy-24213,1,False,Submitted,True,resolved
di__binf__otrc,sympy__sympy-15017,3,False,Submitted,False,submitted_unresolved
di__binf__otrc,sympy__sympy-15017,2,False,Submitted,False,submitted_unresolved
di__binf__otrc,sympy__sympy-15017,1,False,Submitted,True,resolved
di__binf__otrc,scikit-learn__scikit-learn-10297,3,True,LimitsExceeded,,limits_exceeded
di__binf__otrc,scikit-learn__scikit-learn-10297,2,False,Submitted,True,resolved
di__binf__otrc,scikit-learn__scikit-learn-10297,1,False,Submitted,True,resolved
di__binf__otrc,scikit-learn__scikit-learn-14496,3,False,Submitted,True,resolved
di__binf__otrc,scikit-learn__scikit-learn-14496,2,False,Submitted,True,resolved
di__binf__otrc,scikit-learn__scikit-learn-14496,1,True,LimitsExceeded,,limits_exceeded
di__binf__otrc,scikit-learn__scikit-learn-26194,3,False,Submitted,False,submitted_unresolved
di__binf__otrc,scikit-learn__scikit-learn-26194,2,True,LimitsExceeded,,limits_exceeded
di__binf__otrc,scikit-learn__scikit-learn-26194,1,False,Submitted,False,submitted_unresolved
di__binf__otrc,scikit-learn__scikit-learn-25973,3,True,LimitsExceeded,,limits_exceeded
di__binf__otrc,scikit-learn__scikit-learn-25973,2,False,Submitted,True,resolved
di__binf__otrc,scikit-learn__scikit-learn-25973,1,True,LimitsExceeded,,limits_exceeded
di__binf__otrc,django__django-15930,3,False,Submitted,True,resolved
di__binf__otrc,django__django-15930,2,False,LimitsExceeded,,limits_exceeded
di__binf__otrc,django__django-15930,1,False,Submitted,True,resolved
di__binf__otrc,django__django-13964,3,False,Submitted,False,submitted_unresolved
di__binf__otrc,django__django-13964,2,True,LimitsExceeded,,limits_exceeded
di__binf__otrc,django__django-13964,1,False,Submitted,False,submitted_unresolved
di__binf__otrc,django__django-12663,3,True,LimitsExceeded,,limits_exceeded
di__binf__otrc,django__django-12663,2,False,LimitsExceeded,,limits_exceeded
di__binf__otrc,django__django-12663,1,False,LimitsExceeded,,limits_exceeded
di__binf__otrc,django__django-14725,3,False,LimitsExceeded,,limits_exceeded
di__binf__otrc,django__django-14725,2,False,LimitsExceeded,,limits_exceeded
di__binf__otrc,django__django-14725,1,False,Submitted,False,submitted_unresolved
di__binf__otrc,sympy__sympy-20438,3,False,LimitsExceeded,,limits_exceeded
di__binf__otrc,sympy__sympy-20438,2,True,LimitsExceeded,,limits_exceeded
di__binf__otrc,sympy__sympy-20438,1,False,LimitsExceeded,,limits_exceeded
di__binf__otrc,sympy__sympy-13757,3,False,Submitted,False,submitted_unresolved
di__binf__otrc,sympy__sympy-13757,2,False,LimitsExceeded,,limits_exceeded
di__binf__otrc,sympy__sympy-13757,1,False,Submitted,True,resolved
di__binf__otrc,scikit-learn__scikit-learn-25747,3,False,Submitted,False,submitted_unresolved
di__binf__otrc,scikit-learn__scikit-learn-25747,2,False,Submitted,False,submitted_unresolved
di__binf__otrc,scikit-learn__scikit-learn-25747,1,False,Submitted,False,submitted_unresolved
di__binf__otrc,scikit-learn__scikit-learn-14087,3,False,Submitted,False,submitted_unresolved
di__binf__otrc,scikit-learn__scikit-learn-14087,2,True,LimitsExceeded,,limits_exceeded
di__binf__otrc,scikit-learn__scikit-learn-14087,1,False,Submitted,False,submitted_unresolved
di__binf__otrc,sympy__sympy-13031,3,False,Submitted,False,submitted_unresolved
di__binf__otrc,sympy__sympy-13031,2,False,LimitsExceeded,,limits_exceeded
di__binf__otrc,sympy__sympy-13031,1,False,Submitted,,silent_crash
di__binf__otrc,django__django-15525,3,False,LimitsExceeded,,limits_exceeded
di__binf__otrc,django__django-15525,2,False,LimitsExceeded,,limits_exceeded
di__binf__otrc,django__django-15525,1,True,LimitsExceeded,,limits_exceeded
di__binf__otrc,django__django-11433,3,True,LimitsExceeded,,limits_exceeded
di__binf__otrc,django__django-11433,2,True,LimitsExceeded,,limits_exceeded
di__binf__otrc,django__django-11433,1,False,Submitted,True,resolved
di__binf__otrc,django__django-11292,3,False,Submitted,True,resolved
di__binf__otrc,django__django-11292,2,False,Submitted,True,resolved
di__binf__otrc,django__django-11292,1,False,Submitted,True,resolved
di__binf__otrc,scikit-learn__scikit-learn-14629,3,False,Submitted,False,submitted_unresolved
di__binf__otrc,scikit-learn__scikit-learn-14629,2,False,Submitted,False,submitted_unresolved
di__binf__otrc,scikit-learn__scikit-learn-14629,1,False,Submitted,False,submitted_unresolved
di__binf__otrc,scikit-learn__scikit-learn-13496,3,False,Submitted,True,resolved
di__binf__otrc,scikit-learn__scikit-learn-13496,2,False,Submitted,True,resolved
di__binf__otrc,scikit-learn__scikit-learn-13496,1,False,Submitted,True,resolved
di__binf__otrc,django__django-12273,3,False,,,silent_crash
di__binf__otrc,django__django-12273,2,True,LimitsExceeded,,limits_exceeded
di__binf__otrc,django__django-12273,1,False,Submitted,False,submitted_unresolved
di__binf__otrc,sympy__sympy-24443,3,False,Submitted,True,resolved
di__binf__otrc,sympy__sympy-24443,2,True,LimitsExceeded,,limits_exceeded
di__binf__otrc,sympy__sympy-24443,1,False,Submitted,True,resolved
di__binf__otrc,scikit-learn__scikit-learn-13439,3,False,Submitted,True,resolved
di__binf__otrc,scikit-learn__scikit-learn-13439,2,True,LimitsExceeded,,limits_exceeded
di__binf__otrc,scikit-learn__scikit-learn-13439,1,False,Submitted,True,resolved
di__binf__otrc,django__django-11095,3,False,Submitted,True,resolved
di__binf__otrc,django__django-11095,2,False,Submitted,True,resolved
di__binf__otrc,django__django-11095,1,False,Submitted,True,resolved
di__binf__otrc,sympy__sympy-11618,3,False,Submitted,True,resolved
di__binf__otrc,sympy__sympy-11618,2,False,LimitsExceeded,,limits_exceeded
di__binf__otrc,sympy__sympy-11618,1,False,Submitted,False,submitted_unresolved
di__binf__otrc,django__django-14999,3,False,Submitted,True,resolved
di__binf__otrc,django__django-14999,2,False,Submitted,True,resolved
di__binf__otrc,django__django-14999,1,False,Submitted,True,resolved
di__binf__otrc,scikit-learn__scikit-learn-11310,3,False,Submitted,False,submitted_unresolved
di__binf__otrc,scikit-learn__scikit-learn-11310,2,False,Submitted,True,resolved
di__binf__otrc,scikit-learn__scikit-learn-11310,1,False,Submitted,True,resolved
di__binf__otrc,scikit-learn__scikit-learn-10908,3,True,LimitsExceeded,,limits_exceeded
di__binf__otrc,scikit-learn__scikit-learn-10908,2,True,LimitsExceeded,,limits_exceeded
di__binf__otrc,scikit-learn__scikit-learn-10908,1,True,LimitsExceeded,,limits_exceeded
di__binf__otrc,scikit-learn__scikit-learn-9288,3,False,Submitted,True,resolved
di__binf__otrc,scikit-learn__scikit-learn-9288,2,False,Submitted,True,resolved
di__binf__otrc,scikit-learn__scikit-learn-9288,1,True,LimitsExceeded,,limits_exceeded
di__binf__otrc,scikit-learn__scikit-learn-26323,3,True,LimitsExceeded,,limits_exceeded
di__binf__otrc,scikit-learn__scikit-learn-26323,2,True,LimitsExceeded,,limits_exceeded
di__binf__otrc,scikit-learn__scikit-learn-26323,1,False,Submitted,True,resolved
di__binf__otrc,sympy__sympy-13647,3,True,LimitsExceeded,,limits_exceeded
di__binf__otrc,sympy__sympy-13647,2,False,Submitted,True,resolved
di__binf__otrc,sympy__sympy-13647,1,True,LimitsExceeded,,limits_exceeded
di__binf__otrc,sympy__sympy-20916,3,False,LimitsExceeded,,limits_exceeded
di__binf__otrc,sympy__sympy-20916,2,False,LimitsExceeded,,limits_exceeded
di__binf__otrc,sympy__sympy-20916,1,False,Submitted,False,submitted_unresolved
