cell,policy,budget,run,step_count,recorded_resolved,exit_status,returncode,eval_status,compression_events,compression_event_steps,online_trc_clears,trajectory,agent_log,eval_files
d05__b10k__su-full,su-full,b10k,1,69,True,Submitted,0,resolved,2,"[16, 37]",0,ICLR_experiments/swebench/main/qwen35b/d05__b10k__su-full/django__django-13012/summarization/run_1/trajectory.json,ICLR_experiments/swebench/main/qwen35b/d05__b10k__su-full/django__django-13012/summarization/run_1/agent.log,ICLR_experiments/swebench/main/qwen35b/d05__b10k__su-full/eval/qwen35-a3b.django__django-13012__summarization__r1.json
d05__b10k__su-full,su-full,b10k,3,61,True,Submitted,0,resolved,3,"[23, 40, 58]",0,ICLR_experiments/swebench/main/qwen35b/d05__b10k__su-full/django__django-13012/summarization/run_3/trajectory.json,ICLR_experiments/swebench/main/qwen35b/d05__b10k__su-full/django__django-13012/summarization/run_3/agent.log,ICLR_experiments/swebench/main/qwen35b/d05__b10k__su-full/eval/qwen35-a3b.django__django-13012__summarization__r3.json
d05__b10k__tr,tr,b10k,1,125,,LimitsExceeded,0,missing,3,"[50, 87, 114]",0,ICLR_experiments/swebench/main/qwen35b/d05__b10k__tr/django__django-13012/truncation/run_1/trajectory.json,ICLR_experiments/swebench/main/qwen35b/d05__b10k__tr/django__django-13012/truncation/run_1/agent.log,
d05__b10k__tr,tr,b10k,2,36,True,Submitted,0,resolved,2,"[16, 31]",0,ICLR_experiments/swebench/main/qwen35b/d05__b10k__tr/django__django-13012/truncation/run_2/trajectory.json,ICLR_experiments/swebench/main/qwen35b/d05__b10k__tr/django__django-13012/truncation/run_2/agent.log,ICLR_experiments/swebench/main/qwen35b/d05__b10k__tr/eval/qwen35-a3b.django__django-13012__truncation__r2.json
d05__b10k__tr,tr,b10k,3,125,,LimitsExceeded,0,missing,4,"[24, 86, 93, 100]",0,ICLR_experiments/swebench/main/qwen35b/d05__b10k__tr/django__django-13012/truncation/run_3/trajectory.json,ICLR_experiments/swebench/main/qwen35b/d05__b10k__tr/django__django-13012/truncation/run_3/agent.log,
d05__b15k__ss,ss,b15k,1,56,True,Submitted,0,resolved,2,"[25, 50]",0,ICLR_experiments/swebench/main/qwen35b/d05__b15k__ss/django__django-13012/structured-summarize/run_1/trajectory.json,ICLR_experiments/swebench/main/qwen35b/d05__b15k__ss/django__django-13012/structured-summarize/run_1/agent.log,ICLR_experiments/swebench/main/qwen35b/d05__b15k__ss/eval/qwen35-a3b.django__django-13012__structured-summarize__r1.json
d05__b15k__ss,ss,b15k,2,53,True,Submitted,0,resolved,2,"[26, 47]",0,ICLR_experiments/swebench/main/qwen35b/d05__b15k__ss/django__django-13012/structured-summarize/run_2/trajectory.json,ICLR_experiments/swebench/main/qwen35b/d05__b15k__ss/django__django-13012/structured-summarize/run_2/agent.log,ICLR_experiments/swebench/main/qwen35b/d05__b15k__ss/eval/qwen35-a3b.django__django-13012__structured-summarize__r2.json
d05__b15k__ss,ss,b15k,3,50,True,Submitted,0,resolved,1,[34],0,ICLR_experiments/swebench/main/qwen35b/d05__b15k__ss/django__django-13012/structured-summarize/run_3/trajectory.json,ICLR_experiments/swebench/main/qwen35b/d05__b15k__ss/django__django-13012/structured-summarize/run_3/agent.log,ICLR_experiments/swebench/main/qwen35b/d05__b15k__ss/eval/qwen35-a3b.django__django-13012__structured-summarize__r3.json
d05__b15k__ss-partial,ss-partial,b15k,1,39,True,Submitted,0,resolved,1,[29],0,ICLR_experiments/swebench/main/qwen35b/d05__b15k__ss-partial/django__django-13012/structured-summarize-partial/run_1/trajectory.json,ICLR_experiments/swebench/main/qwen35b/d05__b15k__ss-partial/django__django-13012/structured-summarize-partial/run_1/agent.log,ICLR_experiments/swebench/main/qwen35b/d05__b15k__ss-partial/eval/qwen35-a3b.django__django-13012__structured-summarize-partial__r1.json
d05__b15k__ss-partial,ss-partial,b15k,2,103,True,Submitted,0,resolved,2,"[36, 66]",0,ICLR_experiments/swebench/main/qwen35b/d05__b15k__ss-partial/django__django-13012/structured-summarize-partial/run_2/trajectory.json,ICLR_experiments/swebench/main/qwen35b/d05__b15k__ss-partial/django__django-13012/structured-summarize-partial/run_2/agent.log,ICLR_experiments/swebench/main/qwen35b/d05__b15k__ss-partial/eval/qwen35-a3b.django__django-13012__structured-summarize-partial__r2.json
d05__b15k__ss-partial,ss-partial,b15k,3,69,True,Submitted,0,resolved,2,"[33, 53]",0,ICLR_experiments/swebench/main/qwen35b/d05__b15k__ss-partial/django__django-13012/structured-summarize-partial/run_3/trajectory.json,ICLR_experiments/swebench/main/qwen35b/d05__b15k__ss-partial/django__django-13012/structured-summarize-partial/run_3/agent.log,ICLR_experiments/swebench/main/qwen35b/d05__b15k__ss-partial/eval/qwen35-a3b.django__django-13012__structured-summarize-partial__r3.json
d05__b15k__su-full,su-full,b15k,1,39,False,Submitted,0,missing,1,[28],0,ICLR_experiments/swebench/main/qwen35b/d05__b15k__su-full/django__django-13012/summarization/run_1/trajectory.json,ICLR_experiments/swebench/main/qwen35b/d05__b15k__su-full/django__django-13012/summarization/run_1/agent.log,
d05__b15k__su-full,su-full,b15k,2,111,True,Submitted,0,resolved,3,"[34, 62, 84]",0,ICLR_experiments/swebench/main/qwen35b/d05__b15k__su-full/django__django-13012/summarization/run_2/trajectory.json,ICLR_experiments/swebench/main/qwen35b/d05__b15k__su-full/django__django-13012/summarization/run_2/agent.log,ICLR_experiments/swebench/main/qwen35b/d05__b15k__su-full/eval/qwen35-a3b.django__django-13012__summarization__r2.json
d05__b15k__su-full,su-full,b15k,3,38,True,Submitted,0,resolved,1,[29],0,ICLR_experiments/swebench/main/qwen35b/d05__b15k__su-full/django__django-13012/summarization/run_3/trajectory.json,ICLR_experiments/swebench/main/qwen35b/d05__b15k__su-full/django__django-13012/summarization/run_3/agent.log,ICLR_experiments/swebench/main/qwen35b/d05__b15k__su-full/eval/qwen35-a3b.django__django-13012__summarization__r3.json
d05__b15k__su-partial,su-partial,b15k,1,54,True,Submitted,0,resolved,1,[29],0,ICLR_experiments/swebench/main/qwen35b/d05__b15k__su-partial/django__django-13012/summarization-partial/run_1/trajectory.json,ICLR_experiments/swebench/main/qwen35b/d05__b15k__su-partial/django__django-13012/summarization-partial/run_1/agent.log,ICLR_experiments/swebench/main/qwen35b/d05__b15k__su-partial/eval/qwen35-a3b.django__django-13012__summarization-partial__r1.json
d05__b15k__su-partial,su-partial,b15k,2,32,True,Submitted,0,resolved,1,[29],0,ICLR_experiments/swebench/main/qwen35b/d05__b15k__su-partial/django__django-13012/summarization-partial/run_2/trajectory.json,ICLR_experiments/swebench/main/qwen35b/d05__b15k__su-partial/django__django-13012/summarization-partial/run_2/agent.log,ICLR_experiments/swebench/main/qwen35b/d05__b15k__su-partial/eval/qwen35-a3b.django__django-13012__summarization-partial__r2.json
d05__b15k__su-partial,su-partial,b15k,3,30,True,Submitted,0,resolved,1,[28],0,ICLR_experiments/swebench/main/qwen35b/d05__b15k__su-partial/django__django-13012/summarization-partial/run_3/trajectory.json,ICLR_experiments/swebench/main/qwen35b/d05__b15k__su-partial/django__django-13012/summarization-partial/run_3/agent.log,ICLR_experiments/swebench/main/qwen35b/d05__b15k__su-partial/eval/qwen35-a3b.django__django-13012__summarization-partial__r3.json
d05__b15k__tr,tr,b15k,1,125,,LimitsExceeded,0,missing,7,"[30, 39, 56, 71, 83, 99, 116]",0,ICLR_experiments/swebench/main/qwen35b/d05__b15k__tr/django__django-13012/truncation/run_1/trajectory.json,ICLR_experiments/swebench/main/qwen35b/d05__b15k__tr/django__django-13012/truncation/run_1/agent.log,
d05__b15k__tr,tr,b15k,2,125,,LimitsExceeded,0,missing,8,"[30, 40, 52, 64, 77, 94, 111, 124]",0,ICLR_experiments/swebench/main/qwen35b/d05__b15k__tr/django__django-13012/truncation/run_2/trajectory.json,ICLR_experiments/swebench/main/qwen35b/d05__b15k__tr/django__django-13012/truncation/run_2/agent.log,
d05__b15k__tr,tr,b15k,3,125,,LimitsExceeded,0,missing,5,"[29, 57, 69, 91, 113]",0,ICLR_experiments/swebench/main/qwen35b/d05__b15k__tr/django__django-13012/truncation/run_3/trajectory.json,ICLR_experiments/swebench/main/qwen35b/d05__b15k__tr/django__django-13012/truncation/run_3/agent.log,
d05__b20k__ss,ss,b20k,1,125,,LimitsExceeded,0,missing,2,"[44, 78]",0,ICLR_experiments/swebench/main/qwen35b/d05__b20k__ss/django__django-13012/structured-summarize/run_1/trajectory.json,ICLR_experiments/swebench/main/qwen35b/d05__b20k__ss/django__django-13012/structured-summarize/run_1/agent.log,
d05__b20k__ss,ss,b20k,3,51,True,Submitted,0,resolved,1,[43],0,ICLR_experiments/swebench/main/qwen35b/d05__b20k__ss/django__django-13012/structured-summarize/run_3/trajectory.json,ICLR_experiments/swebench/main/qwen35b/d05__b20k__ss/django__django-13012/structured-summarize/run_3/agent.log,ICLR_experiments/swebench/main/qwen35b/d05__b20k__ss/eval/qwen35-a3b.django__django-13012__structured-summarize__r3.json
d05__b20k__ss-partial,ss-partial,b20k,3,59,True,Submitted,0,resolved,1,[48],0,ICLR_experiments/swebench/main/qwen35b/d05__b20k__ss-partial/django__django-13012/structured-summarize-partial/run_3/trajectory.json,ICLR_experiments/swebench/main/qwen35b/d05__b20k__ss-partial/django__django-13012/structured-summarize-partial/run_3/agent.log,ICLR_experiments/swebench/main/qwen35b/d05__b20k__ss-partial/eval/qwen35-a3b.django__django-13012__structured-summarize-partial__r3.json
d05__b20k__su-full,su-full,b20k,3,86,,,-1,missing,2,"[42, 70]",0,ICLR_experiments/swebench/main/qwen35b/d05__b20k__su-full/django__django-13012/summarization/run_3/trajectory.json,ICLR_experiments/swebench/main/qwen35b/d05__b20k__su-full/django__django-13012/summarization/run_3/agent.log,
d05__b20k__su-partial,su-partial,b20k,1,125,,LimitsExceeded,0,missing,2,"[75, 112]",0,ICLR_experiments/swebench/main/qwen35b/d05__b20k__su-partial/django__django-13012/summarization-partial/run_1/trajectory.json,ICLR_experiments/swebench/main/qwen35b/d05__b20k__su-partial/django__django-13012/summarization-partial/run_1/agent.log,
d05__b20k__su-partial,su-partial,b20k,2,37,True,Submitted,0,resolved,1,[34],0,ICLR_experiments/swebench/main/qwen35b/d05__b20k__su-partial/django__django-13012/summarization-partial/run_2/trajectory.json,ICLR_experiments/swebench/main/qwen35b/d05__b20k__su-partial/django__django-13012/summarization-partial/run_2/agent.log,ICLR_experiments/swebench/main/qwen35b/d05__b20k__su-partial/eval/qwen35-a3b.django__django-13012__summarization-partial__r2.json
d05__b20k__tr,tr,b20k,1,70,True,Submitted,0,resolved,1,[48],0,ICLR_experiments/swebench/main/qwen35b/d05__b20k__tr/django__django-13012/truncation/run_1/trajectory.json,ICLR_experiments/swebench/main/qwen35b/d05__b20k__tr/django__django-13012/truncation/run_1/agent.log,ICLR_experiments/swebench/main/qwen35b/d05__b20k__tr/eval/qwen35-a3b.django__django-13012__truncation__r1.json
d05__b20k__tr,tr,b20k,2,121,,,-1,missing,5,"[39, 50, 70, 83, 112]",0,ICLR_experiments/swebench/main/qwen35b/d05__b20k__tr/django__django-13012/truncation/run_2/trajectory.json,ICLR_experiments/swebench/main/qwen35b/d05__b20k__tr/django__django-13012/truncation/run_2/agent.log,
d05__b20k__tr,tr,b20k,3,125,,LimitsExceeded,0,missing,6,"[42, 51, 62, 75, 93, 112]",0,ICLR_experiments/swebench/main/qwen35b/d05__b20k__tr/django__django-13012/truncation/run_3/trajectory.json,ICLR_experiments/swebench/main/qwen35b/d05__b20k__tr/django__django-13012/truncation/run_3/agent.log,
di__b10k__otrc-tr,otrc-tr,b10k,1,46,True,Submitted,0,resolved,1,[41],41,ICLR_experiments/swebench/main/qwen35b/di__b10k__otrc-tr/django__django-13012/otrc-tr/run_1/trajectory.json,ICLR_experiments/swebench/main/qwen35b/di__b10k__otrc-tr/django__django-13012/otrc-tr/run_1/agent.log,ICLR_experiments/swebench/main/qwen35b/di__b10k__otrc-tr/eval/qwen35-a3b.django__django-13012__otrc-tr__r1.json
di__b10k__otrc-tr,otrc-tr,b10k,2,125,,LimitsExceeded,0,missing,4,"[30, 76, 96, 115]",119,ICLR_experiments/swebench/main/qwen35b/di__b10k__otrc-tr/django__django-13012/otrc-tr/run_2/trajectory.json,ICLR_experiments/swebench/main/qwen35b/di__b10k__otrc-tr/django__django-13012/otrc-tr/run_2/agent.log,
di__b10k__otrc-tr,otrc-tr,b10k,3,49,True,Submitted,0,resolved,0,[],44,ICLR_experiments/swebench/main/qwen35b/di__b10k__otrc-tr/django__django-13012/otrc-tr/run_3/trajectory.json,ICLR_experiments/swebench/main/qwen35b/di__b10k__otrc-tr/django__django-13012/otrc-tr/run_3/agent.log,ICLR_experiments/swebench/main/qwen35b/di__b10k__otrc-tr/eval/qwen35-a3b.django__django-13012__otrc-tr__r3.json
di__b10k__trc,trc,b10k,1,125,,LimitsExceeded,0,missing,10,"[18, 33, 42, 53, 63, 76, 86, 96, 108, 120]",0,ICLR_experiments/swebench/main/qwen35b/di__b10k__trc/django__django-13012/tool-result-clear/run_1/trajectory.json,ICLR_experiments/swebench/main/qwen35b/di__b10k__trc/django__django-13012/tool-result-clear/run_1/agent.log,
di__b10k__trc,trc,b10k,2,54,True,Submitted,0,resolved,3,"[15, 27, 42]",0,ICLR_experiments/swebench/main/qwen35b/di__b10k__trc/django__django-13012/tool-result-clear/run_2/trajectory.json,ICLR_experiments/swebench/main/qwen35b/di__b10k__trc/django__django-13012/tool-result-clear/run_2/agent.log,ICLR_experiments/swebench/main/qwen35b/di__b10k__trc/eval/qwen35-a3b.django__django-13012__tool-result-clear__r2.json
di__b10k__trc,trc,b10k,3,45,True,Submitted,0,resolved,2,"[21, 35]",0,ICLR_experiments/swebench/main/qwen35b/di__b10k__trc/django__django-13012/tool-result-clear/run_3/trajectory.json,ICLR_experiments/swebench/main/qwen35b/di__b10k__trc/django__django-13012/tool-result-clear/run_3/agent.log,ICLR_experiments/swebench/main/qwen35b/di__b10k__trc/eval/qwen35-a3b.django__django-13012__tool-result-clear__r3.json
di__b10k__trc-su,trc-su,b10k,2,125,,LimitsExceeded,0,missing,10,"[15, 27, 29, 54, 71, 72, 103, 113, 119, 122]",0,ICLR_experiments/swebench/main/qwen35b/di__b10k__trc-su/django__django-13012/trc-su/run_2/trajectory.json,ICLR_experiments/swebench/main/qwen35b/di__b10k__trc-su/django__django-13012/trc-su/run_2/agent.log,
di__b10k__trc-su,trc-su,b10k,3,59,,Submitted,0,missing,6,"[17, 28, 36, 42, 47, 49]",0,ICLR_experiments/swebench/main/qwen35b/di__b10k__trc-su/django__django-13012/trc-su/run_3/trajectory.json,ICLR_experiments/swebench/main/qwen35b/di__b10k__trc-su/django__django-13012/trc-su/run_3/agent.log,
di__b15k__otrc-ss-partial,otrc-ss-partial,b15k,1,64,True,Submitted,0,resolved,0,[],59,ICLR_experiments/swebench/main/qwen35b/di__b15k__otrc-ss-partial/django__django-13012/otrc-ss-partial/run_1/trajectory.json,ICLR_experiments/swebench/main/qwen35b/di__b15k__otrc-ss-partial/django__django-13012/otrc-ss-partial/run_1/agent.log,ICLR_experiments/swebench/main/qwen35b/di__b15k__otrc-ss-partial/eval/qwen35-a3b.django__django-13012__otrc-ss-partial__r1.json
di__b15k__otrc-ss-partial,otrc-ss-partial,b15k,2,59,False,Submitted,0,unresolved,0,[],54,ICLR_experiments/swebench/main/qwen35b/di__b15k__otrc-ss-partial/django__django-13012/otrc-ss-partial/run_2/trajectory.json,ICLR_experiments/swebench/main/qwen35b/di__b15k__otrc-ss-partial/django__django-13012/otrc-ss-partial/run_2/agent.log,ICLR_experiments/swebench/main/qwen35b/di__b15k__otrc-ss-partial/eval/qwen35-a3b.django__django-13012__otrc-ss-partial__r2.json
di__b15k__otrc-ss-partial,otrc-ss-partial,b15k,3,56,True,Submitted,0,resolved,0,[],51,ICLR_experiments/swebench/main/qwen35b/di__b15k__otrc-ss-partial/django__django-13012/otrc-ss-partial/run_3/trajectory.json,ICLR_experiments/swebench/main/qwen35b/di__b15k__otrc-ss-partial/django__django-13012/otrc-ss-partial/run_3/agent.log,ICLR_experiments/swebench/main/qwen35b/di__b15k__otrc-ss-partial/eval/qwen35-a3b.django__django-13012__otrc-ss-partial__r3.json
di__b15k__otrc-su-partial,otrc-su-partial,b15k,1,54,True,Submitted,0,resolved,0,[],49,ICLR_experiments/swebench/main/qwen35b/di__b15k__otrc-su-partial/django__django-13012/otrc-su-partial/run_1/trajectory.json,ICLR_experiments/swebench/main/qwen35b/di__b15k__otrc-su-partial/django__django-13012/otrc-su-partial/run_1/agent.log,ICLR_experiments/swebench/main/qwen35b/di__b15k__otrc-su-partial/eval/qwen35-a3b.django__django-13012__otrc-su-partial__r1.json
di__b15k__otrc-su-partial,otrc-su-partial,b15k,2,52,True,Submitted,0,resolved,0,[],47,ICLR_experiments/swebench/main/qwen35b/di__b15k__otrc-su-partial/django__django-13012/otrc-su-partial/run_2/trajectory.json,ICLR_experiments/swebench/main/qwen35b/di__b15k__otrc-su-partial/django__django-13012/otrc-su-partial/run_2/agent.log,ICLR_experiments/swebench/main/qwen35b/di__b15k__otrc-su-partial/eval/qwen35-a3b.django__django-13012__otrc-su-partial__r2.json
di__b15k__otrc-su-partial,otrc-su-partial,b15k,3,65,True,Submitted,0,resolved,0,[],60,ICLR_experiments/swebench/main/qwen35b/di__b15k__otrc-su-partial/django__django-13012/otrc-su-partial/run_3/trajectory.json,ICLR_experiments/swebench/main/qwen35b/di__b15k__otrc-su-partial/django__django-13012/otrc-su-partial/run_3/agent.log,ICLR_experiments/swebench/main/qwen35b/di__b15k__otrc-su-partial/eval/qwen35-a3b.django__django-13012__otrc-su-partial__r3.json
di__b15k__otrc-tr,otrc-tr,b15k,1,70,True,Submitted,0,resolved,0,[],65,ICLR_experiments/swebench/main/qwen35b/di__b15k__otrc-tr/django__django-13012/otrc-tr/run_1/trajectory.json,ICLR_experiments/swebench/main/qwen35b/di__b15k__otrc-tr/django__django-13012/otrc-tr/run_1/agent.log,ICLR_experiments/swebench/main/qwen35b/di__b15k__otrc-tr/eval/qwen35-a3b.django__django-13012__otrc-tr__r1.json
di__b15k__otrc-tr,otrc-tr,b15k,2,45,True,Submitted,0,resolved,0,[],40,ICLR_experiments/swebench/main/qwen35b/di__b15k__otrc-tr/django__django-13012/otrc-tr/run_2/trajectory.json,ICLR_experiments/swebench/main/qwen35b/di__b15k__otrc-tr/django__django-13012/otrc-tr/run_2/agent.log,ICLR_experiments/swebench/main/qwen35b/di__b15k__otrc-tr/eval/qwen35-a3b.django__django-13012__otrc-tr__r2.json
di__b15k__otrc-tr,otrc-tr,b15k,3,54,True,Submitted,0,resolved,0,[],49,ICLR_experiments/swebench/main/qwen35b/di__b15k__otrc-tr/django__django-13012/otrc-tr/run_3/trajectory.json,ICLR_experiments/swebench/main/qwen35b/di__b15k__otrc-tr/django__django-13012/otrc-tr/run_3/agent.log,ICLR_experiments/swebench/main/qwen35b/di__b15k__otrc-tr/eval/qwen35-a3b.django__django-13012__otrc-tr__r3.json
di__b15k__trc,trc,b15k,1,40,False,Submitted,0,missing,1,[24],0,ICLR_experiments/swebench/main/qwen35b/di__b15k__trc/django__django-13012/tool-result-clear/run_1/trajectory.json,ICLR_experiments/swebench/main/qwen35b/di__b15k__trc/django__django-13012/tool-result-clear/run_1/agent.log,
di__b15k__trc,trc,b15k,2,43,False,Submitted,0,missing,2,"[25, 39]",0,ICLR_experiments/swebench/main/qwen35b/di__b15k__trc/django__django-13012/tool-result-clear/run_2/trajectory.json,ICLR_experiments/swebench/main/qwen35b/di__b15k__trc/django__django-13012/tool-result-clear/run_2/agent.log,
di__b15k__trc,trc,b15k,3,73,True,Submitted,0,resolved,3,"[35, 53, 65]",0,ICLR_experiments/swebench/main/qwen35b/di__b15k__trc/django__django-13012/tool-result-clear/run_3/trajectory.json,ICLR_experiments/swebench/main/qwen35b/di__b15k__trc/django__django-13012/tool-result-clear/run_3/agent.log,ICLR_experiments/swebench/main/qwen35b/di__b15k__trc/eval/qwen35-a3b.django__django-13012__tool-result-clear__r3.json
di__b15k__trc-ss,trc-ss,b15k,1,47,True,Submitted,0,resolved,1,[21],0,ICLR_experiments/swebench/main/qwen35b/di__b15k__trc-ss/django__django-13012/trc-ss/run_1/trajectory.json,ICLR_experiments/swebench/main/qwen35b/di__b15k__trc-ss/django__django-13012/trc-ss/run_1/agent.log,ICLR_experiments/swebench/main/qwen35b/di__b15k__trc-ss/eval/qwen35-a3b.django__django-13012__trc-ss__r1.json
di__b15k__trc-ss,trc-ss,b15k,2,69,True,Submitted,0,resolved,4,"[29, 39, 56, 66]",0,ICLR_experiments/swebench/main/qwen35b/di__b15k__trc-ss/django__django-13012/trc-ss/run_2/trajectory.json,ICLR_experiments/swebench/main/qwen35b/di__b15k__trc-ss/django__django-13012/trc-ss/run_2/agent.log,ICLR_experiments/swebench/main/qwen35b/di__b15k__trc-ss/eval/qwen35-a3b.django__django-13012__trc-ss__r2.json
di__b15k__trc-ss,trc-ss,b15k,3,69,False,Submitted,0,unresolved,2,"[42, 60]",0,ICLR_experiments/swebench/main/qwen35b/di__b15k__trc-ss/django__django-13012/trc-ss/run_3/trajectory.json,ICLR_experiments/swebench/main/qwen35b/di__b15k__trc-ss/django__django-13012/trc-ss/run_3/agent.log,ICLR_experiments/swebench/main/qwen35b/di__b15k__trc-ss/eval/qwen35-a3b.django__django-13012__trc-ss__r3.json
di__b15k__trc-su,trc-su,b15k,1,70,True,Submitted,0,resolved,3,"[34, 52, 68]",0,ICLR_experiments/swebench/main/qwen35b/di__b15k__trc-su/django__django-13012/trc-su/run_1/trajectory.json,ICLR_experiments/swebench/main/qwen35b/di__b15k__trc-su/django__django-13012/trc-su/run_1/agent.log,ICLR_experiments/swebench/main/qwen35b/di__b15k__trc-su/eval/qwen35-a3b.django__django-13012__trc-su__r1.json
di__b15k__trc-su,trc-su,b15k,2,52,True,Submitted,0,resolved,4,"[27, 36, 41, 49]",0,ICLR_experiments/swebench/main/qwen35b/di__b15k__trc-su/django__django-13012/trc-su/run_2/trajectory.json,ICLR_experiments/swebench/main/qwen35b/di__b15k__trc-su/django__django-13012/trc-su/run_2/agent.log,ICLR_experiments/swebench/main/qwen35b/di__b15k__trc-su/eval/qwen35-a3b.django__django-13012__trc-su__r2.json
di__b15k__trc-su,trc-su,b15k,3,79,True,Submitted,0,resolved,6,"[29, 45, 57, 62, 68, 73]",0,ICLR_experiments/swebench/main/qwen35b/di__b15k__trc-su/django__django-13012/trc-su/run_3/trajectory.json,ICLR_experiments/swebench/main/qwen35b/di__b15k__trc-su/django__django-13012/trc-su/run_3/agent.log,ICLR_experiments/swebench/main/qwen35b/di__b15k__trc-su/eval/qwen35-a3b.django__django-13012__trc-su__r3.json
di__b20k__otrc-ss-partial,otrc-ss-partial,b20k,1,41,True,Submitted,0,resolved,0,[],36,ICLR_experiments/swebench/main/qwen35b/di__b20k__otrc-ss-partial/django__django-13012/otrc-ss-partial/run_1/trajectory.json,ICLR_experiments/swebench/main/qwen35b/di__b20k__otrc-ss-partial/django__django-13012/otrc-ss-partial/run_1/agent.log,ICLR_experiments/swebench/main/qwen35b/di__b20k__otrc-ss-partial/eval/qwen35-a3b.django__django-13012__otrc-ss-partial__r1.json
di__b20k__otrc-ss-partial,otrc-ss-partial,b20k,2,40,True,Submitted,0,resolved,0,[],35,ICLR_experiments/swebench/main/qwen35b/di__b20k__otrc-ss-partial/django__django-13012/otrc-ss-partial/run_2/trajectory.json,ICLR_experiments/swebench/main/qwen35b/di__b20k__otrc-ss-partial/django__django-13012/otrc-ss-partial/run_2/agent.log,ICLR_experiments/swebench/main/qwen35b/di__b20k__otrc-ss-partial/eval/qwen35-a3b.django__django-13012__otrc-ss-partial__r2.json
di__b20k__otrc-ss-partial,otrc-ss-partial,b20k,3,49,True,Submitted,0,resolved,0,[],44,ICLR_experiments/swebench/main/qwen35b/di__b20k__otrc-ss-partial/django__django-13012/otrc-ss-partial/run_3/trajectory.json,ICLR_experiments/swebench/main/qwen35b/di__b20k__otrc-ss-partial/django__django-13012/otrc-ss-partial/run_3/agent.log,ICLR_experiments/swebench/main/qwen35b/di__b20k__otrc-ss-partial/eval/qwen35-a3b.django__django-13012__otrc-ss-partial__r3.json
di__b20k__otrc-su-partial,otrc-su-partial,b20k,1,63,True,Submitted,0,resolved,0,[],58,ICLR_experiments/swebench/main/qwen35b/di__b20k__otrc-su-partial/django__django-13012/otrc-su-partial/run_1/trajectory.json,ICLR_experiments/swebench/main/qwen35b/di__b20k__otrc-su-partial/django__django-13012/otrc-su-partial/run_1/agent.log,ICLR_experiments/swebench/main/qwen35b/di__b20k__otrc-su-partial/eval/qwen35-a3b.django__django-13012__otrc-su-partial__r1.json
di__b20k__otrc-su-partial,otrc-su-partial,b20k,2,74,True,Submitted,0,resolved,0,[],69,ICLR_experiments/swebench/main/qwen35b/di__b20k__otrc-su-partial/django__django-13012/otrc-su-partial/run_2/trajectory.json,ICLR_experiments/swebench/main/qwen35b/di__b20k__otrc-su-partial/django__django-13012/otrc-su-partial/run_2/agent.log,ICLR_experiments/swebench/main/qwen35b/di__b20k__otrc-su-partial/eval/qwen35-a3b.django__django-13012__otrc-su-partial__r2.json
di__b20k__otrc-su-partial,otrc-su-partial,b20k,3,80,True,Submitted,0,resolved,0,[],75,ICLR_experiments/swebench/main/qwen35b/di__b20k__otrc-su-partial/django__django-13012/otrc-su-partial/run_3/trajectory.json,ICLR_experiments/swebench/main/qwen35b/di__b20k__otrc-su-partial/django__django-13012/otrc-su-partial/run_3/agent.log,ICLR_experiments/swebench/main/qwen35b/di__b20k__otrc-su-partial/eval/qwen35-a3b.django__django-13012__otrc-su-partial__r3.json
di__b20k__otrc-tr,otrc-tr,b20k,1,51,True,Submitted,0,resolved,0,[],46,ICLR_experiments/swebench/main/qwen35b/di__b20k__otrc-tr/django__django-13012/otrc-tr/run_1/trajectory.json,ICLR_experiments/swebench/main/qwen35b/di__b20k__otrc-tr/django__django-13012/otrc-tr/run_1/agent.log,ICLR_experiments/swebench/main/qwen35b/di__b20k__otrc-tr/eval/qwen35-a3b.django__django-13012__otrc-tr__r1.json
di__b20k__otrc-tr,otrc-tr,b20k,2,61,True,Submitted,0,resolved,0,[],56,ICLR_experiments/swebench/main/qwen35b/di__b20k__otrc-tr/django__django-13012/otrc-tr/run_2/trajectory.json,ICLR_experiments/swebench/main/qwen35b/di__b20k__otrc-tr/django__django-13012/otrc-tr/run_2/agent.log,ICLR_experiments/swebench/main/qwen35b/di__b20k__otrc-tr/eval/qwen35-a3b.django__django-13012__otrc-tr__r2.json
di__b20k__otrc-tr,otrc-tr,b20k,3,52,False,Submitted,0,unresolved,0,[],47,ICLR_experiments/swebench/main/qwen35b/di__b20k__otrc-tr/django__django-13012/otrc-tr/run_3/trajectory.json,ICLR_experiments/swebench/main/qwen35b/di__b20k__otrc-tr/django__django-13012/otrc-tr/run_3/agent.log,ICLR_experiments/swebench/main/qwen35b/di__b20k__otrc-tr/eval/qwen35-a3b.django__django-13012__otrc-tr__r3.json
di__b20k__trc,trc,b20k,1,36,True,Submitted,0,resolved,0,[],0,ICLR_experiments/swebench/main/qwen35b/di__b20k__trc/django__django-13012/tool-result-clear/run_1/trajectory.json,ICLR_experiments/swebench/main/qwen35b/di__b20k__trc/django__django-13012/tool-result-clear/run_1/agent.log,ICLR_experiments/swebench/main/qwen35b/di__b20k__trc/eval/qwen35-a3b.django__django-13012__tool-result-clear__r1.json
di__b20k__trc,trc,b20k,2,125,,LimitsExceeded,0,missing,5,"[49, 67, 83, 100, 121]",0,ICLR_experiments/swebench/main/qwen35b/di__b20k__trc/django__django-13012/tool-result-clear/run_2/trajectory.json,ICLR_experiments/swebench/main/qwen35b/di__b20k__trc/django__django-13012/tool-result-clear/run_2/agent.log,
di__b20k__trc,trc,b20k,3,77,True,Submitted,0,resolved,2,"[45, 70]",0,ICLR_experiments/swebench/main/qwen35b/di__b20k__trc/django__django-13012/tool-result-clear/run_3/trajectory.json,ICLR_experiments/swebench/main/qwen35b/di__b20k__trc/django__django-13012/tool-result-clear/run_3/agent.log,ICLR_experiments/swebench/main/qwen35b/di__b20k__trc/eval/qwen35-a3b.django__django-13012__tool-result-clear__r3.json
di__b20k__trc-ss,trc-ss,b20k,1,72,True,Submitted,0,resolved,2,"[41, 64]",0,ICLR_experiments/swebench/main/qwen35b/di__b20k__trc-ss/django__django-13012/trc-ss/run_1/trajectory.json,ICLR_experiments/swebench/main/qwen35b/di__b20k__trc-ss/django__django-13012/trc-ss/run_1/agent.log,ICLR_experiments/swebench/main/qwen35b/di__b20k__trc-ss/eval/qwen35-a3b.django__django-13012__trc-ss__r1.json
di__b20k__trc-ss,trc-ss,b20k,2,125,,LimitsExceeded,0,missing,5,"[44, 84, 103, 107, 123]",0,ICLR_experiments/swebench/main/qwen35b/di__b20k__trc-ss/django__django-13012/trc-ss/run_2/trajectory.json,ICLR_experiments/swebench/main/qwen35b/di__b20k__trc-ss/django__django-13012/trc-ss/run_2/agent.log,
di__b20k__trc-ss,trc-ss,b20k,3,123,,,-1,missing,4,"[56, 83, 91, 118]",0,ICLR_experiments/swebench/main/qwen35b/di__b20k__trc-ss/django__django-13012/trc-ss/run_3/trajectory.json,ICLR_experiments/swebench/main/qwen35b/di__b20k__trc-ss/django__django-13012/trc-ss/run_3/agent.log,
di__b20k__trc-su,trc-su,b20k,1,62,True,Submitted,0,resolved,1,[43],0,ICLR_experiments/swebench/main/qwen35b/di__b20k__trc-su/django__django-13012/trc-su/run_1/trajectory.json,ICLR_experiments/swebench/main/qwen35b/di__b20k__trc-su/django__django-13012/trc-su/run_1/agent.log,ICLR_experiments/swebench/main/qwen35b/di__b20k__trc-su/eval/qwen35-a3b.django__django-13012__trc-su__r1.json
di__b20k__trc-su,trc-su,b20k,2,77,True,Submitted,0,resolved,2,"[36, 63]",0,ICLR_experiments/swebench/main/qwen35b/di__b20k__trc-su/django__django-13012/trc-su/run_2/trajectory.json,ICLR_experiments/swebench/main/qwen35b/di__b20k__trc-su/django__django-13012/trc-su/run_2/agent.log,ICLR_experiments/swebench/main/qwen35b/di__b20k__trc-su/eval/qwen35-a3b.django__django-13012__trc-su__r2.json
di__b20k__trc-su,trc-su,b20k,3,77,True,Submitted,0,resolved,1,[50],0,ICLR_experiments/swebench/main/qwen35b/di__b20k__trc-su/django__django-13012/trc-su/run_3/trajectory.json,ICLR_experiments/swebench/main/qwen35b/di__b20k__trc-su/django__django-13012/trc-su/run_3/agent.log,ICLR_experiments/swebench/main/qwen35b/di__b20k__trc-su/eval/qwen35-a3b.django__django-13012__trc-su__r3.json
di__binf__fc,fc,binf,1,82,False,Submitted,0,missing,0,[],0,ICLR_experiments/swebench/main/qwen35b/di__binf__fc/django__django-13012/full-context/run_1/trajectory.json,ICLR_experiments/swebench/main/qwen35b/di__binf__fc/django__django-13012/full-context/run_1/agent.log,
di__binf__fc,fc,binf,2,44,False,Submitted,0,missing,0,[],0,ICLR_experiments/swebench/main/qwen35b/di__binf__fc/django__django-13012/full-context/run_2/trajectory.json,ICLR_experiments/swebench/main/qwen35b/di__binf__fc/django__django-13012/full-context/run_2/agent.log,
di__binf__fc,fc,binf,3,47,True,Submitted,0,resolved,0,[],0,ICLR_experiments/swebench/main/qwen35b/di__binf__fc/django__django-13012/full-context/run_3/trajectory.json,ICLR_experiments/swebench/main/qwen35b/di__binf__fc/django__django-13012/full-context/run_3/agent.log,ICLR_experiments/swebench/main/qwen35b/di__binf__fc/eval/qwen35-a3b.django__django-13012__full-context__r3.json
di__binf__otrc,otrc,binf,1,52,True,Submitted,0,resolved,0,[],47,ICLR_experiments/swebench/main/qwen35b/di__binf__otrc/django__django-13012/online-trc/run_1/trajectory.json,ICLR_experiments/swebench/main/qwen35b/di__binf__otrc/django__django-13012/online-trc/run_1/agent.log,ICLR_experiments/swebench/main/qwen35b/di__binf__otrc/eval/qwen35-a3b.django__django-13012__online-trc__r1.json
di__binf__otrc,otrc,binf,2,119,True,Submitted,0,resolved,0,[],114,ICLR_experiments/swebench/main/qwen35b/di__binf__otrc/django__django-13012/online-trc/run_2/trajectory.json,ICLR_experiments/swebench/main/qwen35b/di__binf__otrc/django__django-13012/online-trc/run_2/agent.log,ICLR_experiments/swebench/main/qwen35b/di__binf__otrc/eval/qwen35-a3b.django__django-13012__online-trc__r2.json
di__binf__otrc,otrc,binf,3,59,True,Submitted,0,resolved,0,[],54,ICLR_experiments/swebench/main/qwen35b/di__binf__otrc/django__django-13012/online-trc/run_3/trajectory.json,ICLR_experiments/swebench/main/qwen35b/di__binf__otrc/django__django-13012/online-trc/run_3/agent.log,ICLR_experiments/swebench/main/qwen35b/di__binf__otrc/eval/qwen35-a3b.django__django-13012__online-trc__r3.json
