benchmark,depth_removed,threshold,budget,cohort,policy,resolve,dres,dres_lo,dres_hi,usage,usage_lo,usage_hi,bill,bill_lo,bill_hi,time,time_lo,time_hi,n_shared,resolve_lo,resolve_hi,n_success_tasks,n_attempts
swebench,0.3,tight,10000,ABL-25,FC,65.33333333333333,0.0,0.0,0.0,1.0,1.0,1.0,1.0,1.0,1.0,1.0,1.0,1.0,25,50.66666666666666,80.0,25,75
swebench,0.3,tight,10000,ABL-25,TR,44.0,-21.33333333333333,-33.333333333333336,-8.0,0.6381871324773848,0.5320255759715629,0.7765691130472817,1.080557917018556,0.9146792640621807,1.3007627600529805,0.958376004366691,0.8149335568300194,1.121587743053048,25,28.000000000000004,61.33333333333333,25,75
swebench,0.3,tight,10000,ABL-25,TRC,45.33333333333333,-19.999999999999996,-33.333333333333336,-6.666666666666665,0.4888811991877648,0.41431739360637804,0.5936695700325471,0.7388165863205457,0.6279786777675821,0.8925471099530443,0.7268232136164955,0.6157912559765853,0.8613405119866876,25,29.333333333333332,62.66666666666666,25,75
swebench,0.3,tight,10000,ABL-25,SU,46.666666666666664,-18.666666666666664,-30.666666666666664,-8.0,0.5208833595602476,0.43748716379390207,0.6248085145917114,1.0497141526375278,0.8837154875758324,1.2413178684402262,1.1011319797985144,0.9389768106223486,1.2846816037062208,25,33.33333333333333,61.33333333333333,25,75
swebench,0.3,tight,10000,ABL-25,SU-p,52.0,-13.333333333333332,-22.66666666666667,-4.0,0.5645632209020024,0.49054560423749227,0.661804611288638,1.0948105624816074,0.9544089980601107,1.26553326271003,1.1449400541480097,0.9669081183910077,1.3383976446696353,24,37.33333333333333,68.0,25,75
swebench,0.3,tight,10000,ABL-25,SS,56.00000000000001,-9.333333333333332,-21.333333333333336,2.6666666666666674,0.4344566898786122,0.36051337953294577,0.5305978420014125,0.8757849463782221,0.7375058420740661,1.04813511250905,1.051954448008322,0.8506131167917929,1.266341806723017,24,40.0,72.0,25,75
swebench,0.3,tight,10000,ABL-25,SS-p,60.0,-5.333333333333335,-18.666666666666668,6.666666666666669,0.48688784486408243,0.3917959924519043,0.6016083858600304,0.9533988481206425,0.7851458357007137,1.1595671559364398,1.1029752699797972,0.9319430061487763,1.304985687447732,25,43.99999999999999,76.0,25,75
swebench,0.3,tight,10000,ABL-25,TRC+SU,54.666666666666664,-10.666666666666668,-25.33333333333333,2.666666666666665,0.4902368258941812,0.388150657043997,0.6203742456800001,0.939666751056411,0.7504455316441567,1.1876319784998242,0.983088178734041,0.8619525317833377,1.1189619554628005,25,38.666666666666664,70.66666666666666,25,75
swebench,0.3,tight,10000,ABL-25,TRC+SS,63.99999999999999,-1.3333333333333335,-9.333333333333334,6.666666666666668,0.48452168424073816,0.4194806629557173,0.57664336464216,0.8922061199906843,0.787485744273475,1.0232761258621959,0.9943729004220849,0.8715135049932438,1.1332218755417798,25,49.333333333333336,78.66666666666666,25,75
swebench,0.3,tight,10000,ABL-25,OTRC+TR,45.33333333333333,-20.0,-34.666666666666664,-5.333333333333332,0.45715813032687697,0.387157798801825,0.5455437114821375,0.7969175211635195,0.686286307481404,0.9409306992339015,0.8087551668308689,0.6941507268378323,0.9496919828912032,25,29.333333333333332,62.66666666666666,25,75
swebench,0.3,tight,10000,ABL-25,OTRC+SU-p,49.33333333333333,-16.0,-26.66666666666667,-4.000000000000001,0.44597945638387543,0.3874064880202888,0.5278810491805589,0.8577128555983583,0.7679442420663508,0.971772934419184,0.9382429903285257,0.8062490049345616,1.0782396063798882,24,34.666666666666664,65.33333333333333,25,75
swebench,0.3,tight,10000,ABL-25,OTRC+SS-p,45.33333333333333,-19.999999999999996,-34.666666666666664,-6.666666666666668,0.4553890398171843,0.3947489103385192,0.5369359774011937,0.8584096736467135,0.7619343411356055,0.9815611927572584,1.013995319468145,0.8599943962486981,1.1772328050365384,25,29.33333333333333,62.66666666666666,25,75
swebench,0.3,tight,10000,ABL-25,OTRC,64.0,-1.3333333333333326,-9.333333333333332,5.333333333333334,0.7247854589919406,0.609957401097831,0.8713366960366804,1.0878153350739799,0.9396991038251263,1.270268379518103,0.9574092523887267,0.8601577988601204,1.0656831478279376,25,46.666666666666664,80.0,25,75
swebench,0.5,tight,10000,ABL-25,FC,65.33333333333333,0.0,0.0,0.0,1.0,1.0,1.0,1.0,1.0,1.0,1.0,1.0,1.0,25,50.66666666666666,80.0,25,75
swebench,0.5,tight,10000,ABL-25,TR,41.33333333333333,-24.0,-39.99999999999999,-9.333333333333336,0.5921604135398552,0.4862180811748483,0.742230729811858,0.889280492256889,0.7288283503365853,1.1014539886060015,0.8500260610733716,0.6972871904644272,1.0027944254964931,25,26.666666666666668,57.33333333333333,25,75
swebench,0.5,tight,10000,ABL-25,TRC,45.33333333333333,-19.999999999999996,-33.333333333333336,-6.666666666666665,0.4888811991877648,0.41419046828977873,0.593368745775893,0.7388165863205457,0.6277529641414438,0.8886425168576786,0.7268232136164955,0.6143686932242232,0.860571132314442,25,29.333333333333332,62.66666666666666,25,75
swebench,0.5,tight,10000,ABL-25,SU,50.66666666666666,-14.666666666666664,-25.33333333333333,-5.333333333333332,0.5290312369147504,0.45166785273410864,0.642086167330287,1.0673887771229225,0.9325047178201193,1.2599712329361588,1.1578794766249905,0.987090973827142,1.3677565228853095,24,37.30000000000002,65.33333333333333,25,75
swebench,0.5,tight,10000,ABL-25,SU-p,46.666666666666664,-18.666666666666668,-29.333333333333336,-8.0,0.5330286555628558,0.4354467322072863,0.6559364532166732,1.0175426667882994,0.8329026568471389,1.2537984701478118,1.1159011931479377,0.9306322793195076,1.3223098258260908,25,31.999999999999996,62.66666666666666,25,75
swebench,0.5,tight,10000,ABL-25,SS,52.0,-13.333333333333332,-25.333333333333336,-1.3333333333333346,0.46635721773607336,0.3702001371098432,0.5838921324283568,0.9331572567373752,0.7437421604800772,1.1550273348223001,1.0747171896624617,0.9066116850460946,1.290570921500601,25,36.0,68.0,25,75
swebench,0.5,tight,10000,ABL-25,SS-p,50.66666666666666,-14.666666666666664,-25.333333333333336,-4.0,0.4882850659464434,0.42389321030944693,0.5734975898371092,0.9351518891713931,0.8139713242528751,1.0901296287258047,1.0464362174459656,0.8779625756725017,1.2213562918275098,25,36.0,65.33333333333334,25,75
swebench,0.5,tight,10000,ABL-25,TRC+SU,54.666666666666664,-10.666666666666668,-25.33333333333333,1.3333333333333348,0.4902368258941812,0.3883341066906667,0.6203308420921535,0.939666751056411,0.7504455316441567,1.1864153988946062,0.983088178734041,0.8630751800658798,1.1189215248917195,25,38.666666666666664,70.66666666666666,25,75
swebench,0.5,tight,10000,ABL-25,TRC+SS,63.99999999999999,-1.3333333333333335,-9.333333333333334,6.666666666666668,0.48452168424073816,0.42007520455395736,0.5781914525482836,0.8922061199906843,0.7876129510007263,1.0206511218606273,0.9943729004220849,0.8703318834379762,1.1344078092446157,25,49.333333333333336,78.66666666666666,25,75
swebench,0.5,tight,10000,ABL-25,OTRC+TR,45.33333333333333,-20.0,-34.666666666666664,-5.333333333333332,0.45715813032687697,0.38660895586212785,0.5448107542987202,0.7969175211635195,0.6860972609772156,0.9433810150367844,0.8087551668308689,0.6941507268378323,0.9496329306800113,25,29.333333333333332,62.66666666666666,25,75
swebench,0.5,tight,10000,ABL-25,OTRC+SU-p,49.33333333333333,-16.0,-26.66666666666667,-4.000000000000001,0.44597945638387543,0.386776574953001,0.5259906932419963,0.8577128555983583,0.7674583820777714,0.9729463727956119,0.9382429903285257,0.8073740816050177,1.0789412825175002,24,34.666666666666664,65.33333333333333,25,75
swebench,0.5,tight,10000,ABL-25,OTRC+SS-p,45.33333333333333,-19.999999999999996,-34.666666666666664,-6.666666666666666,0.4553890398171843,0.39518684947097843,0.5351311643761377,0.8584096736467135,0.7594294555416571,0.9800999073492984,1.013995319468145,0.8597724664834667,1.1794772011404446,25,29.33333333333333,62.66666666666666,25,75
swebench,0.5,tight,10000,ABL-25,OTRC,64.0,-1.3333333333333326,-9.333333333333332,5.333333333333334,0.7247854589919406,0.609957401097831,0.8713366960366804,1.0878153350739799,0.9396991038251263,1.270268379518103,0.9574092523887267,0.8601577988601204,1.0656831478279376,25,46.666666666666664,80.0,25,75
swebench,0.7,tight,10000,ABL-25,FC,65.33333333333333,0.0,0.0,0.0,1.0,1.0,1.0,1.0,1.0,1.0,1.0,1.0,1.0,25,50.66666666666666,80.0,25,75
swebench,0.7,tight,10000,ABL-25,TR,37.33333333333333,-28.0,-42.66666666666667,-14.666666666666664,0.5962422748107075,0.49815635170935907,0.7356350403530735,0.8966048120797678,0.7584973002490315,1.0884836714178263,1.0415703646067793,0.8739272323712406,1.2452153197976685,24,21.333333333333332,54.666666666666664,25,75
swebench,0.7,tight,10000,ABL-25,TRC,45.33333333333333,-19.999999999999996,-33.33333333333333,-6.666666666666666,0.4888811991877648,0.4141135034222799,0.5954649379054677,0.7388165863205457,0.6311579437919093,0.8924038100884631,0.7268232136164955,0.6145720897164876,0.8538148208390681,25,29.333333333333332,62.66666666666666,25,75
swebench,0.7,tight,10000,ABL-25,SU,48.0,-17.333333333333332,-31.999999999999996,-3.9999999999999982,0.5364652189965488,0.4549575534252938,0.6420706379225819,1.0910217829447963,0.9290889841821481,1.2998074903717247,1.1890431612458234,0.9892000503040044,1.3970012310127708,24,30.666666666666664,65.33333333333334,25,75
swebench,0.7,tight,10000,ABL-25,SU-p,49.33333333333333,-15.999999999999998,-30.66666666666666,-2.6666666666666656,0.5342757290768028,0.4413788519545884,0.660950523014144,1.1098167775395145,0.9092283077145297,1.3799130668456547,1.1502400264856814,0.9412098220280951,1.4018308202158245,25,32.0,67.99999999999999,25,75
swebench,0.7,tight,10000,ABL-25,SS,43.99999999999999,-21.333333333333336,-34.666666666666664,-9.333333333333332,0.46078160165516835,0.37444950947633615,0.5896935175782684,0.8730477471771863,0.7316028744936401,1.0870221208891673,1.2933577250077903,1.0521874197949441,1.5354586422672218,21,28.000000000000004,61.33333333333333,25,75
swebench,0.7,tight,10000,ABL-25,SS-p,56.00000000000001,-9.333333333333332,-20.0,1.3666666666661846,0.4549546229172919,0.36387259597888705,0.5567339103596677,0.8640157071124653,0.7130402586865812,1.0292716272013258,1.262950904772671,1.0647994102101437,1.4951314677720524,23,40.0,72.0,25,75
swebench,0.7,tight,10000,ABL-25,TRC+SU,54.666666666666664,-10.666666666666668,-25.333333333333336,2.6666666666666656,0.4902368258941812,0.3840678579972163,0.6231639816918824,0.939666751056411,0.7472162812003228,1.1762294638750606,0.983088178734041,0.8640476861445138,1.1210368417736776,25,38.666666666666664,70.66666666666666,25,75
swebench,0.7,tight,10000,ABL-25,TRC+SS,63.99999999999999,-1.3333333333333335,-9.333333333333334,6.666666666666668,0.48452168424073816,0.42012494293937847,0.5743883570087385,0.8922061199906843,0.7854579917856759,1.0294715882781156,0.9943729004220849,0.8727829371842476,1.1339482552948585,25,49.333333333333336,78.66666666666666,25,75
swebench,0.7,tight,10000,ABL-25,OTRC+TR,45.33333333333333,-20.0,-34.666666666666664,-5.333333333333332,0.45715813032687697,0.3888639368539962,0.5500654086174206,0.7969175211635195,0.687909101743972,0.9348500904187061,0.8087551668308689,0.6960845962015398,0.9508622110611162,25,29.333333333333332,62.66666666666666,25,75
swebench,0.7,tight,10000,ABL-25,OTRC+SU-p,49.33333333333333,-16.0,-26.66666666666667,-5.333333333333332,0.44597945638387543,0.3864973152026102,0.5285885308285544,0.8577128555983583,0.7690306289788377,0.970218075695389,0.9382429903285257,0.805067371536521,1.0774096654706318,24,34.666666666666664,65.33333333333333,25,75
swebench,0.7,tight,10000,ABL-25,OTRC+SS-p,45.33333333333333,-19.999999999999996,-34.66666666666666,-7.999999999999999,0.4553890398171843,0.39396628915240167,0.5383645978540544,0.8584096736467135,0.7641801615574993,0.9835666562016889,1.013995319468145,0.8634296690554548,1.1794774092188494,25,29.33333333333333,62.66666666666666,25,75
swebench,0.7,tight,10000,ABL-25,OTRC,64.0,-1.3333333333333326,-9.333333333333332,5.333333333333334,0.7247854589919406,0.609957401097831,0.8713366960366804,1.0878153350739799,0.9396991038251263,1.270268379518103,0.9574092523887267,0.8601577988601204,1.0656831478279376,25,46.666666666666664,80.0,25,75
swebench,0.3,primary,15000,ABL-25,FC,65.33333333333333,0.0,0.0,0.0,1.0,1.0,1.0,1.0,1.0,1.0,1.0,1.0,1.0,25,50.66666666666666,80.0,25,75
swebench,0.3,primary,15000,ABL-25,TR,61.33333333333333,-3.9999999999999987,-13.333333333333336,5.333333333333335,0.7551323631069583,0.6313043060614117,0.9164295067805704,1.0599710606709831,0.8921827865062364,1.282784983254229,1.0314713248663296,0.8751025689604411,1.2014320826977092,24,44.0,78.66666666666666,25,75
swebench,0.3,primary,15000,ABL-25,TRC,72.0,6.666666666666666,2.842170943040401e-16,14.666666666666668,0.6166158534914236,0.4921529584637354,0.7626181483775945,0.7730165652261269,0.6372344782209943,0.9309022946355583,0.8736128113377137,0.7341974248271348,1.032497603378012,24,56.00000000000001,87.99999999999999,25,75
swebench,0.3,primary,15000,ABL-25,SU,50.66666666666667,-14.666666666666664,-25.333333333333336,-4.000000000000002,0.6686041875327423,0.5373917343689251,0.8474785321157655,1.0370917575491088,0.8329974668763045,1.294116394500061,1.1614895488018981,0.9339998743629127,1.4292246426016368,25,35.99999999999999,66.66666666666666,25,75
swebench,0.3,primary,15000,ABL-25,SU-p,66.66666666666666,1.3333333333333328,-9.333333333333336,10.666666666666664,0.6573131788921347,0.524027525679403,0.7846378269053079,1.0299355445293374,0.8309115163580171,1.2160426926746397,1.1392520760617466,0.9857735694767497,1.290788376732549,23,50.66666666666666,82.66666666666666,25,75
swebench,0.3,primary,15000,ABL-25,SS,57.33333333333333,-7.999999999999999,-18.666666666666664,1.333333333333333,0.6323019278297485,0.5168746325114578,0.7734592814666683,0.9870396403904811,0.8413203595820928,1.1606124863615601,1.1491445383436232,0.9891552478090878,1.3333452779886439,25,41.33333333333333,73.33333333333333,25,75
swebench,0.3,primary,15000,ABL-25,SS-p,70.66666666666666,5.333333333333332,-2.666666666666666,13.333333333333336,0.6244525727594871,0.5369737445958974,0.7309282980568915,0.9671717263393422,0.8426984951302382,1.1102295377228146,1.0465873508404229,0.9081901860154455,1.18536177423872,24,54.666666666666664,85.33333333333333,25,75
swebench,0.3,primary,15000,ABL-25,TRC+SU,68.0,2.6666666666666656,-6.666666666666665,12.0,0.5608727544164239,0.46748482419667153,0.6786012173847925,0.7723767429655932,0.6629560632818591,0.9041341802488412,0.9568597172731695,0.8327672318720633,1.1038047697608806,24,53.333333333333336,82.66666666666666,25,75
swebench,0.3,primary,15000,ABL-25,TRC+SS,62.66666666666666,-2.666666666666666,-9.333333333333334,4.000000000000001,0.6106879591023772,0.4933402229921754,0.7448498884439595,0.8694098529028352,0.715746182063163,1.0458214568747612,1.0526711408811278,0.8904322382146989,1.2505117409958273,24,46.66666666666666,78.66666666666666,25,75
swebench,0.3,primary,15000,ABL-25,OTRC+TR,55.99999999999999,-9.333333333333332,-21.333333333333336,2.6666666666666674,0.49894643884356443,0.40887019019880344,0.6018228257550686,0.8321663217896325,0.6996476315325149,0.9907317637382197,0.924912232335546,0.8047493487495647,1.0370262990122296,25,40.0,72.0,25,75
swebench,0.3,primary,15000,ABL-25,OTRC+SU-p,66.66666666666666,1.3333333333333335,-9.333333333333334,12.000000000000002,0.47604546900348077,0.3878507493202085,0.5827683175388032,0.841819819045352,0.7040188277233529,1.004671419639519,0.9472891109101619,0.8286741362167288,1.0675266595537616,24,51.99999999999999,81.33333333333333,25,75
swebench,0.3,primary,15000,ABL-25,OTRC+SS-p,58.66666666666666,-6.666666666666666,-18.666666666666668,4.000000000000002,0.36668866499562347,0.2877129271074118,0.47609836344003814,0.6670578249196613,0.531895934532157,0.8384876248061133,0.9116943337368629,0.7429160548962509,1.094880125505269,23,41.33333333333333,76.0,25,75
swebench,0.3,primary,15000,ABL-25,OTRC,64.0,-1.3333333333333326,-9.333333333333332,5.333333333333334,0.7247854589919406,0.609957401097831,0.8713366960366804,1.0878153350739799,0.9396991038251263,1.270268379518103,0.9574092523887267,0.8601577988601204,1.0656831478279376,25,46.666666666666664,80.0,25,75
swebench,0.7,primary,15000,ABL-25,FC,65.33333333333333,0.0,0.0,0.0,1.0,1.0,1.0,1.0,1.0,1.0,1.0,1.0,1.0,25,50.66666666666666,80.0,25,75
swebench,0.7,primary,15000,ABL-25,TR,50.66666666666667,-14.666666666666664,-26.666666666666664,-3.9999999999999982,0.735721714363939,0.6369312500508555,0.866352197549898,0.8992017082312439,0.7795429686991677,1.0569801049716971,1.1680720774829252,1.0031810330410442,1.370994416083262,25,34.66666666666667,66.66666666666666,25,75
swebench,0.7,primary,15000,ABL-25,TRC,72.0,6.666666666666666,2.842170943040401e-16,14.666666666666668,0.6166158534914236,0.4923682374898682,0.7626193343741579,0.7730165652261269,0.6387324009371815,0.9337458136524386,0.8736128113377137,0.7335189219343875,1.032497603378012,24,56.00000000000001,87.99999999999999,25,75
swebench,0.7,primary,15000,ABL-25,SU,60.0,-5.333333333333332,-14.666666666666664,2.6666666666666674,0.5928927308186137,0.49928767564118076,0.7169482708109581,0.9371309936772155,0.7994386581485666,1.0856626053977123,1.0776336914602755,0.9166133692457992,1.256579054851733,25,44.0,76.0,25,75
swebench,0.7,primary,15000,ABL-25,SU-p,63.99999999999999,-1.3333333333333328,-10.666666666666664,8.000000000000002,0.6599315289122755,0.5572590506180888,0.808640682736635,1.0020468982892468,0.8393559544332384,1.2090214085336408,1.0837195262674173,0.9250353906743526,1.251589847533634,23,49.33333333333333,78.66666666666667,25,75
swebench,0.7,primary,15000,ABL-25,SS,56.00000000000001,-9.333333333333332,-24.0,4.000000000000001,0.6066948166491251,0.5214502453890106,0.7056951252236567,0.9404958778424751,0.8265519127740184,1.068741047574791,1.112487223304938,0.9537329671088601,1.2905545472628002,25,40.0,72.0,25,75
swebench,0.7,primary,15000,ABL-25,SS-p,60.0,-5.333333333333332,-16.0,4.0,0.5802883604855467,0.5088981931367125,0.6591228955459388,0.9001669826001348,0.8054919332949082,0.9967134884642035,1.0014248361106173,0.8534167643786724,1.1520768277055315,25,44.0,76.0,25,75
swebench,0.7,primary,15000,ABL-25,TRC+SU,68.0,2.6666666666666656,-5.3666666666666565,12.0,0.5608727544164239,0.4655965763712919,0.6797524565315112,0.7723767429655932,0.6655622396607798,0.9056329735141175,0.9568597172731695,0.8317200602975605,1.1031499508110865,24,53.333333333333336,82.66666666666666,25,75
swebench,0.7,primary,15000,ABL-25,TRC+SS,62.66666666666666,-2.666666666666666,-9.333333333333334,4.000000000000001,0.6106879591023772,0.49521888627060734,0.7448456916931591,0.8694098529028352,0.7151602156713905,1.0471405304590982,1.0526711408811278,0.8898642085432407,1.250795550679702,24,46.66666666666666,78.66666666666666,25,75
swebench,0.7,primary,15000,ABL-25,OTRC+TR,55.99999999999999,-9.333333333333332,-21.333333333333336,2.666666666666667,0.49894643884356443,0.4102220690142351,0.6009142063809471,0.8321663217896325,0.7002636400672357,0.9951766512813957,0.924912232335546,0.8082095024872321,1.0390788758373612,25,40.0,72.0,25,75
swebench,0.7,primary,15000,ABL-25,OTRC+SU-p,66.66666666666666,1.3333333333333335,-9.333333333333332,13.33333333333333,0.47604546900348077,0.3878776712797221,0.5814289848832919,0.841819819045352,0.7049904339717864,1.006197801763074,0.9472891109101619,0.8294148286649091,1.071138333927577,24,51.99999999999999,81.33333333333333,25,75
swebench,0.7,primary,15000,ABL-25,OTRC+SS-p,58.66666666666666,-6.666666666666666,-18.666666666666664,5.333333333333334,0.36668866499562347,0.28609363859594933,0.47584463597727417,0.6670578249196613,0.533891223111112,0.8349764032709667,0.9116943337368629,0.7389777071493785,1.0814793732109265,23,41.33333333333333,76.0,25,75
swebench,0.7,primary,15000,ABL-25,OTRC,64.0,-1.3333333333333326,-9.333333333333332,5.333333333333334,0.7247854589919406,0.609957401097831,0.8713366960366804,1.0878153350739799,0.9396991038251263,1.270268379518103,0.9574092523887267,0.8601577988601204,1.0656831478279376,25,46.666666666666664,80.0,25,75
swebench,0.3,loose,20000,ABL-25,FC,65.33333333333333,0.0,0.0,0.0,1.0,1.0,1.0,1.0,1.0,1.0,1.0,1.0,1.0,25,50.66666666666666,80.0,25,75
swebench,0.3,loose,20000,ABL-25,TR,54.66666666666665,-10.666666666666664,-21.333333333333336,-5.684341886080802e-16,0.9848102027377504,0.8543300509323903,1.145593387689177,1.263092898150448,1.1145891909969563,1.4435347451773708,1.1254536502536059,0.972548465502512,1.3015258475536133,24,38.666666666666664,70.66666666666666,25,75
swebench,0.3,loose,20000,ABL-25,TRC,68.0,2.6666666666666674,-6.666666666666666,12.0,0.7229509826616327,0.6342434382711678,0.8339454172646408,0.8392547262935308,0.7438244110941786,0.9571400485317143,0.8596588759723849,0.7396945626418334,0.9913133631446334,24,50.66666666666666,84.0,25,75
swebench,0.3,loose,20000,ABL-25,SU,57.33333333333333,-8.000000000000002,-21.33333333333333,5.333333333333332,0.7374885336544122,0.5791302326239368,0.9297152756408475,0.9945886835338184,0.8031201624090887,1.2316799872848074,1.166943021078938,0.9942167032537629,1.3613102953824594,24,41.333333333333336,73.33333333333333,25,75
swebench,0.3,loose,20000,ABL-25,SU-p,63.99999999999999,-1.333333333333333,-10.666666666666668,7.999999999999999,0.6615467315092101,0.5344835658812768,0.8030462268794238,0.8550776652981155,0.7021772443682653,1.02222850557128,1.0136895825526056,0.8800975332838031,1.1421867099320175,24,49.33333333333333,78.66666666666666,25,75
swebench,0.3,loose,20000,ABL-25,SS,62.66666666666666,-2.666666666666667,-16.000000000000004,10.666666666666664,0.7458046305962003,0.6215110829313664,0.8773062579823294,1.006641403867245,0.8509867498993737,1.1686424365984698,1.1130216137681233,0.947229183985534,1.277148308383817,25,46.666666666666664,77.33333333333333,25,75
swebench,0.3,loose,20000,ABL-25,SS-p,65.33333333333333,-2.842170943040401e-16,-9.333333333333334,8.0,0.693817040675228,0.5900575115696746,0.805832615386155,0.9278934558404207,0.8201567118121054,1.0494551644601664,1.1048888527101541,0.9809913458802354,1.2327729684245143,24,49.333333333333336,80.0,25,75
swebench,0.3,loose,20000,ABL-25,TRC+SU,65.33333333333333,8.526512829121202e-16,-10.666666666666664,10.666666666666668,0.7199422646800343,0.5624276013184053,0.9225677385427971,0.8485793673586031,0.6822663747706775,1.0502120284203906,1.1581194740499274,0.9839869897004819,1.33781303826842,23,49.33333333333333,81.33333333333333,25,75
swebench,0.3,loose,20000,ABL-25,TRC+SS,74.66666666666666,9.333333333333334,-8.526512829121202e-16,18.666666666666664,0.7379927066693516,0.6393611022428128,0.8727442085061647,0.8869519603553832,0.7737225718719462,1.0313582608918803,1.1668366533766474,1.0262738701531913,1.3214129600286901,25,60.0,89.33333333333333,25,75
swebench,0.3,loose,20000,ABL-25,OTRC+TR,62.66666666666666,-2.666666666666666,-13.333333333333332,9.333333333333332,0.5493469806974541,0.4462797879837418,0.6743192892875206,0.9009051213776864,0.7422861939829583,1.0923047650708062,0.9640646413079398,0.8265651236609689,1.1332121137150843,25,46.666666666666664,78.66666666666666,25,75
swebench,0.3,loose,20000,ABL-25,OTRC+SU-p,62.66666666666666,-2.666666666666667,-10.666666666666664,5.333333333333332,0.5045689907451132,0.41735187726778306,0.617346444223929,0.8386114144607176,0.7058807722160084,0.9998906624900036,0.8430691715479599,0.725685796498195,0.9809087070903797,24,47.99999999999999,77.33333333333333,25,75
swebench,0.3,loose,20000,ABL-25,OTRC+SS-p,65.33333333333333,1.7053025658242404e-15,-12.0,12.000000000000005,0.5170228924072252,0.4126637401129164,0.6332050763400005,0.865453449317002,0.7045639096872849,1.0410882077089845,0.9169292385236917,0.7791701015939771,1.0882352454790343,24,47.99999999999999,82.66666666666666,25,75
swebench,0.3,loose,20000,ABL-25,OTRC,64.0,-1.3333333333333326,-9.333333333333332,5.333333333333334,0.7247854589919406,0.609957401097831,0.8713366960366804,1.0878153350739799,0.9396991038251263,1.270268379518103,0.9574092523887267,0.8601577988601204,1.0656831478279376,25,46.666666666666664,80.0,25,75
swebench,0.5,loose,20000,ABL-25,FC,65.33333333333333,0.0,0.0,0.0,1.0,1.0,1.0,1.0,1.0,1.0,1.0,1.0,1.0,25,50.66666666666666,80.0,25,75
swebench,0.5,loose,20000,ABL-25,TR,62.66666666666666,-2.666666666666667,-10.666666666666668,5.333333333333332,0.8200743234596911,0.6802127811969922,0.9814295806487265,1.0035036668253923,0.8265176837717734,1.2184322063586939,0.9254526534603383,0.791432316232456,1.0935790021798821,25,48.0,77.33333333333333,25,75
swebench,0.5,loose,20000,ABL-25,TRC,68.0,2.6666666666666674,-6.666666666666666,12.0,0.7229509826616327,0.6342980842729966,0.8330394926974772,0.8392547262935308,0.7434116740420238,0.9560057416731949,0.8596588759723849,0.7400976331724155,0.9912199650237891,24,50.66666666666666,84.0,25,75
swebench,0.5,loose,20000,ABL-25,SU,62.66666666666666,-2.6666666666666674,-16.0,9.333333333333334,0.6206765302549292,0.48979825598670707,0.7785605657828819,0.8595148328453431,0.6895423791815847,1.0603340151440992,0.9329461966906911,0.8136303850106726,1.0803268503769956,24,46.666666666666664,78.66666666666666,25,75
swebench,0.5,loose,20000,ABL-25,SU-p,65.33333333333333,-2.842170943040401e-16,-8.0,8.0,0.7034028498113194,0.5644800205994179,0.8596597353604553,0.9218998720557532,0.7736202084339459,1.08973914193143,1.1096238897890438,0.9689965352215224,1.2675395737973163,25,50.66666666666666,78.66666666666667,25,75
swebench,0.5,loose,20000,ABL-25,SS,58.666666666666664,-6.666666666666666,-17.333333333333332,4.0,0.6980161783522751,0.5640177288309743,0.8574822201753397,0.9137502583399231,0.7552820848503689,1.1023580013531313,1.029361199092447,0.896616253288543,1.1954197026399085,25,42.666666666666664,73.33333333333333,25,75
swebench,0.5,loose,20000,ABL-25,SS-p,73.33333333333333,8.0,0.0,17.33333333333333,0.6141715195598677,0.5095641706039556,0.73030279745799,0.8204823824321316,0.6980294728742363,0.9554762728215587,1.0363667523658011,0.8886270273382142,1.1916544990864082,24,57.33333333333333,88.0,25,75
swebench,0.5,loose,20000,ABL-25,TRC+SU,65.33333333333333,8.526512829121202e-16,-10.666666666666664,10.666666666666668,0.7199422646800343,0.5591367259672091,0.9251178477811428,0.8485793673586031,0.6860848774363011,1.05583180630763,1.1581194740499274,0.9789803483070636,1.334617871382275,23,49.33333333333333,81.33333333333333,25,75
swebench,0.5,loose,20000,ABL-25,TRC+SS,74.66666666666666,9.333333333333334,-8.526512829121202e-16,18.666666666666664,0.7379927066693516,0.6386824340068298,0.8733896096025968,0.8869519603553832,0.7759445805759311,1.0282392622942407,1.1668366533766474,1.0242156381547407,1.3214103366025072,25,60.0,89.33333333333333,25,75
swebench,0.5,loose,20000,ABL-25,OTRC+TR,62.66666666666666,-2.666666666666666,-13.333333333333332,9.333333333333334,0.5493469806974541,0.44580039426358975,0.6721443864466211,0.9009051213776864,0.7428370139013915,1.0950238636472005,0.9640646413079398,0.830012240337071,1.1367699138482485,25,46.666666666666664,78.66666666666666,25,75
swebench,0.5,loose,20000,ABL-25,OTRC+SU-p,62.66666666666666,-2.666666666666667,-10.666666666666664,5.333333333333332,0.5045689907451132,0.4194181320004662,0.6172874863716317,0.8386114144607176,0.7057482146986035,1.0015403950926562,0.8430691715479599,0.7279454563754384,0.9833055961583368,24,47.99999999999999,77.33333333333333,25,75
swebench,0.5,loose,20000,ABL-25,OTRC+SS-p,65.33333333333333,1.7053025658242404e-15,-12.0,13.333333333333336,0.5170228924072252,0.4116563368547353,0.634275767753692,0.865453449317002,0.7071110677145674,1.0400808306425082,0.9169292385236917,0.7793420249094882,1.088320640680195,24,47.99999999999999,82.66666666666666,25,75
swebench,0.5,loose,20000,ABL-25,OTRC,64.0,-1.3333333333333326,-9.333333333333332,5.333333333333334,0.7247854589919406,0.609957401097831,0.8713366960366804,1.0878153350739799,0.9396991038251263,1.270268379518103,0.9574092523887267,0.8601577988601204,1.0656831478279376,25,46.666666666666664,80.0,25,75
swebench,0.7,loose,20000,ABL-25,FC,65.33333333333333,0.0,0.0,0.0,1.0,1.0,1.0,1.0,1.0,1.0,1.0,1.0,1.0,25,50.66666666666666,80.0,25,75
swebench,0.7,loose,20000,ABL-25,TR,60.0,-5.333333333333332,-13.333333333333336,4.000000000000001,0.7990047811901607,0.6642498897728522,0.9604333885497609,0.899350817857362,0.7569021537465257,1.0662356495755432,1.1892409304695486,1.001508679025523,1.4256486701922608,25,44.0,76.0,25,75
swebench,0.7,loose,20000,ABL-25,TRC,68.0,2.6666666666666674,-6.666666666666666,12.0,0.7229509826616327,0.6342633461386599,0.8330394926974772,0.8392547262935308,0.7438244110941786,0.9574764472049075,0.8596588759723849,0.7393088359176396,0.9906944726655758,24,50.66666666666666,84.0,25,75
swebench,0.7,loose,20000,ABL-25,SU,56.00000000000001,-9.333333333333332,-17.333333333333332,-5.684341886080802e-16,0.7548782157920583,0.6156280799128476,0.929583143952323,0.9859556728306779,0.8002761646058519,1.201201136501431,1.0870375785296102,0.9062690598209677,1.2857253066158154,23,41.33333333333333,72.0,25,75
swebench,0.7,loose,20000,ABL-25,SU-p,62.66666666666666,-2.666666666666667,-12.0,6.666666666666665,0.6382556481552818,0.5168604648857608,0.7939678725192758,0.83879863262206,0.7018651450935846,1.0171960642477318,1.0533900625773447,0.9236689460894806,1.2050218182110237,25,48.0,77.33333333333333,25,75
swebench,0.7,loose,20000,ABL-25,SS,64.0,-1.333333333333333,-11.999999999999998,8.000000000000002,0.7008118742726152,0.5831339951879002,0.8486828431403498,0.9354095270799081,0.7903198719609291,1.114823339419846,1.0723966156911662,0.9349968369100606,1.251230563405889,25,49.33333333333333,78.66666666666667,25,75
swebench,0.7,loose,20000,ABL-25,SS-p,68.0,2.666666666666667,-6.666666666666668,12.0,0.6373701418136837,0.5456549250340663,0.7546750999181879,0.8568242574445785,0.7384665862075939,1.023681038548424,1.0057485166227145,0.8902228631411205,1.127303899316587,24,52.0,82.66666666666667,25,75
swebench,0.7,loose,20000,ABL-25,TRC+SU,65.33333333333333,8.526512829121202e-16,-10.666666666666664,10.666666666666668,0.7199422646800343,0.5577004997276839,0.9356519419187376,0.8485793673586031,0.6842009034239046,1.0487590277878949,1.1581194740499274,0.988096293447564,1.334715236514596,23,49.33333333333333,81.33333333333333,25,75
swebench,0.7,loose,20000,ABL-25,TRC+SS,74.66666666666666,9.333333333333334,-8.526512829121202e-16,18.666666666666664,0.7379927066693516,0.6393738301838386,0.8732742785133122,0.8869519603553832,0.7751425447795018,1.028991273919206,1.1668366533766474,1.0242978013833006,1.3218632976370677,25,60.0,89.33333333333333,25,75
swebench,0.7,loose,20000,ABL-25,OTRC+TR,62.66666666666666,-2.666666666666666,-13.333333333333332,9.333333333333332,0.5493469806974541,0.4453872503560877,0.6738359526740574,0.9009051213776864,0.7417908614711037,1.0930943050881206,0.9640646413079398,0.8265651236609689,1.1321592096759825,25,46.666666666666664,78.66666666666666,25,75
swebench,0.7,loose,20000,ABL-25,OTRC+SU-p,62.66666666666666,-2.666666666666667,-10.666666666666664,5.333333333333332,0.5045689907451132,0.4182325579878762,0.617117367848813,0.8386114144607176,0.7052953226683456,1.0028041303671138,0.8430691715479599,0.7282171274426409,0.9818021229911442,24,47.99999999999999,77.33333333333333,25,75
swebench,0.7,loose,20000,ABL-25,OTRC+SS-p,65.33333333333333,1.7053025658242404e-15,-12.0,13.333333333333332,0.5170228924072252,0.41239513405850203,0.6335811143951295,0.865453449317002,0.7070878593227896,1.04238051013702,0.9169292385236917,0.7795617545133556,1.088951284719021,24,47.99999999999999,82.66666666666666,25,75
swebench,0.7,loose,20000,ABL-25,OTRC,64.0,-1.3333333333333326,-9.333333333333332,5.333333333333334,0.7247854589919406,0.609957401097831,0.8713366960366804,1.0878153350739799,0.9396991038251263,1.270268379518103,0.9574092523887267,0.8601577988601204,1.0656831478279376,25,46.666666666666664,80.0,25,75
terminalbench,0.3,tight,2000,TB-15,FC,55.55555555555556,0.0,0.0,0.0,1.0,1.0,1.0,1.0,1.0,1.0,1.0,1.0,1.0,14,33.33333333333333,77.77777777777776,15,45
terminalbench,0.3,tight,2000,TB-15,TR,37.77777777777777,-17.77777777777778,-40.0,1.8947806286936005e-15,0.36778199344495793,0.22506398193052968,0.6516895036085103,0.7738374491498449,0.35611913384324956,1.4168669709101613,1.1660261257628952,0.7618382157063035,1.777150690970877,13,17.777777777777775,60.0,15,45
terminalbench,0.3,tight,2000,TB-15,TRC,28.888888888888886,-26.666666666666664,-46.666666666666664,-6.666666666666667,0.47087393424341395,0.27281737298773323,1.040467649496709,0.9181129311215495,0.4323299321018323,1.6904515748690196,1.4242173029228014,0.8131903061186427,2.3722931701509613,12,8.888888888888888,51.11111111111112,15,45
terminalbench,0.3,tight,2000,TB-15,SU,17.777777777777775,-37.77777777777778,-62.222222222222214,-15.555555555555552,0.13465890270448744,0.09289673903224664,0.4017062196872755,0.45105926381479433,0.33126929474344946,1.0968249510624506,1.1680588019874947,0.8626025483335522,2.030781324952241,7,2.222222222222222,37.77777777777777,15,45
terminalbench,0.3,tight,2000,TB-15,SU-p,26.666666666666668,-28.88888888888889,-51.1111111111111,-8.88888888888889,0.2247980234272074,0.10105753127498097,0.9489817274901187,0.5727612042546439,0.280195206744404,1.5943801961518265,1.5477430127971472,0.9187504232198597,2.8269644954174815,9,8.888888888888888,46.666666666666664,15,45
terminalbench,0.3,tight,2000,TB-15,SS,22.222222222222225,-33.33333333333333,-55.55555555555555,-11.11111111111111,0.17601458119692365,0.07131796595512513,0.7647450733963482,0.6046232040385984,0.2633248092545791,2.2732322373697613,1.336362844196584,0.5760470876926138,3.2149797763219627,9,4.444444444444444,44.44444444444444,15,45
terminalbench,0.3,tight,2000,TB-15,SS-p,33.33333333333333,-22.222222222222225,-44.44444444444444,-2.222222222222222,0.19426729006214571,0.09902143119409763,1.7004236858326636,0.47770698951013485,0.28457108145574794,2.7740839007856537,1.3436146352320781,0.9212366095758845,3.0688520647967996,6,13.333333333333334,55.55555555555555,15,45
terminalbench,0.3,tight,2000,TB-15,TRC+SU,17.777777777777775,-37.777777777777786,-57.777777777777786,-17.77777777777778,0.2794308031743716,0.09020684017446096,1.213464149487144,0.8719691788257257,0.31601472833651195,3.4120668640627017,1.9611842756708588,0.8036293200122336,4.923565604522036,6,4.444444444444444,31.11111111111111,15,45
terminalbench,0.3,tight,2000,TB-15,TRC+SS,20.0,-35.55555555555555,-55.55555555555555,-17.777777777777775,0.19618127834271876,0.10610026712330041,0.8829758951002711,0.6255859496190369,0.39541085188516506,1.960378486272764,1.1806989747937313,0.9419261048561618,1.97833333398733,9,6.666666666666667,37.77777777777777,15,45
terminalbench,0.3,tight,2000,TB-15,OTRC+TR,26.666666666666668,-28.888888888888893,-51.11111111111111,-6.66666666666667,0.4865572463516228,0.282439351472111,1.1527667795460368,0.7376666210436942,0.4106100854625843,1.4466312895261668,1.594921863794445,0.9656623600270946,2.808892911489112,13,8.888888888888888,46.666666666666664,15,45
terminalbench,0.3,tight,2000,TB-15,OTRC+SU-p,22.22222222222222,-33.333333333333336,-57.77777777777778,-8.888888888888888,0.1418523158668119,0.047970000678087876,1.0822968652443308,0.33901147992255315,0.1258275385371399,1.991717096355246,1.0162269997871383,0.4586962169545618,3.0278066618960806,8,4.444444444444444,42.22222222222223,15,45
terminalbench,0.3,tight,2000,TB-15,OTRC+SS-p,28.888888888888886,-26.666666666666664,-44.44444444444444,-8.88888888888889,0.27607151878001207,0.13244829147540366,0.9316811604143019,0.821296085743702,0.427354771948656,2.037256185783179,1.8924138006595739,1.0463933680475528,4.062783746656261,9,11.11111111111111,48.888888888888886,15,45
terminalbench,0.3,tight,2000,TB-15,OTRC,53.333333333333336,-2.2222222222222223,-15.555555555555554,8.88888888888889,0.6101845751225167,0.39474575936564305,0.886147030635641,1.3570083515568903,0.981446349552241,1.8461662263310126,1.1705934858209779,1.0691855471752898,1.3172927438285171,13,31.111111111111107,75.55555555555554,15,45
terminalbench,0.5,tight,2000,TB-15,FC,55.55555555555556,0.0,0.0,0.0,1.0,1.0,1.0,1.0,1.0,1.0,1.0,1.0,1.0,14,33.33333333333333,77.77777777777776,15,45
terminalbench,0.5,tight,2000,TB-15,TR,31.111111111111107,-24.444444444444443,-44.44444444444444,-4.444444444444444,0.4666761905078311,0.27017496158280935,0.9939914260679583,0.9187191922701013,0.4331373655350269,1.714928155468458,1.4682231657928608,0.8757678372591524,2.3775010407518584,12,11.11111111111111,53.333333333333336,15,45
terminalbench,0.5,tight,2000,TB-15,TRC,28.888888888888886,-26.666666666666664,-46.666666666666664,-6.666666666666667,0.47087393424341395,0.2715650005021965,1.0430688437275908,0.9181129311215495,0.43818739517359473,1.6971820911983744,1.4242173029228014,0.8191621666267558,2.3794589616752253,12,8.888888888888888,51.11111111111112,15,45
terminalbench,0.5,tight,2000,TB-15,SU,17.777777777777775,-37.77777777777778,-62.222222222222214,-13.333333333333334,0.6647645312680064,0.437761932832145,1.3047496907654599,1.8027610982807287,1.1840402017144849,3.939940260294431,3.5127647544904974,2.5410864469874537,5.173559561682573,2,4.444444444444444,35.55555555555555,15,44
terminalbench,0.5,tight,2000,TB-15,SU-p,22.22222222222222,-33.333333333333336,-57.77777777777778,-11.111111111111109,0.19572637277934393,0.08846218265818442,0.8263075147092965,0.5317091709440334,0.2658612444656163,1.5071929485122662,1.5143173773172807,0.830428081659188,3.2677992683104224,10,4.444444444444444,42.22222222222222,15,45
terminalbench,0.5,tight,2000,TB-15,SS,24.444444444444443,-31.111111111111104,-53.333333333333336,-8.888888888888888,0.25087482411685785,0.16382639098754762,0.6184220649565837,0.8797757970269283,0.6016100388760767,1.7433577306703743,1.951095219204666,1.2234556084548407,3.9012331248457586,9,6.666666666666667,46.666666666666664,15,45
terminalbench,0.5,tight,2000,TB-15,SS-p,20.0,-35.55555555555555,-57.77777777777778,-13.33333333333333,0.22489606042344515,0.12747878754079203,1.4417580007505637,0.6180969426191316,0.3653545267803228,2.607723252833009,1.5350296090366986,1.0710602893433327,3.510805280922369,7,0.0,40.0,15,45
terminalbench,0.5,tight,2000,TB-15,TRC+SU,17.777777777777775,-37.777777777777786,-57.777777777777786,-17.77777777777778,0.2794308031743716,0.09017013915714978,1.3700710003197258,0.8719691788257257,0.3097325993971932,3.609447561940047,1.9611842756708588,0.8036293200122336,4.940959832389433,6,4.444444444444444,31.11111111111111,15,45
terminalbench,0.5,tight,2000,TB-15,TRC+SS,20.0,-35.55555555555555,-55.55555555555555,-17.777777777777775,0.19618127834271876,0.10477599569375907,0.886216524466676,0.6255859496190369,0.38881930166735734,1.9739433023269044,1.1806989747937313,0.9398673157756255,1.973836886144735,9,6.666666666666667,37.77777777777777,15,45
terminalbench,0.5,tight,2000,TB-15,OTRC+TR,26.666666666666668,-28.888888888888893,-51.1111111111111,-6.666666666666669,0.4865572463516228,0.28258452592237876,1.1670279407601942,0.7376666210436942,0.41058471766759114,1.457085162476238,1.594921863794445,0.9823377683728707,2.815716068453545,13,8.888888888888888,46.666666666666664,15,45
terminalbench,0.5,tight,2000,TB-15,OTRC+SU-p,22.22222222222222,-33.333333333333336,-57.777777777777764,-11.111111111111109,0.1418523158668119,0.04825563039519049,1.0838731458034874,0.33901147992255315,0.12668425430649782,1.8998973884544397,1.0162269997871383,0.4447043087313445,3.0848259362952084,8,4.444444444444444,42.22222222222223,15,45
terminalbench,0.5,tight,2000,TB-15,OTRC+SS-p,28.888888888888886,-26.666666666666664,-44.44444444444444,-8.88888888888889,0.27607151878001207,0.1334129562508518,0.8900587432855571,0.821296085743702,0.4209920136268502,2.0114546326720655,1.8924138006595739,1.0391179067225975,4.105752123948113,9,11.11111111111111,48.888888888888886,15,45
terminalbench,0.5,tight,2000,TB-15,OTRC,53.333333333333336,-2.2222222222222223,-15.555555555555554,8.88888888888889,0.6101845751225167,0.39474575936564305,0.886147030635641,1.3570083515568903,0.981446349552241,1.8461662263310126,1.1705934858209779,1.0691855471752898,1.3172927438285171,13,31.111111111111107,75.55555555555554,15,45
terminalbench,0.7,tight,2000,TB-15,FC,55.55555555555556,0.0,0.0,0.0,1.0,1.0,1.0,1.0,1.0,1.0,1.0,1.0,1.0,14,33.33333333333333,77.77777777777776,15,45
terminalbench,0.7,tight,2000,TB-15,TR,28.888888888888886,-26.666666666666668,-48.888888888888886,-4.444444444444444,0.48309208114755636,0.27407236613463865,1.0808248857475609,0.9634180128766139,0.4652255214203367,1.8078702780444171,1.4304578846576457,0.8328839808693624,2.327202744632224,12,8.888888888888888,53.333333333333336,15,45
terminalbench,0.7,tight,2000,TB-15,TRC,28.888888888888886,-26.666666666666664,-46.666666666666664,-6.666666666666667,0.47087393424341395,0.27281737298773323,1.040467649496709,0.9181129311215495,0.4323299321018323,1.6904515748690196,1.4242173029228014,0.8131903061186427,2.3722931701509613,12,8.888888888888888,51.11111111111112,15,45
terminalbench,0.7,tight,2000,TB-15,SU,11.11111111111111,-44.44444444444444,-66.66666666666667,-22.22222222222222,0.47546288351916594,0.12711406187660454,2.6376600147530174,1.4750204561000075,0.4192680848101839,6.936865927442544,3.0572714185368843,1.5246650277583316,5.998960545136329,6,0.0,26.666666666666668,15,45
terminalbench,0.7,tight,2000,TB-15,SU-p,15.555555555555555,-40.0,-60.0,-20.0,1.6804290994320745,0.9090124350130958,4.590128309723355,3.2500071168405427,1.7350723658358338,9.966422983303076,3.582224529559556,2.533052136633937,5.520751962036868,4,2.222222222222222,31.11111111111111,15,45
terminalbench,0.7,tight,2000,TB-15,SS,17.77777777777778,-37.77777777777778,-59.99999999999999,-15.555555555555554,0.27145703526507087,0.15728917516747204,0.708509031527727,0.966293442030656,0.5960912553169512,2.1046780017700315,1.8685622375605977,1.1633902981008981,3.299644765249029,12,2.222222222222222,37.77777777777777,15,45
terminalbench,0.7,tight,2000,TB-15,SS-p,17.777777777777775,-37.777777777777764,-57.77777777777778,-17.777777777777775,0.333260288061842,0.17618507272780665,1.2661914525552134,1.101022593416716,0.6404911482382256,2.9599885412200506,2.077697542301444,1.2478346990644018,4.304845949770096,10,4.444444444444444,35.55555555555555,15,45
terminalbench,0.7,tight,2000,TB-15,TRC+SU,17.777777777777775,-37.777777777777786,-57.777777777777786,-17.77777777777778,0.2794308031743716,0.09020684017446096,1.213464149487144,0.8719691788257257,0.31601472833651195,3.4120668640627017,1.9611842756708588,0.8036293200122336,4.923565604522036,6,4.444444444444444,31.11111111111111,15,45
terminalbench,0.7,tight,2000,TB-15,TRC+SS,20.0,-35.55555555555555,-55.55555555555555,-17.777777777777775,0.19618127834271876,0.10610026712330041,0.8829758951002711,0.6255859496190369,0.39541085188516506,1.960378486272764,1.1806989747937313,0.9419261048561618,1.97833333398733,9,6.666666666666667,37.77777777777777,15,45
terminalbench,0.7,tight,2000,TB-15,OTRC+TR,26.666666666666668,-28.888888888888893,-51.11111111111111,-6.66666666666667,0.4865572463516228,0.282439351472111,1.1527667795460368,0.7376666210436942,0.4106100854625843,1.4466312895261668,1.594921863794445,0.9656623600270946,2.808892911489112,13,8.888888888888888,46.666666666666664,15,45
terminalbench,0.7,tight,2000,TB-15,OTRC+SU-p,22.22222222222222,-33.333333333333336,-57.77777777777778,-8.888888888888888,0.1418523158668119,0.047970000678087876,1.0822968652443308,0.33901147992255315,0.1258275385371399,1.991717096355246,1.0162269997871383,0.4586962169545618,3.0278066618960806,8,4.444444444444444,42.22222222222223,15,45
terminalbench,0.7,tight,2000,TB-15,OTRC+SS-p,28.888888888888886,-26.666666666666664,-44.44444444444444,-8.88888888888889,0.27607151878001207,0.13244829147540366,0.9316811604143019,0.821296085743702,0.427354771948656,2.037256185783179,1.8924138006595739,1.0463933680475528,4.062783746656261,9,11.11111111111111,48.888888888888886,15,45
terminalbench,0.7,tight,2000,TB-15,OTRC,53.333333333333336,-2.2222222222222223,-15.555555555555554,8.88888888888889,0.6101845751225167,0.39474575936564305,0.886147030635641,1.3570083515568903,0.981446349552241,1.8461662263310126,1.1705934858209779,1.0691855471752898,1.3172927438285171,13,31.111111111111107,75.55555555555554,15,45
terminalbench,0.3,primary,3000,TB-15,FC,55.55555555555556,0.0,0.0,0.0,1.0,1.0,1.0,1.0,1.0,1.0,1.0,1.0,1.0,14,33.33333333333333,77.77777777777776,15,45
terminalbench,0.3,primary,3000,TB-15,TR,44.44444444444445,-11.11111111111111,-31.111111111111104,6.666666666666669,0.36217234193546777,0.2421762824160737,0.6041093134112148,0.7743084649789304,0.42705660766577414,1.2657661916583214,1.1495768277045912,0.7973104656243478,1.6463917992026795,13,22.22222222222222,66.66666666666666,15,45
terminalbench,0.3,primary,3000,TB-15,TRC,42.22222222222222,-13.333333333333334,-31.111111111111107,0.0,0.48829509767781665,0.2910297327594437,1.0068711692030987,1.169067113336412,0.5256614560425702,2.3168327907076116,1.256158104298863,0.8572259854100501,1.8739718596208934,13,20.0,64.44444444444444,15,45
terminalbench,0.3,primary,3000,TB-15,SU,40.0,-15.555555555555554,-31.111111111111118,-4.618527782442374e-16,0.2014533623148292,0.08627003009252544,0.5609608949412219,0.592486155292394,0.25312287841929015,1.434907339793465,1.2634705810040414,0.6075805703392629,2.607066566917093,12,20.0,62.222222222222214,15,45
terminalbench,0.3,primary,3000,TB-15,SU-p,48.888888888888886,-6.666666666666667,-20.0,4.4444444444444455,0.3406862939407596,0.2025200225380605,0.6899454553331009,0.9487249198951475,0.5432358497349485,1.8161265058522524,1.5604182451119522,0.9145246515107646,2.8861615746361413,13,26.666666666666668,71.1111111111111,15,45
terminalbench,0.3,primary,3000,TB-15,SS,37.777777777777786,-17.77777777777778,-33.333333333333336,-2.2222222222222223,0.16269626274332863,0.10959985208104756,0.386206211649003,0.48823063883479445,0.3365663162918858,0.9125589759511578,0.9555530964505893,0.6455383197962755,1.5175779972019776,10,17.777777777777775,57.777777777777786,15,45
terminalbench,0.3,primary,3000,TB-15,SS-p,44.44444444444444,-11.111111111111112,-31.11111111111111,6.666666666666667,0.24769059524496145,0.18224806001389543,0.4861424964982952,0.6503275923625528,0.49752837958303203,1.0903402588123774,1.3495579662119723,1.0308176373563631,1.9877002533920998,13,22.222222222222225,66.66666666666666,15,45
terminalbench,0.3,primary,3000,TB-15,TRC+SU,40.0,-15.555555555555554,-33.333333333333336,2.2222222222222245,0.29524693031952304,0.10410276485966588,0.8993406320284288,0.8765806731257378,0.28963625354733974,2.173201274652268,1.3541601780679133,0.5906304705747795,2.956729669431602,11,20.0,62.222222222222214,15,45
terminalbench,0.3,primary,3000,TB-15,TRC+SS,48.88888888888888,-6.666666666666668,-22.222222222222225,6.666666666666666,0.28751147942913274,0.1678789139728714,0.5609266581263399,0.875662460721503,0.48242251175675116,1.54684741124091,1.5264909180048056,0.97033833164821,2.623378905187466,14,28.888888888888886,68.88888888888889,15,45
terminalbench,0.3,primary,3000,TB-15,OTRC+TR,37.77777777777777,-17.777777777777775,-40.0,2.222222222222222,0.5295441180867712,0.3054760438985108,1.3716668061759925,0.9003747524672707,0.504042118178236,1.7862618023492898,1.7069909035255701,1.131096136939462,2.5931478631918115,12,13.333333333333334,62.222222222222214,15,45
terminalbench,0.3,primary,3000,TB-15,OTRC+SU-p,31.111111111111107,-24.444444444444443,-42.22222222222222,-6.666666666666667,0.2901818183930305,0.16756217552753006,0.6609436626502534,0.7871077391084599,0.46378377099505125,1.4694928688418414,1.3245659032653339,0.9370855557214246,2.1576273296828767,13,13.333333333333334,51.11111111111111,15,45
terminalbench,0.3,primary,3000,TB-15,OTRC+SS-p,48.88888888888889,-6.666666666666667,-20.0,4.444444444444444,0.34482922281946826,0.21018111721545332,0.774234375629676,0.883041659897385,0.5106401682233187,1.8083976018958552,1.4643118267645792,0.9647350193509041,2.6397608113580984,11,28.888888888888886,68.88888888888889,15,45
terminalbench,0.3,primary,3000,TB-15,OTRC,53.333333333333336,-2.2222222222222223,-15.555555555555554,8.88888888888889,0.6101845751225167,0.39474575936564305,0.886147030635641,1.3570083515568903,0.981446349552241,1.8461662263310126,1.1705934858209779,1.0691855471752898,1.3172927438285171,13,31.111111111111107,75.55555555555554,15,45
terminalbench,0.7,primary,3000,TB-15,FC,55.55555555555556,0.0,0.0,0.0,1.0,1.0,1.0,1.0,1.0,1.0,1.0,1.0,1.0,14,33.33333333333333,77.77777777777776,15,45
terminalbench,0.7,primary,3000,TB-15,TR,33.33333333333333,-22.22222222222222,-42.22222222222222,-2.2222222222222223,0.4351980809256711,0.2670272435735519,0.7886748174964846,0.9063484986756829,0.43990445706027104,1.5759768558712153,1.226195506861103,0.782963374367454,1.9496280023490848,12,13.333333333333334,55.55555555555556,15,45
terminalbench,0.7,primary,3000,TB-15,TRC,42.22222222222222,-13.333333333333334,-31.111111111111107,0.0,0.48829509767781665,0.2910297327594437,1.0068711692030987,1.169067113336412,0.5256614560425702,2.3168327907076116,1.256158104298863,0.8572259854100501,1.8739718596208934,13,20.0,64.44444444444444,15,45
terminalbench,0.7,primary,3000,TB-15,SU,33.33333333333333,-22.22222222222222,-42.22222222222221,-4.4444444444444455,0.29127430861905024,0.14260178511303884,0.7194488802401237,0.8612301708557885,0.44035668678878886,1.797397633911856,1.4257991271431467,0.8360337387250235,2.586436912283513,13,15.555555555555554,53.333333333333336,15,45
terminalbench,0.7,primary,3000,TB-15,SU-p,40.0,-15.555555555555554,-37.777777777777786,6.666666666666668,0.5974100242735045,0.4560676554818543,0.8826747423717182,1.4297910375063743,1.0060848716032529,1.9306592653810934,1.7641052389353375,1.3953682909276424,2.4022378372292126,10,17.777777777777775,62.22222222222222,15,45
terminalbench,0.7,primary,3000,TB-15,SS,40.0,-15.555555555555554,-33.333333333333336,2.222222222222222,0.23191454257810484,0.13449787295481547,0.578291415669346,0.7454790914128387,0.43483967705287785,1.5341997622781474,1.2550603515835088,0.7692495594194296,2.0349268867713466,12,20.0,62.222222222222214,15,45
terminalbench,0.7,primary,3000,TB-15,SS-p,42.22222222222222,-13.333333333333334,-28.88888888888889,9.473903143468002e-16,0.27477991097011434,0.1734495014733736,0.5647317373223194,0.8394519676186222,0.5550652635196524,1.4666540593988286,1.501787043706156,1.0099144079599705,2.4309265465862935,14,20.0,64.44444444444444,15,45
terminalbench,0.7,primary,3000,TB-15,TRC+SU,40.0,-15.555555555555554,-33.333333333333336,2.2222222222222245,0.29524693031952304,0.10410276485966588,0.8993406320284288,0.8765806731257378,0.28963625354733974,2.173201274652268,1.3541601780679133,0.5906304705747795,2.956729669431602,11,20.0,62.222222222222214,15,45
terminalbench,0.7,primary,3000,TB-15,TRC+SS,48.88888888888888,-6.666666666666668,-22.222222222222225,6.666666666666666,0.28751147942913274,0.1678789139728714,0.5609266581263399,0.875662460721503,0.48242251175675116,1.54684741124091,1.5264909180048056,0.97033833164821,2.623378905187466,14,28.888888888888886,68.88888888888889,15,45
terminalbench,0.7,primary,3000,TB-15,OTRC+TR,37.77777777777777,-17.777777777777775,-40.0,2.222222222222222,0.5295441180867712,0.3054760438985108,1.3716668061759925,0.9003747524672707,0.504042118178236,1.7862618023492898,1.7069909035255701,1.131096136939462,2.5931478631918115,12,13.333333333333334,62.222222222222214,15,45
terminalbench,0.7,primary,3000,TB-15,OTRC+SU-p,31.111111111111107,-24.444444444444443,-42.22222222222222,-6.666666666666667,0.2901818183930305,0.16756217552753006,0.6609436626502534,0.7871077391084599,0.46378377099505125,1.4694928688418414,1.3245659032653339,0.9370855557214246,2.1576273296828767,13,13.333333333333334,51.11111111111111,15,45
terminalbench,0.7,primary,3000,TB-15,OTRC+SS-p,48.88888888888889,-6.666666666666667,-20.0,4.444444444444444,0.34482922281946826,0.21018111721545332,0.774234375629676,0.883041659897385,0.5106401682233187,1.8083976018958552,1.4643118267645792,0.9647350193509041,2.6397608113580984,11,28.888888888888886,68.88888888888889,15,45
terminalbench,0.7,primary,3000,TB-15,OTRC,53.333333333333336,-2.2222222222222223,-15.555555555555554,8.88888888888889,0.6101845751225167,0.39474575936564305,0.886147030635641,1.3570083515568903,0.981446349552241,1.8461662263310126,1.1705934858209779,1.0691855471752898,1.3172927438285171,13,31.111111111111107,75.55555555555554,15,45
terminalbench,0.3,loose,4000,TB-15,FC,55.55555555555556,0.0,0.0,0.0,1.0,1.0,1.0,1.0,1.0,1.0,1.0,1.0,1.0,14,33.33333333333333,77.77777777777776,15,45
terminalbench,0.3,loose,4000,TB-15,TR,51.11111111111111,-4.4444444444444455,-22.222222222222218,13.333333333333334,0.35227771411089404,0.23077292217893655,0.6477114332510064,0.6653242183693798,0.3962882569545144,1.0966521117365602,1.2038442836699275,0.9985238215484253,1.5643127598894557,13,28.888888888888886,73.33333333333333,15,45
terminalbench,0.3,loose,4000,TB-15,TRC,44.44444444444444,-11.11111111111111,-31.11111111111111,8.88888888888889,0.4489506353174832,0.2972505287104679,0.7346176102288614,0.9581420766892729,0.47299950794497064,1.593798602147586,1.2410325715482173,1.010819454515023,1.6096992274270585,13,22.22222222222222,68.88888888888887,15,45
terminalbench,0.3,loose,4000,TB-15,SU,37.77777777777777,-17.77777777777778,-35.55555555555555,-1.4210854715202005e-15,0.20578230439568976,0.10621247601066508,0.571807550788876,0.5387606992466343,0.2801458026067325,1.2454898668150485,1.0842779941754326,0.627598696458233,1.8721296834762076,13,17.777777777777775,57.777777777777786,15,45
terminalbench,0.3,loose,4000,TB-15,SU-p,51.11111111111111,-4.444444444444444,-17.777777777777775,8.888888888888891,0.4035925458762885,0.2836790800502329,0.6804556420348019,0.9955212202984624,0.6710297313222495,1.6106815934240784,1.4594207920492441,1.0574363706249057,2.2084845571714955,14,28.888888888888886,73.33333333333333,15,45
terminalbench,0.3,loose,4000,TB-15,SS,51.11111111111112,-4.444444444444445,-17.77777777777778,8.88888888888889,0.2719015473142466,0.1476777277781933,0.6869377543962805,0.6970128156824597,0.38534187395394803,1.5094034249824402,1.2555784162229602,0.7736074762507092,2.0602495626157666,13,28.888888888888886,73.33333333333331,15,45
terminalbench,0.3,loose,4000,TB-15,SS-p,57.77777777777777,2.2222222222222228,-8.888888888888888,13.333333333333337,0.316203789878371,0.19128195534052678,0.6239775353537383,0.7982088618348548,0.48221833112694507,1.428892403529994,1.3047431559706326,0.9450123264054126,1.9444165766023127,14,35.55555555555555,80.0,15,45
terminalbench,0.3,loose,4000,TB-15,TRC+SU,48.888888888888886,-6.666666666666667,-20.0,8.88888888888889,0.3932079470973047,0.28670717071492957,0.6766175555858186,1.021396510027796,0.8007644622874861,1.4780605524243278,1.4118984217704746,1.1024688832687002,2.05788146604394,12,26.666666666666668,71.1111111111111,15,45
terminalbench,0.3,loose,4000,TB-15,TRC+SS,53.333333333333336,-2.2222222222222223,-13.333333333333334,8.888888888888888,0.2652974593224526,0.17574792449501042,0.5392661255072704,0.6525674052574558,0.4549824355245205,1.114362819096601,1.1330719599072736,0.9265946283054665,1.5141577747263213,14,33.33333333333333,73.33333333333333,15,45
terminalbench,0.3,loose,4000,TB-15,OTRC+TR,37.77777777777777,-17.777777777777775,-35.55555555555556,-2.222222222222221,0.49671255279684307,0.3136014279650471,1.0072370363294803,0.8902167259078964,0.5225163038095538,1.5359391199475316,1.4553285447060633,1.0465392044931687,2.096324622796564,13,15.555555555555555,62.222222222222214,15,45
terminalbench,0.3,loose,4000,TB-15,OTRC+SU-p,46.666666666666664,-8.888888888888888,-26.666666666666668,6.666666666666667,0.42614251453391283,0.22805793044469003,0.9067862850949272,1.1570088756520966,0.4683797061586876,2.7519325846070406,1.4386966002322044,0.892490572951848,2.617939055344285,13,24.444444444444443,68.88888888888887,15,44
terminalbench,0.3,loose,4000,TB-15,OTRC+SS-p,51.11111111111112,-4.444444444444444,-20.0,11.111111111111112,0.344250400503457,0.24859095757284563,0.5832614566922901,0.913394643135761,0.6384980424403329,1.5358895248568232,1.3138917302698874,1.0196737560859686,1.8772793734440043,14,26.666666666666668,75.55555555555554,15,45
terminalbench,0.3,loose,4000,TB-15,OTRC,53.333333333333336,-2.2222222222222223,-15.555555555555554,8.88888888888889,0.6101845751225167,0.39474575936564305,0.886147030635641,1.3570083515568903,0.981446349552241,1.8461662263310126,1.1705934858209779,1.0691855471752898,1.3172927438285171,13,31.111111111111107,75.55555555555554,15,45
terminalbench,0.5,loose,4000,TB-15,FC,55.55555555555556,0.0,0.0,0.0,1.0,1.0,1.0,1.0,1.0,1.0,1.0,1.0,1.0,14,33.33333333333333,77.77777777777776,15,45
terminalbench,0.5,loose,4000,TB-15,TR,35.55555555555555,-20.0,-39.99999999999999,-2.2222222222222228,0.480010496676923,0.3094286989296699,0.8718511819022504,1.026297889052062,0.5261618618034735,1.8171634705781545,1.4057124366452847,1.129825219677815,1.9035436627363111,13,15.555555555555554,55.61111111111032,15,45
terminalbench,0.5,loose,4000,TB-15,TRC,44.44444444444444,-11.11111111111111,-33.33333333333333,8.88888888888889,0.4489506353174832,0.29674279132042863,0.733448647123494,0.9581420766892729,0.4790222480195561,1.6013090015619922,1.2410325715482173,1.0047003917983677,1.6153411465611804,13,22.22222222222222,68.88888888888887,15,45
terminalbench,0.5,loose,4000,TB-15,SU,37.777777777777786,-17.777777777777775,-31.111111111111107,-4.444444444444444,0.24329086859825524,0.11431803623953496,0.5533245197478891,0.6544247377751996,0.31450354232834077,1.306725150372125,1.0524824927216931,0.6230772485152124,1.8320739310162006,14,17.77777777777778,57.77777777777777,15,45
terminalbench,0.5,loose,4000,TB-15,SU-p,46.666666666666664,-8.88888888888889,-22.22222222222222,4.444444444444444,0.397734231416813,0.25566843874883505,0.728036230789596,1.0349190392148984,0.6078866523905131,1.8922769285268786,1.4063632979657055,0.9754027201817258,2.141020564779305,14,26.666666666666668,66.66666666666666,15,45
terminalbench,0.5,loose,4000,TB-15,SS,37.77777777777777,-17.77777777777778,-35.55555555555556,4.736951571734001e-16,0.22788015649405227,0.1518039827711485,0.4285012665132287,0.5648008944078952,0.3736082397047295,0.9057038461389711,1.2051824267478526,0.890450124482539,1.7861545540406059,14,17.777777777777775,60.0,15,45
terminalbench,0.5,loose,4000,TB-15,SS-p,53.333333333333336,-2.2222222222222223,-13.333333333333336,11.111111111111114,0.3175741918925074,0.20809555698861149,0.5617246741579462,0.8592523141329448,0.522539017773234,1.4329588709903562,1.2462579516635697,0.8952833234226688,1.8694531898085285,14,31.111111111111107,75.55555555555554,15,45
terminalbench,0.5,loose,4000,TB-15,TRC+SU,48.888888888888886,-6.666666666666667,-20.0,8.88888888888889,0.3932079470973047,0.2868533629572203,0.6761610458289038,1.021396510027796,0.801208176220198,1.4816676309641792,1.4118984217704746,1.1004276342417025,2.07370384150547,12,26.666666666666668,71.1111111111111,15,45
terminalbench,0.5,loose,4000,TB-15,TRC+SS,53.333333333333336,-2.2222222222222223,-13.333333333333334,8.888888888888888,0.2652974593224526,0.17646584114040173,0.5378576785992054,0.6525674052574558,0.4533276362831521,1.1267736257948058,1.1330719599072736,0.928594809379071,1.521287121204141,14,33.33333333333333,73.33333333333333,15,45
terminalbench,0.5,loose,4000,TB-15,OTRC+TR,37.77777777777777,-17.777777777777775,-35.55555555555555,-2.222222222222221,0.49671255279684307,0.3117610170683472,0.997226048454246,0.8902167259078964,0.5347938235149564,1.54972499842376,1.4553285447060633,1.0452846169170666,2.1099982319072583,13,15.555555555555555,62.222222222222214,15,45
terminalbench,0.5,loose,4000,TB-15,OTRC+SU-p,46.666666666666664,-8.888888888888888,-26.666666666666668,6.666666666666667,0.42614251453391283,0.22865550572215115,0.9082911187319669,1.1570088756520966,0.46397618113727185,2.7166030477458385,1.4386966002322044,0.8918053824485473,2.621307673045383,13,24.444444444444443,68.88888888888887,15,44
terminalbench,0.5,loose,4000,TB-15,OTRC+SS-p,51.11111111111112,-4.444444444444444,-20.0,11.111111111111112,0.344250400503457,0.25031108294109883,0.5874881194659204,0.913394643135761,0.6384770589865102,1.5179041003709879,1.3138917302698874,1.0184822847606805,1.8650178932685828,14,26.666666666666668,75.55555555555554,15,45
terminalbench,0.5,loose,4000,TB-15,OTRC,53.333333333333336,-2.2222222222222223,-15.555555555555554,8.88888888888889,0.6101845751225167,0.39474575936564305,0.886147030635641,1.3570083515568903,0.981446349552241,1.8461662263310126,1.1705934858209779,1.0691855471752898,1.3172927438285171,13,31.111111111111107,75.55555555555554,15,45
terminalbench,0.7,loose,4000,TB-15,FC,55.55555555555556,0.0,0.0,0.0,1.0,1.0,1.0,1.0,1.0,1.0,1.0,1.0,1.0,14,33.33333333333333,77.77777777777776,15,45
terminalbench,0.7,loose,4000,TB-15,TR,42.22222222222222,-13.333333333333334,-33.33333333333333,4.444444444444444,0.47251210158392615,0.3038358963251049,0.8566424209787975,0.9705741636203759,0.5152152051241091,1.6585598561570203,1.2311501876631994,0.9161604567008397,1.7747538628866908,13,20.0,66.66666666666666,15,45
terminalbench,0.7,loose,4000,TB-15,TRC,44.44444444444444,-11.11111111111111,-31.11111111111111,8.888888888888891,0.4489506353174832,0.297942986144517,0.7280034759015619,0.9581420766892729,0.4768472356666821,1.597512607353611,1.2410325715482173,1.0098295779697732,1.6174521094207412,13,22.22222222222222,68.88888888888887,15,45
terminalbench,0.7,loose,4000,TB-15,SU,48.888888888888886,-6.666666666666667,-20.0,6.66666666666667,0.3153943181276754,0.2062924671519866,0.6980919335832253,0.8915334849063802,0.5952805980988113,1.560138733524153,1.3523171084120527,0.9491733171286102,2.0565876698330863,13,26.666666666666668,71.1111111111111,15,45
terminalbench,0.7,loose,4000,TB-15,SU-p,46.666666666666664,-8.88888888888889,-24.444444444444446,4.4444444444444455,0.31802762989507083,0.2014603784750177,0.6887522297675817,0.8860568034551944,0.5446643715250512,1.63989876355542,1.5233648902832164,1.071202152242877,2.325964224452086,13,26.666666666666668,66.66666666666666,15,45
terminalbench,0.7,loose,4000,TB-15,SS,42.22222222222223,-13.333333333333334,-28.88888888888889,2.222222222222222,0.2689568167521751,0.152270446868698,0.5638620517573819,0.6853971873697962,0.3937983687609024,1.216686709430659,1.151766618531967,0.7644974273721892,1.835215555133036,13,22.166666666666718,64.44444444444444,15,45
terminalbench,0.7,loose,4000,TB-15,SS-p,48.888888888888886,-6.666666666666667,-22.222222222222218,6.666666666666667,0.31421137837270785,0.22761787625142021,0.6386445205769125,0.8398991816851353,0.6446824559452742,1.267023684496984,1.4266132200028723,1.2741247110782754,1.7013942291631061,13,26.666666666666668,71.1111111111111,15,45
terminalbench,0.7,loose,4000,TB-15,TRC+SU,48.888888888888886,-6.666666666666667,-20.0,8.88888888888889,0.3932079470973047,0.2862233406409148,0.6705128386147579,1.021396510027796,0.8002078200450039,1.4832407307113171,1.4118984217704746,1.1040077552484187,2.040213418361431,12,26.666666666666668,71.1111111111111,15,45
terminalbench,0.7,loose,4000,TB-15,TRC+SS,53.333333333333336,-2.2222222222222223,-13.333333333333334,8.888888888888888,0.2652974593224526,0.17612029665244977,0.5385383372798139,0.6525674052574558,0.4531019977790282,1.134794140292311,1.1330719599072736,0.9269898867946874,1.508321058428252,14,33.33333333333333,73.33333333333333,15,45
terminalbench,0.7,loose,4000,TB-15,OTRC+TR,37.77777777777777,-17.777777777777775,-35.55555555555556,-2.2222222222222214,0.49671255279684307,0.31126070391072147,1.0106432528229665,0.8902167259078964,0.5256796539978208,1.5302492443601667,1.4553285447060633,1.0397864422817007,2.110034921688855,13,15.555555555555555,62.222222222222214,15,45
terminalbench,0.7,loose,4000,TB-15,OTRC+SU-p,46.666666666666664,-8.888888888888888,-26.666666666666668,6.666666666666667,0.42614251453391283,0.22730059859429355,0.8941782273760374,1.1570088756520966,0.4653542737759309,2.7114906133368404,1.4386966002322044,0.8878119228123036,2.647037724274663,13,24.444444444444443,68.88888888888887,15,44
terminalbench,0.7,loose,4000,TB-15,OTRC+SS-p,51.11111111111112,-4.444444444444444,-20.0,11.111111111111112,0.344250400503457,0.2512032667163636,0.5818379413356859,0.913394643135761,0.6379196559747347,1.530718992316589,1.3138917302698874,1.0207992549585017,1.8688399684075707,14,26.666666666666668,75.55555555555554,15,45
terminalbench,0.7,loose,4000,TB-15,OTRC,53.333333333333336,-2.2222222222222223,-15.555555555555554,8.88888888888889,0.6101845751225167,0.39474575936564305,0.886147030635641,1.3570083515568903,0.981446349552241,1.8461662263310126,1.1705934858209779,1.0691855471752898,1.3172927438285171,13,31.111111111111107,75.55555555555554,15,45
