benchmark,model_key,policy,metric,value,rank,n_tasks
SWE-bench,qwen35b,FC,resolve,53.0,2.0,100
SWE-bench,qwen35b,TR,resolve,44.33333333333333,11.0,100
SWE-bench,qwen35b,TRC,resolve,53.666666666666664,1.0,100
SWE-bench,qwen35b,SU,resolve,42.0,13.0,100
SWE-bench,qwen35b,SU-p,resolve,48.99999999999999,7.5,100
SWE-bench,qwen35b,SS,resolve,42.99999999999999,12.0,100
SWE-bench,qwen35b,SS-p,resolve,49.666666666666664,6.0,100
SWE-bench,qwen35b,TRC+SU,resolve,52.0,3.0,100
SWE-bench,qwen35b,TRC+SS,resolve,50.66666666666666,5.0,100
SWE-bench,qwen35b,OTRC+TR,resolve,45.33333333333333,10.0,100
SWE-bench,qwen35b,OTRC+SU-p,resolve,49.0,7.5,100
SWE-bench,qwen35b,OTRC+SS-p,resolve,46.99999999999999,9.0,100
SWE-bench,qwen35b,OTRC,resolve,51.33333333333333,4.0,100
SWE-bench,qwen35b,FC,latency_ratio,1.0,11.0,91
SWE-bench,qwen35b,TR,latency_ratio,0.9473238271689116,10.0,91
SWE-bench,qwen35b,TRC,latency_ratio,0.7867366048888748,1.0,89
SWE-bench,qwen35b,SU,latency_ratio,1.0007045565778365,12.0,91
SWE-bench,qwen35b,SU-p,latency_ratio,0.9042773836334893,8.0,88
SWE-bench,qwen35b,SS,latency_ratio,1.0016619840162313,13.0,88
SWE-bench,qwen35b,SS-p,latency_ratio,0.9187313191841285,9.0,90
SWE-bench,qwen35b,TRC+SU,latency_ratio,0.882061652525376,4.0,90
SWE-bench,qwen35b,TRC+SS,latency_ratio,0.8975009637755296,7.0,90
SWE-bench,qwen35b,OTRC+TR,latency_ratio,0.8908021448638416,6.0,91
SWE-bench,qwen35b,OTRC+SU-p,latency_ratio,0.794821667755217,2.0,89
SWE-bench,qwen35b,OTRC+SS-p,latency_ratio,0.8851556909171975,5.0,88
SWE-bench,qwen35b,OTRC,latency_ratio,0.8811595442832292,3.0,89
SWE-bench,qwen35b,FC,billed_input_ratio,1.0,13.0,91
SWE-bench,qwen35b,TR,billed_input_ratio,0.8664668656074975,8.0,91
SWE-bench,qwen35b,TRC,billed_input_ratio,0.7138554599961907,1.0,89
SWE-bench,qwen35b,SU,billed_input_ratio,0.9310391875035277,11.0,91
SWE-bench,qwen35b,SU-p,billed_input_ratio,0.8305528325514027,5.0,88
SWE-bench,qwen35b,SS,billed_input_ratio,0.8481249085825175,7.0,88
SWE-bench,qwen35b,SS-p,billed_input_ratio,0.8907088155637441,10.0,90
SWE-bench,qwen35b,TRC+SU,billed_input_ratio,0.8209213764007722,4.0,90
SWE-bench,qwen35b,TRC+SS,billed_input_ratio,0.8307041329533489,6.0,90
SWE-bench,qwen35b,OTRC+TR,billed_input_ratio,0.8744931237793835,9.0,91
SWE-bench,qwen35b,OTRC+SU-p,billed_input_ratio,0.7992756986253529,3.0,89
SWE-bench,qwen35b,OTRC+SS-p,billed_input_ratio,0.7277195444992767,2.0,88
SWE-bench,qwen35b,OTRC,billed_input_ratio,0.9477829513607399,12.0,89
SWE-bench,devstral24b,FC,resolve,55.66666666666665,3.5,100
SWE-bench,devstral24b,TR,resolve,55.66666666666665,3.5,100
SWE-bench,devstral24b,TRC,resolve,53.0,7.0,100
SWE-bench,devstral24b,SU,resolve,52.66666666666667,8.0,100
SWE-bench,devstral24b,SU-p,resolve,55.33333333333332,5.0,100
SWE-bench,devstral24b,SS,resolve,47.33333333333332,9.0,100
SWE-bench,devstral24b,SS-p,resolve,55.99999999999999,2.0,100
SWE-bench,devstral24b,TRC+SU,resolve,54.333333333333336,6.0,100
SWE-bench,devstral24b,TRC+SS,resolve,56.99999999999999,1.0,100
SWE-bench,devstral24b,OTRC,resolve,38.66666666666665,11.5,100
SWE-bench,devstral24b,OTRC+TR,resolve,38.66666666666668,11.5,100
SWE-bench,devstral24b,OTRC+SU-p,resolve,38.0,13.0,100
SWE-bench,devstral24b,OTRC+SS-p,resolve,40.333333333333336,10.0,100
SWE-bench,devstral24b,FC,latency_ratio,1.0,5.0,100
SWE-bench,devstral24b,TR,latency_ratio,0.8968013621235607,1.0,100
SWE-bench,devstral24b,TRC,latency_ratio,0.9580178454341544,4.0,100
SWE-bench,devstral24b,SU,latency_ratio,1.0332971400717907,6.0,100
SWE-bench,devstral24b,SU-p,latency_ratio,1.0419467681153736,7.0,100
SWE-bench,devstral24b,SS,latency_ratio,1.1755644009099884,8.0,100
SWE-bench,devstral24b,SS-p,latency_ratio,1.195963038239117,9.0,100
SWE-bench,devstral24b,TRC+SU,latency_ratio,0.941854730316794,3.0,100
SWE-bench,devstral24b,TRC+SS,latency_ratio,0.9172374619082554,2.0,100
SWE-bench,devstral24b,OTRC,latency_ratio,1.4210259117047668,12.0,100
SWE-bench,devstral24b,OTRC+TR,latency_ratio,1.405348440233677,11.0,100
SWE-bench,devstral24b,OTRC+SU-p,latency_ratio,1.3899907207290476,10.0,100
SWE-bench,devstral24b,OTRC+SS-p,latency_ratio,1.4469756451103262,13.0,100
SWE-bench,devstral24b,FC,billed_input_ratio,1.0,13.0,100
SWE-bench,devstral24b,TR,billed_input_ratio,0.8944179048021856,8.0,100
SWE-bench,devstral24b,TRC,billed_input_ratio,0.8757596425480019,5.0,100
SWE-bench,devstral24b,SU,billed_input_ratio,0.8460761670009237,1.0,100
SWE-bench,devstral24b,SU-p,billed_input_ratio,0.8677066006055861,4.0,100
SWE-bench,devstral24b,SS,billed_input_ratio,0.9919691155893688,12.0,100
SWE-bench,devstral24b,SS-p,billed_input_ratio,0.8831278849429384,6.0,100
SWE-bench,devstral24b,TRC+SU,billed_input_ratio,0.9191352581535164,11.0,100
SWE-bench,devstral24b,TRC+SS,billed_input_ratio,0.8905022536129515,7.0,100
SWE-bench,devstral24b,OTRC,billed_input_ratio,0.9050462691685182,10.0,100
SWE-bench,devstral24b,OTRC+TR,billed_input_ratio,0.8957818190988573,9.0,100
SWE-bench,devstral24b,OTRC+SU-p,billed_input_ratio,0.8615404628945449,3.0,100
SWE-bench,devstral24b,OTRC+SS-p,billed_input_ratio,0.849699388985975,2.0,100
SWE-bench,glm47flash,FC,resolve,40.99999999999999,3.0,100
SWE-bench,glm47flash,TR,resolve,38.33333333333333,6.0,100
SWE-bench,glm47flash,TRC,resolve,38.66666666666668,4.5,100
SWE-bench,glm47flash,SU,resolve,28.33333333333332,13.0,100
SWE-bench,glm47flash,SU-p,resolve,41.33333333333334,1.5,100
SWE-bench,glm47flash,SS,resolve,29.00000000000001,12.0,100
SWE-bench,glm47flash,SS-p,resolve,37.0,7.0,100
SWE-bench,glm47flash,TRC+SU,resolve,36.33333333333333,8.5,100
SWE-bench,glm47flash,TRC+SS,resolve,38.66666666666666,4.5,100
SWE-bench,glm47flash,OTRC,resolve,41.333333333333336,1.5,100
SWE-bench,glm47flash,OTRC+TR,resolve,36.33333333333333,8.5,100
SWE-bench,glm47flash,OTRC+SU-p,resolve,35.66666666666667,10.0,100
SWE-bench,glm47flash,OTRC+SS-p,resolve,33.66666666666666,11.0,100
SWE-bench,glm47flash,FC,latency_ratio,1.0,5.0,96
SWE-bench,glm47flash,TR,latency_ratio,1.0355726834260066,7.0,95
SWE-bench,glm47flash,TRC,latency_ratio,0.9575992781922084,2.0,96
SWE-bench,glm47flash,SU,latency_ratio,1.2639039873561744,12.0,76
SWE-bench,glm47flash,SU-p,latency_ratio,1.2388727578993537,10.0,94
SWE-bench,glm47flash,SS,latency_ratio,1.2556464908647458,11.0,72
SWE-bench,glm47flash,SS-p,latency_ratio,1.3146674277981278,13.0,91
SWE-bench,glm47flash,TRC+SU,latency_ratio,0.9755357707987332,4.0,90
SWE-bench,glm47flash,TRC+SS,latency_ratio,1.0132885698936618,6.0,92
SWE-bench,glm47flash,OTRC,latency_ratio,0.9434607593297212,1.0,96
SWE-bench,glm47flash,OTRC+TR,latency_ratio,0.966993653992885,3.0,96
SWE-bench,glm47flash,OTRC+SU-p,latency_ratio,1.0587765021240445,8.0,95
SWE-bench,glm47flash,OTRC+SS-p,latency_ratio,1.1741138974423797,9.0,94
SWE-bench,glm47flash,FC,billed_input_ratio,1.0,13.0,96
SWE-bench,glm47flash,TR,billed_input_ratio,0.780804924945151,7.0,95
SWE-bench,glm47flash,TRC,billed_input_ratio,0.70045886340136,3.0,96
SWE-bench,glm47flash,SU,billed_input_ratio,0.6352491416778608,1.0,76
SWE-bench,glm47flash,SU-p,billed_input_ratio,0.791064795876451,9.0,94
SWE-bench,glm47flash,SS,billed_input_ratio,0.6549087193305944,2.0,72
SWE-bench,glm47flash,SS-p,billed_input_ratio,0.865989943987536,12.0,91
SWE-bench,glm47flash,TRC+SU,billed_input_ratio,0.7633930210131786,5.0,90
SWE-bench,glm47flash,TRC+SS,billed_input_ratio,0.7671734388502243,6.0,92
SWE-bench,glm47flash,OTRC,billed_input_ratio,0.7817494047428413,8.0,96
SWE-bench,glm47flash,OTRC+TR,billed_input_ratio,0.718759623932578,4.0,96
SWE-bench,glm47flash,OTRC+SU-p,billed_input_ratio,0.7978584201097718,10.0,95
SWE-bench,glm47flash,OTRC+SS-p,billed_input_ratio,0.8323373728107181,11.0,94
Terminal-Bench,qwen35b,FC,resolve,40.83333333333332,2.0,40
Terminal-Bench,qwen35b,TR,resolve,39.16666666666667,3.0,40
Terminal-Bench,qwen35b,TRC,resolve,33.333333333333336,5.5,40
Terminal-Bench,qwen35b,SU,resolve,27.500000000000007,11.0,40
Terminal-Bench,qwen35b,SU-p,resolve,33.333333333333336,5.5,40
Terminal-Bench,qwen35b,SS,resolve,28.33333333333333,9.5,40
Terminal-Bench,qwen35b,SS-p,resolve,28.33333333333333,9.5,40
Terminal-Bench,qwen35b,TRC+SU,resolve,26.66666666666667,12.0,40
Terminal-Bench,qwen35b,TRC+SS,resolve,35.00000000000001,4.0,40
Terminal-Bench,qwen35b,OTRC,resolve,41.66666666666666,1.0,40
Terminal-Bench,qwen35b,OTRC+TR,resolve,30.0,7.0,40
Terminal-Bench,qwen35b,OTRC+SU-p,resolve,25.833333333333336,13.0,40
Terminal-Bench,qwen35b,OTRC+SS-p,resolve,29.166666666666664,8.0,40
Terminal-Bench,qwen35b,FC,latency_ratio,1.0,1.0,34
Terminal-Bench,qwen35b,TR,latency_ratio,1.3014225371358754,4.0,33
Terminal-Bench,qwen35b,TRC,latency_ratio,1.2502987482048311,3.0,33
Terminal-Bench,qwen35b,SU,latency_ratio,2.347749166006983,13.0,25
Terminal-Bench,qwen35b,SU-p,latency_ratio,1.3815519298724306,5.0,30
Terminal-Bench,qwen35b,SS,latency_ratio,1.9010350306139832,12.0,28
Terminal-Bench,qwen35b,SS-p,latency_ratio,1.6610003785382277,9.0,30
Terminal-Bench,qwen35b,TRC+SU,latency_ratio,1.737204255386318,10.0,27
Terminal-Bench,qwen35b,TRC+SS,latency_ratio,1.6059394845234445,8.0,32
Terminal-Bench,qwen35b,OTRC,latency_ratio,1.1462394057804115,2.0,32
Terminal-Bench,qwen35b,OTRC+TR,latency_ratio,1.4830859855107967,6.0,32
Terminal-Bench,qwen35b,OTRC+SU-p,latency_ratio,1.5345543673849698,7.0,29
Terminal-Bench,qwen35b,OTRC+SS-p,latency_ratio,1.8275883292106208,11.0,28
Terminal-Bench,qwen35b,FC,billed_input_ratio,1.0,6.0,34
Terminal-Bench,qwen35b,TR,billed_input_ratio,0.9629958172516128,4.0,33
Terminal-Bench,qwen35b,TRC,billed_input_ratio,1.0375667452805954,7.0,33
Terminal-Bench,qwen35b,SU,billed_input_ratio,1.317288658443564,13.0,25
Terminal-Bench,qwen35b,SU-p,billed_input_ratio,0.982204992140179,5.0,30
Terminal-Bench,qwen35b,SS,billed_input_ratio,1.0398744541936262,9.0,28
Terminal-Bench,qwen35b,SS-p,billed_input_ratio,1.0583458725223922,11.0,30
Terminal-Bench,qwen35b,TRC+SU,billed_input_ratio,1.0384409520313824,8.0,27
Terminal-Bench,qwen35b,TRC+SS,billed_input_ratio,0.8241738048249656,2.0,32
Terminal-Bench,qwen35b,OTRC,billed_input_ratio,1.2660098211961923,12.0,32
Terminal-Bench,qwen35b,OTRC+TR,billed_input_ratio,0.7687628612167512,1.0,32
Terminal-Bench,qwen35b,OTRC+SU-p,billed_input_ratio,0.9522514594035884,3.0,29
Terminal-Bench,qwen35b,OTRC+SS-p,billed_input_ratio,1.0532118952146323,10.0,28
Terminal-Bench,devstral24b,FC,resolve,33.333333333333336,1.0,40
Terminal-Bench,devstral24b,TR,resolve,27.500000000000004,5.0,40
Terminal-Bench,devstral24b,TRC,resolve,28.33333333333333,4.0,40
Terminal-Bench,devstral24b,SU,resolve,29.999999999999996,2.0,40
Terminal-Bench,devstral24b,SU-p,resolve,24.999999999999996,7.0,40
Terminal-Bench,devstral24b,SS,resolve,20.83333333333333,9.5,40
Terminal-Bench,devstral24b,SS-p,resolve,25.833333333333336,6.0,40
Terminal-Bench,devstral24b,TRC+SU,resolve,17.5,13.0,40
Terminal-Bench,devstral24b,TRC+SS,resolve,19.166666666666668,11.0,40
Terminal-Bench,devstral24b,OTRC,resolve,29.166666666666668,3.0,40
Terminal-Bench,devstral24b,OTRC+TR,resolve,20.833333333333336,9.5,40
Terminal-Bench,devstral24b,OTRC+SU-p,resolve,18.33333333333333,12.0,40
Terminal-Bench,devstral24b,OTRC+SS-p,resolve,21.66666666666666,8.0,40
Terminal-Bench,devstral24b,FC,latency_ratio,1.0,1.0,38
Terminal-Bench,devstral24b,TR,latency_ratio,1.0703782957382877,3.0,35
Terminal-Bench,devstral24b,TRC,latency_ratio,1.0600810820844595,2.0,34
Terminal-Bench,devstral24b,SU,latency_ratio,1.3348954455754078,6.0,32
Terminal-Bench,devstral24b,SU-p,latency_ratio,1.4688774316047095,10.0,33
Terminal-Bench,devstral24b,SS,latency_ratio,1.7059667914939616,13.0,30
Terminal-Bench,devstral24b,SS-p,latency_ratio,1.5635547971020565,12.0,37
Terminal-Bench,devstral24b,TRC+SU,latency_ratio,1.4140819119250965,8.0,31
Terminal-Bench,devstral24b,TRC+SS,latency_ratio,1.5506755682215758,11.0,28
Terminal-Bench,devstral24b,OTRC,latency_ratio,1.1788769195145825,4.0,35
Terminal-Bench,devstral24b,OTRC+TR,latency_ratio,1.1911135764629626,5.0,36
Terminal-Bench,devstral24b,OTRC+SU-p,latency_ratio,1.4171245830840455,9.0,31
Terminal-Bench,devstral24b,OTRC+SS-p,latency_ratio,1.3836087606240886,7.0,31
Terminal-Bench,devstral24b,FC,billed_input_ratio,1.0,4.0,38
Terminal-Bench,devstral24b,TR,billed_input_ratio,0.9974942366300448,3.0,35
Terminal-Bench,devstral24b,TRC,billed_input_ratio,0.9803394581559112,2.0,34
Terminal-Bench,devstral24b,SU,billed_input_ratio,0.9163665186027592,1.0,32
Terminal-Bench,devstral24b,SU-p,billed_input_ratio,1.0214702312565402,5.0,33
Terminal-Bench,devstral24b,SS,billed_input_ratio,1.292126108344077,11.0,30
Terminal-Bench,devstral24b,SS-p,billed_input_ratio,1.1153276830228118,9.0,37
Terminal-Bench,devstral24b,TRC+SU,billed_input_ratio,1.0359264251054294,7.0,31
Terminal-Bench,devstral24b,TRC+SS,billed_input_ratio,1.4370719436592936,13.0,28
Terminal-Bench,devstral24b,OTRC,billed_input_ratio,1.162167899466653,10.0,35
Terminal-Bench,devstral24b,OTRC+TR,billed_input_ratio,1.0238370475029592,6.0,36
Terminal-Bench,devstral24b,OTRC+SU-p,billed_input_ratio,1.1139411418470682,8.0,31
Terminal-Bench,devstral24b,OTRC+SS-p,billed_input_ratio,1.378178340746252,12.0,31
Terminal-Bench,glm47flash,FC,resolve,32.49999999999999,1.0,40
Terminal-Bench,glm47flash,TR,resolve,18.33333333333333,4.0,40
Terminal-Bench,glm47flash,TRC,resolve,24.16666666666667,3.0,40
Terminal-Bench,glm47flash,SU,resolve,10.0,13.0,40
Terminal-Bench,glm47flash,SU-p,resolve,16.666666666666664,6.0,40
Terminal-Bench,glm47flash,SS,resolve,11.666666666666666,10.0,40
Terminal-Bench,glm47flash,SS-p,resolve,12.499999999999996,9.0,40
Terminal-Bench,glm47flash,TRC+SU,resolve,10.833333333333336,11.5,40
Terminal-Bench,glm47flash,TRC+SS,resolve,16.666666666666668,6.0,40
Terminal-Bench,glm47flash,OTRC,resolve,27.500000000000004,2.0,40
Terminal-Bench,glm47flash,OTRC+TR,resolve,16.666666666666664,6.0,40
Terminal-Bench,glm47flash,OTRC+SU-p,resolve,10.833333333333336,11.5,40
Terminal-Bench,glm47flash,OTRC+SS-p,resolve,15.0,8.0,40
Terminal-Bench,glm47flash,FC,latency_ratio,1.0,1.0,33
Terminal-Bench,glm47flash,TR,latency_ratio,1.4000248512012805,8.0,31
Terminal-Bench,glm47flash,TRC,latency_ratio,1.299338458726201,4.0,31
Terminal-Bench,glm47flash,SU,latency_ratio,1.343838811808486,6.0,31
Terminal-Bench,glm47flash,SU-p,latency_ratio,1.2393478700790834,3.0,24
Terminal-Bench,glm47flash,SS,latency_ratio,1.4217471283162328,9.0,30
Terminal-Bench,glm47flash,SS-p,latency_ratio,1.581075214132262,12.0,26
Terminal-Bench,glm47flash,TRC+SU,latency_ratio,1.3971664671581163,7.0,28
Terminal-Bench,glm47flash,TRC+SS,latency_ratio,1.3037510455618109,5.0,31
Terminal-Bench,glm47flash,OTRC,latency_ratio,1.1458755958793794,2.0,32
Terminal-Bench,glm47flash,OTRC+TR,latency_ratio,1.4400173736874555,11.0,30
Terminal-Bench,glm47flash,OTRC+SU-p,latency_ratio,1.7873052384559909,13.0,23
Terminal-Bench,glm47flash,OTRC+SS-p,latency_ratio,1.437846709920172,10.0,25
Terminal-Bench,glm47flash,FC,billed_input_ratio,1.0,12.0,33
Terminal-Bench,glm47flash,TR,billed_input_ratio,0.8110935096834131,11.0,31
Terminal-Bench,glm47flash,TRC,billed_input_ratio,0.7550196279929271,10.0,31
Terminal-Bench,glm47flash,SU,billed_input_ratio,0.4143726393222768,1.0,31
Terminal-Bench,glm47flash,SU-p,billed_input_ratio,0.4518607919644066,2.0,24
Terminal-Bench,glm47flash,SS,billed_input_ratio,0.4963742924463957,3.0,30
Terminal-Bench,glm47flash,SS-p,billed_input_ratio,0.5797238058438309,6.0,26
Terminal-Bench,glm47flash,TRC+SU,billed_input_ratio,0.5889423148503208,7.0,28
Terminal-Bench,glm47flash,TRC+SS,billed_input_ratio,0.5109990143278489,4.0,31
Terminal-Bench,glm47flash,OTRC,billed_input_ratio,1.1942150707705732,13.0,32
Terminal-Bench,glm47flash,OTRC+TR,billed_input_ratio,0.6698776304928818,8.0,30
Terminal-Bench,glm47flash,OTRC+SU-p,billed_input_ratio,0.7413014848374792,9.0,23
Terminal-Bench,glm47flash,OTRC+SS-p,billed_input_ratio,0.5485170547513365,5.0,25
